#second,topic,type(opt),value
# H25 Profile data - Power in kW (converted from kWh per 15min)
-1,h25_load,d,0.389052
0,h25_load,0.389052
900,h25_load,0.369505
1800,h25_load,0.355421
2700,h25_load,0.342614
3600,h25_load,0.330261
4500,h25_load,0.319302
5400,h25_load,0.308680
6300,h25_load,0.296932
7200,h25_load,0.293419
8100,h25_load,0.285873
9000,h25_load,0.280310
9900,h25_load,0.275015
10800,h25_load,0.273503
11700,h25_load,0.269822
12600,h25_load,0.266158
13500,h25_load,0.262746
14400,h25_load,0.261973
15300,h25_load,0.258998
16200,h25_load,0.259687
17100,h25_load,0.264057
18000,h25_load,0.264444
18900,h25_load,0.260309
19800,h25_load,0.261956
20700,h25_load,0.266040
21600,h25_load,0.276965
22500,h25_load,0.287335
23400,h25_load,0.297907
24300,h25_load,0.307873
25200,h25_load,0.328143
26100,h25_load,0.344160
27000,h25_load,0.366514
27900,h25_load,0.392918
28800,h25_load,0.417574
29700,h25_load,0.445558
30600,h25_load,0.465743
31500,h25_load,0.489038
32400,h25_load,0.511122
33300,h25_load,0.534988
34200,h25_load,0.555560
35100,h25_load,0.573763
36000,h25_load,0.592788
36900,h25_load,0.611965
37800,h25_load,0.630419
38700,h25_load,0.649412
39600,h25_load,0.676135
40500,h25_load,0.705161
41400,h25_load,0.724422
42300,h25_load,0.727195
43200,h25_load,0.712825
44100,h25_load,0.699665
45000,h25_load,0.687900
45900,h25_load,0.676219
46800,h25_load,0.660269
47700,h25_load,0.646302
48600,h25_load,0.637260
49500,h25_load,0.626167
50400,h25_load,0.615478
51300,h25_load,0.609226
52200,h25_load,0.604637
53100,h25_load,0.600721
54000,h25_load,0.599360
54900,h25_load,0.597242
55800,h25_load,0.595696
56700,h25_load,0.596822
57600,h25_load,0.604570
58500,h25_load,0.615159
59400,h25_load,0.634369
60300,h25_load,0.658504
61200,h25_load,0.689917
62100,h25_load,0.718422
63000,h25_load,0.736557
63900,h25_load,0.752490
64800,h25_load,0.763465
65700,h25_load,0.763179
66600,h25_load,0.756255
67500,h25_load,0.748187
68400,h25_load,0.737968
69300,h25_load,0.723195
70200,h25_load,0.707648
71100,h25_load,0.693866
72000,h25_load,0.677765
72900,h25_load,0.651781
73800,h25_load,0.623831
74700,h25_load,0.602805
75600,h25_load,0.586939
76500,h25_load,0.567611
77400,h25_load,0.549964
78300,h25_load,0.546468
79200,h25_load,0.537022
80100,h25_load,0.507879
81000,h25_load,0.482769
81900,h25_load,0.458667
82800,h25_load,0.436078
83700,h25_load,0.411523
84600,h25_load,0.388128
85500,h25_load,0.364211
86400,h25_load,0.338776
87300,h25_load,0.318391
88200,h25_load,0.302299
89100,h25_load,0.289557
90000,h25_load,0.279626
90900,h25_load,0.270620
91800,h25_load,0.265890
92700,h25_load,0.257541
93600,h25_load,0.257322
94500,h25_load,0.254898
95400,h25_load,0.252912
96300,h25_load,0.251380
97200,h25_load,0.252794
98100,h25_load,0.251448
99000,h25_load,0.251532
99900,h25_load,0.251784
100800,h25_load,0.256127
101700,h25_load,0.258686
102600,h25_load,0.263837
103500,h25_load,0.273044
104400,h25_load,0.283127
105300,h25_load,0.288850
106200,h25_load,0.303646
107100,h25_load,0.321320
108000,h25_load,0.353000
108900,h25_load,0.380572
109800,h25_load,0.400889
110700,h25_load,0.413631
111600,h25_load,0.421526
112500,h25_load,0.424875
113400,h25_load,0.422132
114300,h25_load,0.414591
115200,h25_load,0.403582
116100,h25_load,0.401427
117000,h25_load,0.391159
117900,h25_load,0.386211
118800,h25_load,0.381649
119700,h25_load,0.383231
120600,h25_load,0.381800
121500,h25_load,0.381396
122400,h25_load,0.379713
123300,h25_load,0.381935
124200,h25_load,0.386547
125100,h25_load,0.394223
126000,h25_load,0.405013
126900,h25_load,0.418513
127800,h25_load,0.430514
128700,h25_load,0.437618
129600,h25_load,0.440580
130500,h25_load,0.441506
131400,h25_load,0.442920
132300,h25_load,0.441944
133200,h25_load,0.439974
134100,h25_load,0.437752
135000,h25_load,0.439234
135900,h25_load,0.434638
136800,h25_load,0.428478
137700,h25_load,0.428276
138600,h25_load,0.426054
139500,h25_load,0.427686
140400,h25_load,0.435261
141300,h25_load,0.437231
142200,h25_load,0.442449
143100,h25_load,0.452212
144000,h25_load,0.472411
144900,h25_load,0.491483
145800,h25_load,0.513550
146700,h25_load,0.541274
147600,h25_load,0.585258
148500,h25_load,0.619092
149400,h25_load,0.646075
150300,h25_load,0.671610
151200,h25_load,0.689469
152100,h25_load,0.699266
153000,h25_load,0.705595
153900,h25_load,0.708995
154800,h25_load,0.706252
155700,h25_load,0.699283
156600,h25_load,0.690261
157500,h25_load,0.679740
158400,h25_load,0.665432
159300,h25_load,0.645014
160200,h25_load,0.620522
161100,h25_load,0.601703
162000,h25_load,0.587530
162900,h25_load,0.571960
163800,h25_load,0.553915
164700,h25_load,0.547721
165600,h25_load,0.539793
166500,h25_load,0.512305
167400,h25_load,0.486382
168300,h25_load,0.461015
169200,h25_load,0.437752
170100,h25_load,0.412015
171000,h25_load,0.389089
171900,h25_load,0.366348
172800,h25_load,0.339254
173700,h25_load,0.318841
174600,h25_load,0.302726
175500,h25_load,0.289965
176400,h25_load,0.280020
177300,h25_load,0.271002
178200,h25_load,0.266265
179100,h25_load,0.257904
180000,h25_load,0.257685
180900,h25_load,0.255258
181800,h25_load,0.253269
182700,h25_load,0.251735
183600,h25_load,0.253151
184500,h25_load,0.251802
185400,h25_load,0.251887
186300,h25_load,0.252140
187200,h25_load,0.256488
188100,h25_load,0.259051
189000,h25_load,0.264209
189900,h25_load,0.273429
190800,h25_load,0.283526
191700,h25_load,0.289258
192600,h25_load,0.304074
193500,h25_load,0.321774
194400,h25_load,0.353498
195300,h25_load,0.381109
196200,h25_load,0.401454
197100,h25_load,0.414215
198000,h25_load,0.422120
198900,h25_load,0.425475
199800,h25_load,0.422727
200700,h25_load,0.415176
201600,h25_load,0.404151
202500,h25_load,0.401994
203400,h25_load,0.391711
204300,h25_load,0.386756
205200,h25_load,0.382187
206100,h25_load,0.383772
207000,h25_load,0.382339
207900,h25_load,0.381935
208800,h25_load,0.380249
209700,h25_load,0.382474
210600,h25_load,0.387093
211500,h25_load,0.394779
212400,h25_load,0.405584
213300,h25_load,0.419103
214200,h25_load,0.431122
215100,h25_load,0.438235
216000,h25_load,0.441202
216900,h25_load,0.442129
217800,h25_load,0.443545
218700,h25_load,0.442567
219600,h25_load,0.440595
220500,h25_load,0.438370
221400,h25_load,0.439853
222300,h25_load,0.435252
223200,h25_load,0.429082
224100,h25_load,0.428880
225000,h25_load,0.426655
225900,h25_load,0.428290
226800,h25_load,0.435875
227700,h25_load,0.437848
228600,h25_load,0.443073
229500,h25_load,0.452850
230400,h25_load,0.473078
231300,h25_load,0.492176
232200,h25_load,0.514275
233100,h25_load,0.542038
234000,h25_load,0.586084
234900,h25_load,0.619965
235800,h25_load,0.646986
236700,h25_load,0.672557
237600,h25_load,0.690442
238500,h25_load,0.700253
239400,h25_load,0.706591
240300,h25_load,0.709996
241200,h25_load,0.707248
242100,h25_load,0.700270
243000,h25_load,0.691234
243900,h25_load,0.680699
244800,h25_load,0.666371
245700,h25_load,0.645924
246600,h25_load,0.621398
247500,h25_load,0.602552
248400,h25_load,0.588359
249300,h25_load,0.572767
250200,h25_load,0.554697
251100,h25_load,0.548494
252000,h25_load,0.540554
252900,h25_load,0.513028
253800,h25_load,0.487069
254700,h25_load,0.461666
255600,h25_load,0.438370
256500,h25_load,0.412597
257400,h25_load,0.389638
258300,h25_load,0.366865
259200,h25_load,0.373891
260100,h25_load,0.351223
261000,h25_load,0.333467
261900,h25_load,0.318817
262800,h25_load,0.307474
263700,h25_load,0.295879
264600,h25_load,0.286731
265500,h25_load,0.276789
266400,h25_load,0.273414
267300,h25_load,0.268249
268200,h25_load,0.264316
269100,h25_load,0.260637
270000,h25_load,0.259894
270900,h25_load,0.256873
271800,h25_load,0.254898
272700,h25_load,0.253666
273600,h25_load,0.256383
274500,h25_load,0.254290
275400,h25_load,0.254814
276300,h25_load,0.258442
277200,h25_load,0.259354
278100,h25_load,0.256417
279000,h25_load,0.258881
279900,h25_load,0.267000
280800,h25_load,0.283659
281700,h25_load,0.297600
282600,h25_load,0.313635
283500,h25_load,0.328741
284400,h25_load,0.354700
285300,h25_load,0.377064
286200,h25_load,0.404188
287100,h25_load,0.430248
288000,h25_load,0.452966
288900,h25_load,0.477946
289800,h25_load,0.492496
290700,h25_load,0.506994
291600,h25_load,0.520429
292500,h25_load,0.535671
293400,h25_load,0.545190
294300,h25_load,0.553123
295200,h25_load,0.564600
296100,h25_load,0.576770
297000,h25_load,0.586036
297900,h25_load,0.598712
298800,h25_load,0.618392
299700,h25_load,0.634663
300600,h25_load,0.649195
301500,h25_load,0.656284
302400,h25_load,0.648030
303300,h25_load,0.641059
304200,h25_load,0.633768
305100,h25_load,0.627776
306000,h25_load,0.620434
306900,h25_load,0.612670
307800,h25_load,0.609227
308700,h25_load,0.602323
309600,h25_load,0.596230
310500,h25_load,0.596332
311400,h25_load,0.595893
312300,h25_load,0.592973
313200,h25_load,0.593412
314100,h25_load,0.593766
315000,h25_load,0.594171
315900,h25_load,0.598340
316800,h25_load,0.609581
317700,h25_load,0.622848
318600,h25_load,0.637346
319500,h25_load,0.657026
320400,h25_load,0.686040
321300,h25_load,0.710750
322200,h25_load,0.727781
323100,h25_load,0.741891
324000,h25_load,0.749723
324900,h25_load,0.750128
325800,h25_load,0.744085
326700,h25_load,0.734617
327600,h25_load,0.724557
328500,h25_load,0.709907
329400,h25_load,0.694935
330300,h25_load,0.677905
331200,h25_load,0.661330
332100,h25_load,0.637684
333000,h25_load,0.612383
333900,h25_load,0.597176
334800,h25_load,0.585546
335700,h25_load,0.570744
336600,h25_load,0.554237
337500,h25_load,0.553072
338400,h25_load,0.551553
339300,h25_load,0.529442
340200,h25_load,0.511079
341100,h25_load,0.488664
342000,h25_load,0.465068
342900,h25_load,0.443160
343800,h25_load,0.422838
344700,h25_load,0.404103
345600,h25_load,0.391168
346500,h25_load,0.371515
347400,h25_load,0.357354
348300,h25_load,0.344477
349200,h25_load,0.332057
350100,h25_load,0.321039
351000,h25_load,0.310359
351900,h25_load,0.298547
352800,h25_load,0.295015
353700,h25_load,0.287428
354600,h25_load,0.281834
355500,h25_load,0.276511
356400,h25_load,0.274990
357300,h25_load,0.271289
358200,h25_load,0.267606
359100,h25_load,0.264175
360000,h25_load,0.263398
360900,h25_load,0.260407
361800,h25_load,0.261100
362700,h25_load,0.265493
363600,h25_load,0.265882
364500,h25_load,0.261725
365400,h25_load,0.263381
366300,h25_load,0.267487
367200,h25_load,0.278471
368100,h25_load,0.288898
369000,h25_load,0.299527
369900,h25_load,0.309548
370800,h25_load,0.329927
371700,h25_load,0.346032
372600,h25_load,0.368507
373500,h25_load,0.395054
374400,h25_load,0.419845
375300,h25_load,0.447981
376200,h25_load,0.468276
377100,h25_load,0.491697
378000,h25_load,0.513902
378900,h25_load,0.537898
379800,h25_load,0.558582
380700,h25_load,0.576883
381600,h25_load,0.596012
382500,h25_load,0.615293
383400,h25_load,0.633848
384300,h25_load,0.652943
385200,h25_load,0.679812
386100,h25_load,0.708996
387000,h25_load,0.728362
387900,h25_load,0.731150
388800,h25_load,0.716702
389700,h25_load,0.703470
390600,h25_load,0.691641
391500,h25_load,0.679896
392400,h25_load,0.663860
393300,h25_load,0.649817
394200,h25_load,0.640726
395100,h25_load,0.629573
396000,h25_load,0.618825
396900,h25_load,0.612539
397800,h25_load,0.607926
398700,h25_load,0.603988
399600,h25_load,0.602619
400500,h25_load,0.600490
401400,h25_load,0.598935
402300,h25_load,0.600068
403200,h25_load,0.607858
404100,h25_load,0.618504
405000,h25_load,0.637819
405900,h25_load,0.662085
406800,h25_load,0.693669
407700,h25_load,0.722329
408600,h25_load,0.740562
409500,h25_load,0.756582
410400,h25_load,0.767617
411300,h25_load,0.767330
412200,h25_load,0.760367
413100,h25_load,0.752256
414000,h25_load,0.741982
414900,h25_load,0.727128
415800,h25_load,0.711497
416700,h25_load,0.697640
417600,h25_load,0.681451
418500,h25_load,0.655326
419400,h25_load,0.627224
420300,h25_load,0.606084
421200,h25_load,0.590131
422100,h25_load,0.570698
423000,h25_load,0.552955
423900,h25_load,0.549440
424800,h25_load,0.539943
425700,h25_load,0.510641
426600,h25_load,0.485394
427500,h25_load,0.461162
428400,h25_load,0.438450
429300,h25_load,0.413761
430200,h25_load,0.390238
431100,h25_load,0.366192
432000,h25_load,0.340470
432900,h25_load,0.319983
433800,h25_load,0.303811
434700,h25_load,0.291005
435600,h25_load,0.281024
436500,h25_load,0.271973
437400,h25_load,0.267220
438300,h25_load,0.258829
439200,h25_load,0.258609
440100,h25_load,0.256173
441000,h25_load,0.254177
441900,h25_load,0.252637
442800,h25_load,0.254058
443700,h25_load,0.252705
444600,h25_load,0.252789
445500,h25_load,0.253043
446400,h25_load,0.257408
447300,h25_load,0.259979
448200,h25_load,0.265156
449100,h25_load,0.274409
450000,h25_load,0.284542
450900,h25_load,0.290294
451800,h25_load,0.305164
452700,h25_load,0.322927
453600,h25_load,0.354765
454500,h25_load,0.382474
455400,h25_load,0.402893
456300,h25_load,0.415699
457200,h25_load,0.423633
458100,h25_load,0.427000
459000,h25_load,0.424242
459900,h25_load,0.416664
460800,h25_load,0.405600
461700,h25_load,0.403435
462600,h25_load,0.393115
463500,h25_load,0.388142
464400,h25_load,0.383557
465300,h25_load,0.385147
466200,h25_load,0.383709
467100,h25_load,0.383303
468000,h25_load,0.381612
468900,h25_load,0.383845
469800,h25_load,0.388480
470700,h25_load,0.396194
471600,h25_load,0.407038
472500,h25_load,0.420605
473400,h25_load,0.432667
474300,h25_load,0.439806
475200,h25_load,0.442783
476100,h25_load,0.443714
477000,h25_load,0.445135
477900,h25_load,0.444154
478800,h25_load,0.442174
479700,h25_load,0.439941
480600,h25_load,0.441430
481500,h25_load,0.436812
482400,h25_load,0.430620
483300,h25_load,0.430417
484200,h25_load,0.428184
485100,h25_load,0.429825
486000,h25_load,0.437438
486900,h25_load,0.439417
487800,h25_load,0.444661
488700,h25_load,0.454473
489600,h25_load,0.474773
490500,h25_load,0.493940
491400,h25_load,0.516118
492300,h25_load,0.543980
493200,h25_load,0.588184
494100,h25_load,0.622187
495000,h25_load,0.649305
495900,h25_load,0.674968
496800,h25_load,0.692917
497700,h25_load,0.702762
498600,h25_load,0.709123
499500,h25_load,0.712540
500400,h25_load,0.709783
501300,h25_load,0.702779
502200,h25_load,0.693712
503100,h25_load,0.683139
504000,h25_load,0.668759
504900,h25_load,0.648239
505800,h25_load,0.623625
506700,h25_load,0.604712
507600,h25_load,0.590468
508500,h25_load,0.574820
509400,h25_load,0.556685
510300,h25_load,0.550459
511200,h25_load,0.542492
512100,h25_load,0.514866
513000,h25_load,0.488814
513900,h25_load,0.463320
514800,h25_load,0.439941
515700,h25_load,0.414075
516600,h25_load,0.391034
517500,h25_load,0.368180
518400,h25_load,0.340804
519300,h25_load,0.320298
520200,h25_load,0.304109
521100,h25_load,0.291291
522000,h25_load,0.281300
522900,h25_load,0.272240
523800,h25_load,0.267482
524700,h25_load,0.259083
525600,h25_load,0.258863
526500,h25_load,0.256424
527400,h25_load,0.254426
528300,h25_load,0.252885
529200,h25_load,0.254308
530100,h25_load,0.252953
531000,h25_load,0.253038
531900,h25_load,0.253292
532800,h25_load,0.257661
533700,h25_load,0.260234
534600,h25_load,0.265416
535500,h25_load,0.274679
536400,h25_load,0.284822
537300,h25_load,0.290579
538200,h25_load,0.305464
539100,h25_load,0.323244
540000,h25_load,0.355113
540900,h25_load,0.382850
541800,h25_load,0.403289
542700,h25_load,0.416108
543600,h25_load,0.424049
544500,h25_load,0.427419
545400,h25_load,0.424659
546300,h25_load,0.417073
547200,h25_load,0.405998
548100,h25_load,0.403831
549000,h25_load,0.393501
549900,h25_load,0.388523
550800,h25_load,0.383934
551700,h25_load,0.385526
552600,h25_load,0.384086
553500,h25_load,0.383680
554400,h25_load,0.381986
555300,h25_load,0.384222
556200,h25_load,0.388861
557100,h25_load,0.396583
558000,h25_load,0.407438
558900,h25_load,0.421018
559800,h25_load,0.433092
560700,h25_load,0.440238
561600,h25_load,0.443218
562500,h25_load,0.444149
563400,h25_load,0.445572
564300,h25_load,0.444590
565200,h25_load,0.442608
566100,h25_load,0.440373
567000,h25_load,0.441863
567900,h25_load,0.437241
568800,h25_load,0.431043
569700,h25_load,0.430840
570600,h25_load,0.428604
571500,h25_load,0.430247
572400,h25_load,0.437867
573300,h25_load,0.439848
574200,h25_load,0.445098
575100,h25_load,0.454919
576000,h25_load,0.475239
576900,h25_load,0.494425
577800,h25_load,0.516625
578700,h25_load,0.544514
579600,h25_load,0.588762
580500,h25_load,0.622798
581400,h25_load,0.649943
582300,h25_load,0.675631
583200,h25_load,0.693597
584100,h25_load,0.703453
585000,h25_load,0.709820
585900,h25_load,0.713240
586800,h25_load,0.710480
587700,h25_load,0.703469
588600,h25_load,0.694393
589500,h25_load,0.683810
590400,h25_load,0.669416
591300,h25_load,0.648876
592200,h25_load,0.624237
593100,h25_load,0.605306
594000,h25_load,0.591048
594900,h25_load,0.575384
595800,h25_load,0.557232
596700,h25_load,0.551000
597600,h25_load,0.543024
598500,h25_load,0.515372
599400,h25_load,0.489294
600300,h25_load,0.463775
601200,h25_load,0.440373
602100,h25_load,0.414482
603000,h25_load,0.391418
603900,h25_load,0.368541
604800,h25_load,0.341104
605700,h25_load,0.320579
606600,h25_load,0.304377
607500,h25_load,0.291547
608400,h25_load,0.281547
609300,h25_load,0.272480
610200,h25_load,0.267717
611100,h25_load,0.259311
612000,h25_load,0.259090
612900,h25_load,0.256650
613800,h25_load,0.254650
614700,h25_load,0.253108
615600,h25_load,0.254531
616500,h25_load,0.253175
617400,h25_load,0.253260
618300,h25_load,0.253514
619200,h25_load,0.257887
620100,h25_load,0.260463
621000,h25_load,0.265649
621900,h25_load,0.274920
622800,h25_load,0.285072
623700,h25_load,0.290835
624600,h25_load,0.305732
625500,h25_load,0.323528
626400,h25_load,0.355425
627300,h25_load,0.383187
628200,h25_load,0.403643
629100,h25_load,0.416473
630000,h25_load,0.424422
630900,h25_load,0.427795
631800,h25_load,0.425032
632700,h25_load,0.417439
633600,h25_load,0.406355
634500,h25_load,0.404186
635400,h25_load,0.393847
636300,h25_load,0.388864
637200,h25_load,0.384271
638100,h25_load,0.385865
639000,h25_load,0.384424
639900,h25_load,0.384017
640800,h25_load,0.382322
641700,h25_load,0.384560
642600,h25_load,0.389203
643500,h25_load,0.396932
644400,h25_load,0.407796
645300,h25_load,0.421388
646200,h25_load,0.433473
647100,h25_load,0.440625
648000,h25_load,0.443608
648900,h25_load,0.444540
649800,h25_load,0.445964
650700,h25_load,0.444981
651600,h25_load,0.442998
652500,h25_load,0.440761
653400,h25_load,0.442252
654300,h25_load,0.437625
655200,h25_load,0.431422
656100,h25_load,0.431219
657000,h25_load,0.428981
657900,h25_load,0.430625
658800,h25_load,0.438252
659700,h25_load,0.440235
660600,h25_load,0.445489
661500,h25_load,0.455319
662400,h25_load,0.475657
663300,h25_load,0.494860
664200,h25_load,0.517079
665100,h25_load,0.544993
666000,h25_load,0.589279
666900,h25_load,0.623346
667800,h25_load,0.650514
668700,h25_load,0.676225
669600,h25_load,0.694207
670500,h25_load,0.704071
671400,h25_load,0.710444
672300,h25_load,0.713867
673200,h25_load,0.711105
674100,h25_load,0.704088
675000,h25_load,0.695004
675900,h25_load,0.684411
676800,h25_load,0.670005
677700,h25_load,0.649446
678600,h25_load,0.624786
679500,h25_load,0.605838
680400,h25_load,0.591568
681300,h25_load,0.575890
682200,h25_load,0.557722
683100,h25_load,0.551485
684000,h25_load,0.543502
684900,h25_load,0.515825
685800,h25_load,0.489724
686700,h25_load,0.464183
687600,h25_load,0.440761
688500,h25_load,0.414846
689400,h25_load,0.391763
690300,h25_load,0.368865
691200,h25_load,0.341369
692100,h25_load,0.320829
693000,h25_load,0.304614
693900,h25_load,0.291774
694800,h25_load,0.281766
695700,h25_load,0.272692
696600,h25_load,0.267926
697500,h25_load,0.259513
698400,h25_load,0.259292
699300,h25_load,0.256850
700200,h25_load,0.254848
701100,h25_load,0.253305
702000,h25_load,0.254729
702900,h25_load,0.253373
703800,h25_load,0.253457
704700,h25_load,0.253712
705600,h25_load,0.258088
706500,h25_load,0.260666
707400,h25_load,0.265856
708300,h25_load,0.275134
709200,h25_load,0.285294
710100,h25_load,0.291061
711000,h25_load,0.305971
711900,h25_load,0.323780
712800,h25_load,0.355702
713700,h25_load,0.383485
714600,h25_load,0.403958
715500,h25_load,0.416798
716400,h25_load,0.424753
717300,h25_load,0.428128
718200,h25_load,0.425363
719100,h25_load,0.417764
720000,h25_load,0.406672
720900,h25_load,0.404501
721800,h25_load,0.394154
722700,h25_load,0.389167
723600,h25_load,0.384571
724500,h25_load,0.386165
725400,h25_load,0.384723
726300,h25_load,0.384316
727200,h25_load,0.382620
728100,h25_load,0.384859
729000,h25_load,0.389506
729900,h25_load,0.397241
730800,h25_load,0.408113
731700,h25_load,0.421717
732600,h25_load,0.433810
733500,h25_load,0.440968
734400,h25_load,0.443953
735300,h25_load,0.444886
736200,h25_load,0.446311
737100,h25_load,0.445327
738000,h25_load,0.443343
738900,h25_load,0.441104
739800,h25_load,0.442596
740700,h25_load,0.437966
741600,h25_load,0.431758
742500,h25_load,0.431554
743400,h25_load,0.429315
744300,h25_load,0.430961
745200,h25_load,0.438593
746100,h25_load,0.440578
747000,h25_load,0.445836
747900,h25_load,0.455674
748800,h25_load,0.476028
749700,h25_load,0.495245
750600,h25_load,0.517482
751500,h25_load,0.545418
752400,h25_load,0.589738
753300,h25_load,0.623831
754200,h25_load,0.651021
755100,h25_load,0.676751
756000,h25_load,0.694748
756900,h25_load,0.704619
757800,h25_load,0.710997
758700,h25_load,0.714423
759600,h25_load,0.711658
760500,h25_load,0.704636
761400,h25_load,0.695545
762300,h25_load,0.684944
763200,h25_load,0.670526
764100,h25_load,0.649952
765000,h25_load,0.625273
765900,h25_load,0.606310
766800,h25_load,0.592028
767700,h25_load,0.576339
768600,h25_load,0.558156
769500,h25_load,0.551914
770400,h25_load,0.543925
771300,h25_load,0.516227
772200,h25_load,0.490106
773100,h25_load,0.464545
774000,h25_load,0.441104
774900,h25_load,0.415169
775800,h25_load,0.392068
776700,h25_load,0.369153
777600,h25_load,0.341601
778500,h25_load,0.321047
779400,h25_load,0.304821
780300,h25_load,0.291972
781200,h25_load,0.281958
782100,h25_load,0.272877
783000,h25_load,0.268108
783900,h25_load,0.259689
784800,h25_load,0.259468
785700,h25_load,0.257024
786600,h25_load,0.255021
787500,h25_load,0.253477
788400,h25_load,0.254903
789300,h25_load,0.253545
790200,h25_load,0.253630
791100,h25_load,0.253884
792000,h25_load,0.258263
792900,h25_load,0.260843
793800,h25_load,0.266037
794700,h25_load,0.275321
795600,h25_load,0.285488
796500,h25_load,0.291259
797400,h25_load,0.306178
798300,h25_load,0.324000
799200,h25_load,0.355944
800100,h25_load,0.383746
801000,h25_load,0.404232
801900,h25_load,0.417081
802800,h25_load,0.425041
803700,h25_load,0.428419
804600,h25_load,0.425652
805500,h25_load,0.418048
806400,h25_load,0.406948
807300,h25_load,0.404775
808200,h25_load,0.394422
809100,h25_load,0.389432
810000,h25_load,0.384832
810900,h25_load,0.386427
811800,h25_load,0.384985
812700,h25_load,0.384577
813600,h25_load,0.382880
814500,h25_load,0.385120
815400,h25_load,0.389771
816300,h25_load,0.397511
817200,h25_load,0.408391
818100,h25_load,0.422003
819000,h25_load,0.434105
819900,h25_load,0.441268
820800,h25_load,0.444255
821700,h25_load,0.445188
822600,h25_load,0.446614
823500,h25_load,0.445630
824400,h25_load,0.443644
825300,h25_load,0.441403
826200,h25_load,0.442897
827100,h25_load,0.438263
828000,h25_load,0.432051
828900,h25_load,0.431847
829800,h25_load,0.429607
830700,h25_load,0.431253
831600,h25_load,0.438891
832500,h25_load,0.440877
833400,h25_load,0.446139
834300,h25_load,0.455983
835200,h25_load,0.476351
836100,h25_load,0.495582
837000,h25_load,0.517833
837900,h25_load,0.545788
838800,h25_load,0.590139
839700,h25_load,0.624255
840600,h25_load,0.651463
841500,h25_load,0.677211
842400,h25_load,0.695220
843300,h25_load,0.705098
844200,h25_load,0.711480
845100,h25_load,0.714908
846000,h25_load,0.712142
846900,h25_load,0.705115
847800,h25_load,0.696017
848700,h25_load,0.685409
849600,h25_load,0.670982
850500,h25_load,0.650394
851400,h25_load,0.625698
852300,h25_load,0.606722
853200,h25_load,0.592430
854100,h25_load,0.576730
855000,h25_load,0.558535
855900,h25_load,0.552289
856800,h25_load,0.544294
857700,h25_load,0.516577
858600,h25_load,0.490439
859500,h25_load,0.464860
860400,h25_load,0.441403
861300,h25_load,0.415451
862200,h25_load,0.392334
863100,h25_load,0.369403
864000,h25_load,0.376208
864900,h25_load,0.353399
865800,h25_load,0.335533
866700,h25_load,0.320792
867600,h25_load,0.309380
868500,h25_load,0.297712
869400,h25_load,0.288507
870300,h25_load,0.278504
871200,h25_load,0.275108
872100,h25_load,0.269911
873000,h25_load,0.265954
873900,h25_load,0.262252
874800,h25_load,0.261504
875700,h25_load,0.258464
876600,h25_load,0.256477
877500,h25_load,0.255238
878400,h25_load,0.257972
879300,h25_load,0.255866
880200,h25_load,0.256393
881100,h25_load,0.260044
882000,h25_load,0.260961
882900,h25_load,0.258006
883800,h25_load,0.260485
884700,h25_load,0.268654
885600,h25_load,0.285416
886500,h25_load,0.299444
887400,h25_load,0.315578
888300,h25_load,0.330778
889200,h25_load,0.356898
890100,h25_load,0.379400
891000,h25_load,0.406692
891900,h25_load,0.432914
892800,h25_load,0.455773
893700,h25_load,0.480908
894600,h25_load,0.495547
895500,h25_load,0.510136
896400,h25_load,0.523654
897300,h25_load,0.538990
898200,h25_load,0.548568
899100,h25_load,0.556550
900000,h25_load,0.568099
900900,h25_load,0.580343
901800,h25_load,0.589667
902700,h25_load,0.602421
903600,h25_load,0.622224
904500,h25_load,0.638595
905400,h25_load,0.653218
906300,h25_load,0.660350
907200,h25_load,0.652046
908100,h25_load,0.645032
909000,h25_load,0.637695
909900,h25_load,0.631666
910800,h25_load,0.624279
911700,h25_load,0.616466
912600,h25_load,0.613002
913500,h25_load,0.606056
914400,h25_load,0.599925
915300,h25_load,0.600027
916200,h25_load,0.599585
917100,h25_load,0.596647
918000,h25_load,0.597089
918900,h25_load,0.597445
919800,h25_load,0.597853
920700,h25_load,0.602048
921600,h25_load,0.613358
922500,h25_load,0.626707
923400,h25_load,0.641295
924300,h25_load,0.661098
925200,h25_load,0.690291
926100,h25_load,0.715155
927000,h25_load,0.732290
927900,h25_load,0.746488
928800,h25_load,0.754368
929700,h25_load,0.754776
930600,h25_load,0.748696
931500,h25_load,0.739169
932400,h25_load,0.729047
933300,h25_load,0.714305
934200,h25_load,0.699242
935100,h25_load,0.682106
936000,h25_load,0.665428
936900,h25_load,0.641635
937800,h25_load,0.616178
938700,h25_load,0.600876
939600,h25_load,0.589175
940500,h25_load,0.574281
941400,h25_load,0.557671
942300,h25_load,0.556499
943200,h25_load,0.554971
944100,h25_load,0.532723
945000,h25_load,0.514246
945900,h25_load,0.491692
946800,h25_load,0.467950
947700,h25_load,0.445906
948600,h25_load,0.425458
949500,h25_load,0.406607
950400,h25_load,0.393314
951300,h25_load,0.373553
952200,h25_load,0.359314
953100,h25_load,0.346367
954000,h25_load,0.333878
954900,h25_load,0.322800
955800,h25_load,0.312062
956700,h25_load,0.300185
957600,h25_load,0.296634
958500,h25_load,0.289004
959400,h25_load,0.283380
960300,h25_load,0.278028
961200,h25_load,0.276499
962100,h25_load,0.272778
963000,h25_load,0.269074
963900,h25_load,0.265624
964800,h25_load,0.264843
965700,h25_load,0.261835
966600,h25_load,0.262532
967500,h25_load,0.266950
968400,h25_load,0.267341
969300,h25_load,0.263161
970200,h25_load,0.264826
971100,h25_load,0.268955
972000,h25_load,0.279999
972900,h25_load,0.290483
973800,h25_load,0.301170
974700,h25_load,0.311246
975600,h25_load,0.331737
976500,h25_load,0.347930
977400,h25_load,0.370529
978300,h25_load,0.397222
979200,h25_load,0.422148
980100,h25_load,0.450438
981000,h25_load,0.470845
981900,h25_load,0.494395
982800,h25_load,0.516721
983700,h25_load,0.540849
984600,h25_load,0.561646
985500,h25_load,0.580048
986400,h25_load,0.599282
987300,h25_load,0.618669
988200,h25_load,0.637325
989100,h25_load,0.656526
990000,h25_load,0.683542
990900,h25_load,0.712886
991800,h25_load,0.732358
992700,h25_load,0.735161
993600,h25_load,0.720634
994500,h25_load,0.707329
995400,h25_load,0.695436
996300,h25_load,0.683627
997200,h25_load,0.667502
998100,h25_load,0.653382
999000,h25_load,0.644241
999900,h25_load,0.633027
1000800,h25_load,0.622220
1001700,h25_load,0.615899
1002600,h25_load,0.611261
1003500,h25_load,0.607302
1004400,h25_load,0.605926
1005300,h25_load,0.603785
1006200,h25_load,0.602221
1007100,h25_load,0.603360
1008000,h25_load,0.611193
1008900,h25_load,0.621897
1009800,h25_load,0.641318
1010700,h25_load,0.665718
1011600,h25_load,0.697475
1012500,h25_load,0.726292
1013400,h25_load,0.744625
1014300,h25_load,0.760733
1015200,h25_load,0.771828
1016100,h25_load,0.771539
1017000,h25_load,0.764539
1017900,h25_load,0.756383
1018800,h25_load,0.746053
1019700,h25_load,0.731117
1020600,h25_load,0.715400
1021500,h25_load,0.701467
1022400,h25_load,0.685190
1023300,h25_load,0.658921
1024200,h25_load,0.630665
1025100,h25_load,0.609409
1026000,h25_load,0.593369
1026900,h25_load,0.573829
1027800,h25_load,0.555988
1028700,h25_load,0.552454
1029600,h25_load,0.542905
1030500,h25_load,0.513442
1031400,h25_load,0.488057
1032300,h25_load,0.463692
1033200,h25_load,0.440855
1034100,h25_load,0.416031
1035000,h25_load,0.392379
1035900,h25_load,0.368201
1036800,h25_load,0.342100
1037700,h25_load,0.321516
1038600,h25_load,0.305266
1039500,h25_load,0.292398
1040400,h25_load,0.282370
1041300,h25_load,0.273276
1042200,h25_load,0.268499
1043100,h25_load,0.260068
1044000,h25_load,0.259847
1044900,h25_load,0.257400
1045800,h25_load,0.255394
1046700,h25_load,0.253847
1047600,h25_load,0.255275
1048500,h25_load,0.253915
1049400,h25_load,0.254000
1050300,h25_load,0.254255
1051200,h25_load,0.258640
1052100,h25_load,0.261224
1053000,h25_load,0.266425
1053900,h25_load,0.275723
1054800,h25_load,0.285905
1055700,h25_load,0.291684
1056600,h25_load,0.306626
1057500,h25_load,0.324473
1058400,h25_load,0.356463
1059300,h25_load,0.384306
1060200,h25_load,0.404823
1061100,h25_load,0.417690
1062000,h25_load,0.425662
1062900,h25_load,0.429045
1063800,h25_load,0.426274
1064700,h25_load,0.418659
1065600,h25_load,0.407542
1066500,h25_load,0.405367
1067400,h25_load,0.394998
1068300,h25_load,0.390000
1069200,h25_load,0.385394
1070100,h25_load,0.386992
1071000,h25_load,0.385547
1071900,h25_load,0.385139
1072800,h25_load,0.383439
1073700,h25_load,0.385683
1074600,h25_load,0.390340
1075500,h25_load,0.398091
1076400,h25_load,0.408987
1077300,h25_load,0.422619
1078200,h25_load,0.434739
1079100,h25_load,0.441912
1080000,h25_load,0.444904
1080900,h25_load,0.445839
1081800,h25_load,0.447266
1082700,h25_load,0.446281
1083600,h25_load,0.444292
1084500,h25_load,0.442048
1085400,h25_load,0.443544
1086300,h25_load,0.438903
1087200,h25_load,0.432682
1088100,h25_load,0.432478
1089000,h25_load,0.430234
1089900,h25_load,0.431883
1090800,h25_load,0.439532
1091700,h25_load,0.441521
1092600,h25_load,0.446790
1093500,h25_load,0.456649
1094400,h25_load,0.477047
1095300,h25_load,0.496305
1096200,h25_load,0.518590
1097100,h25_load,0.546585
1098000,h25_load,0.591001
1098900,h25_load,0.625167
1099800,h25_load,0.652414
1100700,h25_load,0.678200
1101600,h25_load,0.696235
1102500,h25_load,0.706128
1103400,h25_load,0.712519
1104300,h25_load,0.715953
1105200,h25_load,0.713182
1106100,h25_load,0.706145
1107000,h25_load,0.697034
1107900,h25_load,0.686410
1108800,h25_load,0.671962
1109700,h25_load,0.651343
1110600,h25_load,0.626611
1111500,h25_load,0.607608
1112400,h25_load,0.593296
1113300,h25_load,0.577572
1114200,h25_load,0.559351
1115100,h25_load,0.553095
1116000,h25_load,0.545089
1116900,h25_load,0.517332
1117800,h25_load,0.491155
1118700,h25_load,0.465539
1119600,h25_load,0.442048
1120500,h25_load,0.416058
1121400,h25_load,0.392907
1122300,h25_load,0.369943
1123200,h25_load,0.342203
1124100,h25_load,0.321612
1125000,h25_load,0.305357
1125900,h25_load,0.292486
1126800,h25_load,0.282454
1127700,h25_load,0.273357
1128600,h25_load,0.268580
1129500,h25_load,0.260146
1130400,h25_load,0.259925
1131300,h25_load,0.257477
1132200,h25_load,0.255470
1133100,h25_load,0.253923
1134000,h25_load,0.255351
1134900,h25_load,0.253991
1135800,h25_load,0.254076
1136700,h25_load,0.254331
1137600,h25_load,0.258718
1138500,h25_load,0.261302
1139400,h25_load,0.266505
1140300,h25_load,0.275806
1141200,h25_load,0.285991
1142100,h25_load,0.291772
1143000,h25_load,0.306717
1143900,h25_load,0.324570
1144800,h25_load,0.356570
1145700,h25_load,0.384421
1146600,h25_load,0.404944
1147500,h25_load,0.417815
1148400,h25_load,0.425789
1149300,h25_load,0.429173
1150200,h25_load,0.426401
1151100,h25_load,0.418784
1152000,h25_load,0.407664
1152900,h25_load,0.405488
1153800,h25_load,0.395116
1154700,h25_load,0.390117
1155600,h25_load,0.385509
1156500,h25_load,0.387108
1157400,h25_load,0.385662
1158300,h25_load,0.385254
1159200,h25_load,0.383554
1160100,h25_load,0.385798
1161000,h25_load,0.390457
1161900,h25_load,0.398210
1162800,h25_load,0.409109
1163700,h25_load,0.422746
1164600,h25_load,0.434869
1165500,h25_load,0.442044
1166400,h25_load,0.445037
1167300,h25_load,0.445972
1168200,h25_load,0.447400
1169100,h25_load,0.446414
1170000,h25_load,0.444425
1170900,h25_load,0.442180
1171800,h25_load,0.443677
1172700,h25_load,0.439035
1173600,h25_load,0.432812
1174500,h25_load,0.432608
1175400,h25_load,0.430363
1176300,h25_load,0.432012
1177200,h25_load,0.439664
1178100,h25_load,0.441653
1179000,h25_load,0.446924
1179900,h25_load,0.456786
1180800,h25_load,0.477189
1181700,h25_load,0.496454
1182600,h25_load,0.518745
1183500,h25_load,0.546749
1184400,h25_load,0.591178
1185300,h25_load,0.625354
1186200,h25_load,0.652610
1187100,h25_load,0.678403
1188000,h25_load,0.696443
1188900,h25_load,0.706339
1189800,h25_load,0.712732
1190700,h25_load,0.716167
1191600,h25_load,0.713395
1192500,h25_load,0.706356
1193400,h25_load,0.697242
1194300,h25_load,0.686616
1195200,h25_load,0.672163
1196100,h25_load,0.651538
1197000,h25_load,0.626799
1197900,h25_load,0.607790
1198800,h25_load,0.593473
1199700,h25_load,0.577745
1200600,h25_load,0.559518
1201500,h25_load,0.553261
1202400,h25_load,0.545253
1203300,h25_load,0.517487
1204200,h25_load,0.491302
1205100,h25_load,0.465678
1206000,h25_load,0.442180
1206900,h25_load,0.416183
1207800,h25_load,0.393025
1208700,h25_load,0.370054
1209600,h25_load,0.342274
1210500,h25_load,0.321679
1211400,h25_load,0.305421
1212300,h25_load,0.292547
1213200,h25_load,0.282513
1214100,h25_load,0.273414
1215000,h25_load,0.268635
1215900,h25_load,0.260200
1216800,h25_load,0.259979
1217700,h25_load,0.257530
1218600,h25_load,0.255523
1219500,h25_load,0.253976
1220400,h25_load,0.255404
1221300,h25_load,0.254044
1222200,h25_load,0.254129
1223100,h25_load,0.254384
1224000,h25_load,0.258772
1224900,h25_load,0.261357
1225800,h25_load,0.266561
1226700,h25_load,0.275863
1227600,h25_load,0.286050
1228500,h25_load,0.291832
1229400,h25_load,0.306781
1230300,h25_load,0.324638
1231200,h25_load,0.356644
1232100,h25_load,0.384501
1233000,h25_load,0.405028
1233900,h25_load,0.417902
1234800,h25_load,0.425878
1235700,h25_load,0.429262
1236600,h25_load,0.426490
1237500,h25_load,0.418871
1238400,h25_load,0.407749
1239300,h25_load,0.405572
1240200,h25_load,0.395198
1241100,h25_load,0.390198
1242000,h25_load,0.385589
1242900,h25_load,0.387188
1243800,h25_load,0.385742
1244700,h25_load,0.385334
1245600,h25_load,0.383634
1246500,h25_load,0.385879
1247400,h25_load,0.390538
1248300,h25_load,0.398293
1249200,h25_load,0.409195
1250100,h25_load,0.422834
1251000,h25_load,0.434959
1251900,h25_load,0.442136
1252800,h25_load,0.445129
1253700,h25_load,0.446065
1254600,h25_load,0.447493
1255500,h25_load,0.446507
1256400,h25_load,0.444517
1257300,h25_load,0.442272
1258200,h25_load,0.443769
1259100,h25_load,0.439126
1260000,h25_load,0.432902
1260900,h25_load,0.432698
1261800,h25_load,0.430453
1262700,h25_load,0.432102
1263600,h25_load,0.439755
1264500,h25_load,0.441745
1265400,h25_load,0.447017
1266300,h25_load,0.456881
1267200,h25_load,0.477289
1268100,h25_load,0.496557
1269000,h25_load,0.518853
1269900,h25_load,0.546862
1270800,h25_load,0.591301
1271700,h25_load,0.625484
1272600,h25_load,0.652745
1273500,h25_load,0.678544
1274400,h25_load,0.696588
1275300,h25_load,0.706486
1276200,h25_load,0.712880
1277100,h25_load,0.716316
1278000,h25_load,0.713544
1278900,h25_load,0.706503
1279800,h25_load,0.697387
1280700,h25_load,0.686758
1281600,h25_load,0.672303
1282500,h25_load,0.651674
1283400,h25_load,0.626929
1284300,h25_load,0.607916
1285200,h25_load,0.593596
1286100,h25_load,0.577865
1287000,h25_load,0.559634
1287900,h25_load,0.553376
1288800,h25_load,0.545366
1289700,h25_load,0.517594
1290600,h25_load,0.491404
1291500,h25_load,0.465775
1292400,h25_load,0.442272
1293300,h25_load,0.416269
1294200,h25_load,0.393106
1295100,h25_load,0.370130
1296000,h25_load,0.342314
1296900,h25_load,0.321717
1297800,h25_load,0.305457
1298700,h25_load,0.292581
1299600,h25_load,0.282546
1300500,h25_load,0.273447
1301400,h25_load,0.268667
1302300,h25_load,0.260231
1303200,h25_load,0.260010
1304100,h25_load,0.257561
1305000,h25_load,0.255554
1305900,h25_load,0.254006
1306800,h25_load,0.255435
1307700,h25_load,0.254074
1308600,h25_load,0.254159
1309500,h25_load,0.254414
1310400,h25_load,0.258802
1311300,h25_load,0.261388
1312200,h25_load,0.266592
1313100,h25_load,0.275896
1314000,h25_load,0.286084
1314900,h25_load,0.291867
1315800,h25_load,0.306817
1316700,h25_load,0.324676
1317600,h25_load,0.356686
1318500,h25_load,0.384546
1319400,h25_load,0.405076
1320300,h25_load,0.417951
1321200,h25_load,0.425928
1322100,h25_load,0.429313
1323000,h25_load,0.426541
1323900,h25_load,0.418921
1324800,h25_load,0.407797
1325700,h25_load,0.405620
1326600,h25_load,0.395245
1327500,h25_load,0.390244
1328400,h25_load,0.385635
1329300,h25_load,0.387234
1330200,h25_load,0.385788
1331100,h25_load,0.385380
1332000,h25_load,0.383679
1332900,h25_load,0.385924
1333800,h25_load,0.390585
1334700,h25_load,0.398340
1335600,h25_load,0.409243
1336500,h25_load,0.422884
1337400,h25_load,0.435011
1338300,h25_load,0.442188
1339200,h25_load,0.445182
1340100,h25_load,0.446117
1341000,h25_load,0.447546
1341900,h25_load,0.446560
1342800,h25_load,0.444570
1343700,h25_load,0.442325
1344600,h25_load,0.443821
1345500,h25_load,0.439178
1346400,h25_load,0.432953
1347300,h25_load,0.432749
1348200,h25_load,0.430504
1349100,h25_load,0.432153
1350000,h25_load,0.439807
1350900,h25_load,0.441797
1351800,h25_load,0.447070
1352700,h25_load,0.456935
1353600,h25_load,0.477345
1354500,h25_load,0.496616
1355400,h25_load,0.518914
1356300,h25_load,0.546927
1357200,h25_load,0.591371
1358100,h25_load,0.625558
1359000,h25_load,0.652822
1359900,h25_load,0.678624
1360800,h25_load,0.696671
1361700,h25_load,0.706570
1362600,h25_load,0.712965
1363500,h25_load,0.716400
1364400,h25_load,0.713628
1365300,h25_load,0.706587
1366200,h25_load,0.697470
1367100,h25_load,0.686840
1368000,h25_load,0.672382
1368900,h25_load,0.651751
1369800,h25_load,0.627003
1370700,h25_load,0.607988
1371600,h25_load,0.593667
1372500,h25_load,0.577934
1373400,h25_load,0.559701
1374300,h25_load,0.553441
1375200,h25_load,0.545430
1376100,h25_load,0.517655
1377000,h25_load,0.491462
1377900,h25_load,0.465830
1378800,h25_load,0.442325
1379700,h25_load,0.416318
1380600,h25_load,0.393153
1381500,h25_load,0.370174
1382400,h25_load,0.342325
1383300,h25_load,0.321727
1384200,h25_load,0.305466
1385100,h25_load,0.292590
1386000,h25_load,0.282555
1386900,h25_load,0.273455
1387800,h25_load,0.268675
1388700,h25_load,0.260239
1389600,h25_load,0.260018
1390500,h25_load,0.257568
1391400,h25_load,0.255561
1392300,h25_load,0.254013
1393200,h25_load,0.255442
1394100,h25_load,0.254081
1395000,h25_load,0.254167
1395900,h25_load,0.254422
1396800,h25_load,0.258810
1397700,h25_load,0.261395
1398600,h25_load,0.266600
1399500,h25_load,0.275904
1400400,h25_load,0.286093
1401300,h25_load,0.291876
1402200,h25_load,0.306827
1403100,h25_load,0.324686
1404000,h25_load,0.356697
1404900,h25_load,0.384558
1405800,h25_load,0.405088
1406700,h25_load,0.417964
1407600,h25_load,0.425941
1408500,h25_load,0.429326
1409400,h25_load,0.426553
1410300,h25_load,0.418933
1411200,h25_load,0.407809
1412100,h25_load,0.405632
1413000,h25_load,0.395257
1413900,h25_load,0.390256
1414800,h25_load,0.385647
1415700,h25_load,0.387245
1416600,h25_load,0.385800
1417500,h25_load,0.385391
1418400,h25_load,0.383691
1419300,h25_load,0.385936
1420200,h25_load,0.390596
1421100,h25_load,0.398352
1422000,h25_load,0.409255
1422900,h25_load,0.422896
1423800,h25_load,0.435024
1424700,h25_load,0.442202
1425600,h25_load,0.445195
1426500,h25_load,0.446131
1427400,h25_load,0.447560
1428300,h25_load,0.446573
1429200,h25_load,0.444583
1430100,h25_load,0.442338
1431000,h25_load,0.443835
1431900,h25_load,0.439191
1432800,h25_load,0.432966
1433700,h25_load,0.432762
1434600,h25_load,0.430517
1435500,h25_load,0.432166
1436400,h25_load,0.439821
1437300,h25_load,0.441811
1438200,h25_load,0.447083
1439100,h25_load,0.456949
1440000,h25_load,0.477360
1440900,h25_load,0.496631
1441800,h25_load,0.518930
1442700,h25_load,0.546944
1443600,h25_load,0.591388
1444500,h25_load,0.625577
1445400,h25_load,0.652842
1446300,h25_load,0.678645
1447200,h25_load,0.696691
1448100,h25_load,0.706591
1449000,h25_load,0.712986
1449900,h25_load,0.716422
1450800,h25_load,0.713650
1451700,h25_load,0.706608
1452600,h25_load,0.697491
1453500,h25_load,0.686860
1454400,h25_load,0.672403
1455300,h25_load,0.651771
1456200,h25_load,0.627022
1457100,h25_load,0.608006
1458000,h25_load,0.593685
1458900,h25_load,0.577951
1459800,h25_load,0.559717
1460700,h25_load,0.553458
1461600,h25_load,0.545447
1462500,h25_load,0.517671
1463400,h25_load,0.491477
1464300,h25_load,0.465844
1465200,h25_load,0.442338
1466100,h25_load,0.416331
1467000,h25_load,0.393165
1467900,h25_load,0.370185
1468800,h25_load,0.376764
1469700,h25_load,0.353922
1470600,h25_load,0.336029
1471500,h25_load,0.321266
1472400,h25_load,0.309837
1473300,h25_load,0.298152
1474200,h25_load,0.288934
1475100,h25_load,0.278916
1476000,h25_load,0.275514
1476900,h25_load,0.270310
1477800,h25_load,0.266347
1478700,h25_load,0.262639
1479600,h25_load,0.261891
1480500,h25_load,0.258846
1481400,h25_load,0.256856
1482300,h25_load,0.255615
1483200,h25_load,0.258353
1484100,h25_load,0.256244
1485000,h25_load,0.256771
1485900,h25_load,0.260428
1486800,h25_load,0.261347
1487700,h25_load,0.258387
1488600,h25_load,0.260870
1489500,h25_load,0.269051
1490400,h25_load,0.285838
1491300,h25_load,0.299887
1492200,h25_load,0.316045
1493100,h25_load,0.331267
1494000,h25_load,0.357425
1494900,h25_load,0.379961
1495800,h25_load,0.407293
1496700,h25_load,0.433554
1497600,h25_load,0.456446
1498500,h25_load,0.481618
1499400,h25_load,0.496279
1500300,h25_load,0.510889
1501200,h25_load,0.524428
1502100,h25_load,0.539786
1503000,h25_load,0.549379
1503900,h25_load,0.557373
1504800,h25_load,0.568938
1505700,h25_load,0.581201
1506600,h25_load,0.590538
1507500,h25_load,0.603311
1508400,h25_load,0.623143
1509300,h25_load,0.639539
1510200,h25_load,0.654183
1511100,h25_load,0.661326
1512000,h25_load,0.653009
1512900,h25_load,0.645985
1513800,h25_load,0.638637
1514700,h25_load,0.632599
1515600,h25_load,0.625201
1516500,h25_load,0.617377
1517400,h25_load,0.613908
1518300,h25_load,0.606951
1519200,h25_load,0.600811
1520100,h25_load,0.600913
1521000,h25_load,0.600471
1521900,h25_load,0.597529
1522800,h25_load,0.597971
1523700,h25_load,0.598328
1524600,h25_load,0.598736
1525500,h25_load,0.602937
1526400,h25_load,0.614265
1527300,h25_load,0.627633
1528200,h25_load,0.642243
1529100,h25_load,0.662074
1530000,h25_load,0.691311
1530900,h25_load,0.716211
1531800,h25_load,0.733372
1532700,h25_load,0.747591
1533600,h25_load,0.755483
1534500,h25_load,0.755891
1535400,h25_load,0.749802
1536300,h25_load,0.740261
1537200,h25_load,0.730124
1538100,h25_load,0.715361
1539000,h25_load,0.700275
1539900,h25_load,0.683113
1540800,h25_load,0.666412
1541700,h25_load,0.642583
1542600,h25_load,0.617088
1543500,h25_load,0.601764
1544400,h25_load,0.590045
1545300,h25_load,0.575129
1546200,h25_load,0.558495
1547100,h25_load,0.557322
1548000,h25_load,0.555791
1548900,h25_load,0.533510
1549800,h25_load,0.515005
1550700,h25_load,0.492419
1551600,h25_load,0.468641
1552500,h25_load,0.446565
1553400,h25_load,0.426087
1554300,h25_load,0.407208
1555200,h25_load,0.393648
1556100,h25_load,0.373870
1557000,h25_load,0.359619
1557900,h25_load,0.346661
1558800,h25_load,0.334162
1559700,h25_load,0.323074
1560600,h25_load,0.312326
1561500,h25_load,0.300439
1562400,h25_load,0.296885
1563300,h25_load,0.289250
1564200,h25_load,0.283621
1565100,h25_load,0.278264
1566000,h25_load,0.276734
1566900,h25_load,0.273009
1567800,h25_load,0.269302
1568700,h25_load,0.265850
1569600,h25_load,0.265068
1570500,h25_load,0.262058
1571400,h25_load,0.262755
1572300,h25_load,0.267176
1573200,h25_load,0.267567
1574100,h25_load,0.263384
1575000,h25_load,0.265051
1575900,h25_load,0.269183
1576800,h25_load,0.280237
1577700,h25_load,0.290729
1578600,h25_load,0.301426
1579500,h25_load,0.311510
1580400,h25_load,0.332019
1581300,h25_load,0.348225
1582200,h25_load,0.370843
1583100,h25_load,0.397559
1584000,h25_load,0.422506
1584900,h25_load,0.450821
1585800,h25_load,0.471245
1586700,h25_load,0.494814
1587600,h25_load,0.517160
1588500,h25_load,0.541308
1589400,h25_load,0.562123
1590300,h25_load,0.580540
1591200,h25_load,0.599791
1592100,h25_load,0.619194
1593000,h25_load,0.637866
1593900,h25_load,0.657083
1594800,h25_load,0.684122
1595700,h25_load,0.713491
1596600,h25_load,0.732979
1597500,h25_load,0.735785
1598400,h25_load,0.721245
1599300,h25_load,0.707930
1600200,h25_load,0.696026
1601100,h25_load,0.684207
1602000,h25_load,0.668068
1602900,h25_load,0.653937
1603800,h25_load,0.644788
1604700,h25_load,0.633564
1605600,h25_load,0.622748
1606500,h25_load,0.616422
1607400,h25_load,0.611780
1608300,h25_load,0.607817
1609200,h25_load,0.606440
1610100,h25_load,0.604297
1611000,h25_load,0.602733
1611900,h25_load,0.603872
1612800,h25_load,0.611712
1613700,h25_load,0.622425
1614600,h25_load,0.641863
1615500,h25_load,0.666283
1616400,h25_load,0.698066
1617300,h25_load,0.726908
1618200,h25_load,0.745257
1619100,h25_load,0.761379
1620000,h25_load,0.772483
1620900,h25_load,0.772194
1621800,h25_load,0.765188
1622700,h25_load,0.757025
1623600,h25_load,0.746686
1624500,h25_load,0.731738
1625400,h25_load,0.716007
1626300,h25_load,0.702063
1627200,h25_load,0.685771
1628100,h25_load,0.659481
1629000,h25_load,0.631200
1629900,h25_load,0.609926
1630800,h25_load,0.593873
1631700,h25_load,0.574316
1632600,h25_load,0.556460
1633500,h25_load,0.552923
1634400,h25_load,0.543366
1635300,h25_load,0.513878
1636200,h25_load,0.488471
1637100,h25_load,0.464085
1638000,h25_load,0.441230
1638900,h25_load,0.416384
1639800,h25_load,0.392712
1640700,h25_load,0.368513
1641600,h25_load,0.342179
1642500,h25_load,0.321590
1643400,h25_load,0.305336
1644300,h25_load,0.292466
1645200,h25_load,0.282435
1646100,h25_load,0.273339
1647000,h25_load,0.268561
1647900,h25_load,0.260128
1648800,h25_load,0.259907
1649700,h25_load,0.257459
1650600,h25_load,0.255453
1651500,h25_load,0.253905
1652400,h25_load,0.255334
1653300,h25_load,0.253973
1654200,h25_load,0.254058
1655100,h25_load,0.254314
1656000,h25_load,0.258700
1656900,h25_load,0.261284
1657800,h25_load,0.266487
1658700,h25_load,0.275787
1659600,h25_load,0.285971
1660500,h25_load,0.291752
1661400,h25_load,0.306696
1662300,h25_load,0.324548
1663200,h25_load,0.356546
1664100,h25_load,0.384395
1665000,h25_load,0.404916
1665900,h25_load,0.417786
1666800,h25_load,0.425760
1667700,h25_load,0.429143
1668600,h25_load,0.426372
1669500,h25_load,0.418755
1670400,h25_load,0.407636
1671300,h25_load,0.405460
1672200,h25_load,0.395089
1673100,h25_load,0.390090
1674000,h25_load,0.385483
1674900,h25_load,0.387081
1675800,h25_load,0.385636
1676700,h25_load,0.385228
1677600,h25_load,0.383527
1678500,h25_load,0.385772
1679400,h25_load,0.390430
1680300,h25_load,0.398183
1681200,h25_load,0.409081
1682100,h25_load,0.422717
1683000,h25_load,0.434839
1683900,h25_load,0.442014
1684800,h25_load,0.445006
1685700,h25_load,0.445941
1686600,h25_load,0.447369
1687500,h25_load,0.446383
1688400,h25_load,0.444394
1689300,h25_load,0.442150
1690200,h25_load,0.443646
1691100,h25_load,0.439004
1692000,h25_load,0.432782
1692900,h25_load,0.432578
1693800,h25_load,0.430334
1694700,h25_load,0.431983
1695600,h25_load,0.439634
1696500,h25_load,0.441623
1697400,h25_load,0.446893
1698300,h25_load,0.456754
1699200,h25_load,0.477157
1700100,h25_load,0.496420
1701000,h25_load,0.518709
1701900,h25_load,0.546711
1702800,h25_load,0.591137
1703700,h25_load,0.625311
1704600,h25_load,0.652565
1705500,h25_load,0.678356
1706400,h25_load,0.696395
1707300,h25_load,0.706290
1708200,h25_load,0.712683
1709100,h25_load,0.716117
1710000,h25_load,0.713346
1710900,h25_load,0.706307
1711800,h25_load,0.697194
1712700,h25_load,0.686568
1713600,h25_load,0.672117
1714500,h25_load,0.651493
1715400,h25_load,0.626756
1716300,h25_load,0.607748
1717200,h25_load,0.593432
1718100,h25_load,0.577705
1719000,h25_load,0.559480
1719900,h25_load,0.553223
1720800,h25_load,0.545215
1721700,h25_load,0.517451
1722600,h25_load,0.491268
1723500,h25_load,0.465646
1724400,h25_load,0.442150
1725300,h25_load,0.416154
1726200,h25_load,0.392998
1727100,h25_load,0.370028
1728000,h25_load,0.342073
1728900,h25_load,0.321490
1729800,h25_load,0.305242
1730700,h25_load,0.292375
1731600,h25_load,0.282347
1732500,h25_load,0.273254
1733400,h25_load,0.268478
1734300,h25_load,0.260048
1735200,h25_load,0.259827
1736100,h25_load,0.257379
1737000,h25_load,0.255374
1737900,h25_load,0.253827
1738800,h25_load,0.255255
1739700,h25_load,0.253895
1740600,h25_load,0.253980
1741500,h25_load,0.254235
1742400,h25_load,0.258620
1743300,h25_load,0.261204
1744200,h25_load,0.266404
1745100,h25_load,0.275702
1746000,h25_load,0.285883
1746900,h25_load,0.291661
1747800,h25_load,0.306601
1748700,h25_load,0.324448
1749600,h25_load,0.356435
1750500,h25_load,0.384276
1751400,h25_load,0.404791
1752300,h25_load,0.417657
1753200,h25_load,0.425628
1754100,h25_load,0.429011
1755000,h25_load,0.426240
1755900,h25_load,0.418626
1756800,h25_load,0.407510
1757700,h25_load,0.405335
1758600,h25_load,0.394967
1759500,h25_load,0.389970
1760400,h25_load,0.385364
1761300,h25_load,0.386961
1762200,h25_load,0.385517
1763100,h25_load,0.385109
1764000,h25_load,0.383409
1764900,h25_load,0.385653
1765800,h25_load,0.390310
1766700,h25_load,0.398060
1767600,h25_load,0.408955
1768500,h25_load,0.422586
1769400,h25_load,0.434705
1770300,h25_load,0.441877
1771200,h25_load,0.444869
1772100,h25_load,0.445803
1773000,h25_load,0.447231
1773900,h25_load,0.446245
1774800,h25_load,0.444257
1775700,h25_load,0.442013
1776600,h25_load,0.443509
1777500,h25_load,0.438869
1778400,h25_load,0.432648
1779300,h25_load,0.432444
1780200,h25_load,0.430201
1781100,h25_load,0.431849
1782000,h25_load,0.439498
1782900,h25_load,0.441486
1783800,h25_load,0.446755
1784700,h25_load,0.456613
1785600,h25_load,0.477009
1786500,h25_load,0.496266
1787400,h25_load,0.518549
1788300,h25_load,0.546542
1789200,h25_load,0.590954
1790100,h25_load,0.625117
1791000,h25_load,0.652363
1791900,h25_load,0.678147
1792800,h25_load,0.696180
1793700,h25_load,0.706072
1794600,h25_load,0.712463
1795500,h25_load,0.715896
1796400,h25_load,0.713126
1797300,h25_load,0.706089
1798200,h25_load,0.696979
1799100,h25_load,0.686356
1800000,h25_load,0.671909
1800900,h25_load,0.651292
1801800,h25_load,0.626562
1802700,h25_load,0.607560
1803600,h25_load,0.593249
1804500,h25_load,0.577527
1805400,h25_load,0.559307
1806300,h25_load,0.553052
1807200,h25_load,0.545047
1808100,h25_load,0.517291
1809000,h25_load,0.491116
1809900,h25_load,0.465502
1810800,h25_load,0.442013
1811700,h25_load,0.416025
1812600,h25_load,0.392876
1813500,h25_load,0.369914
1814400,h25_load,0.341940
1815300,h25_load,0.321365
1816200,h25_load,0.305123
1817100,h25_load,0.292261
1818000,h25_load,0.282237
1818900,h25_load,0.273147
1819800,h25_load,0.268373
1820700,h25_load,0.259946
1821600,h25_load,0.259725
1822500,h25_load,0.257279
1823400,h25_load,0.255274
1824300,h25_load,0.253728
1825200,h25_load,0.255155
1826100,h25_load,0.253796
1827000,h25_load,0.253881
1827900,h25_load,0.254136
1828800,h25_load,0.258519
1829700,h25_load,0.261102
1830600,h25_load,0.266300
1831500,h25_load,0.275594
1832400,h25_load,0.285771
1833300,h25_load,0.291548
1834200,h25_load,0.306482
1835100,h25_load,0.324321
1836000,h25_load,0.356296
1836900,h25_load,0.384126
1837800,h25_load,0.404633
1838700,h25_load,0.417494
1839600,h25_load,0.425462
1840500,h25_load,0.428843
1841400,h25_load,0.426074
1842300,h25_load,0.418462
1843200,h25_load,0.407351
1844100,h25_load,0.405176
1845000,h25_load,0.394812
1845900,h25_load,0.389817
1846800,h25_load,0.385213
1847700,h25_load,0.386810
1848600,h25_load,0.385366
1849500,h25_load,0.384958
1850400,h25_load,0.383259
1851300,h25_load,0.385502
1852200,h25_load,0.390157
1853100,h25_load,0.397905
1854000,h25_load,0.408795
1854900,h25_load,0.422421
1855800,h25_load,0.434535
1856700,h25_load,0.441705
1857600,h25_load,0.444695
1858500,h25_load,0.445629
1859400,h25_load,0.447057
1860300,h25_load,0.446071
1861200,h25_load,0.444083
1862100,h25_load,0.441841
1863000,h25_load,0.443336
1863900,h25_load,0.438698
1864800,h25_load,0.432479
1865700,h25_load,0.432275
1866600,h25_load,0.430033
1867500,h25_load,0.431681
1868400,h25_load,0.439326
1869300,h25_load,0.441314
1870200,h25_load,0.446581
1871100,h25_load,0.456435
1872000,h25_load,0.476823
1872900,h25_load,0.496073
1873800,h25_load,0.518346
1874700,h25_load,0.546329
1875600,h25_load,0.590724
1876500,h25_load,0.624873
1877400,h25_load,0.652108
1878300,h25_load,0.677882
1879200,h25_load,0.695908
1880100,h25_load,0.705797
1881000,h25_load,0.712185
1881900,h25_load,0.715617
1882800,h25_load,0.712847
1883700,h25_load,0.705813
1884600,h25_load,0.696707
1885500,h25_load,0.686088
1886400,h25_load,0.671647
1887300,h25_load,0.651038
1888200,h25_load,0.626318
1889100,h25_load,0.607323
1890000,h25_load,0.593017
1890900,h25_load,0.577302
1891800,h25_load,0.559088
1892700,h25_load,0.552836
1893600,h25_load,0.544834
1894500,h25_load,0.517089
1895400,h25_load,0.490925
1896300,h25_load,0.465321
1897200,h25_load,0.441841
1898100,h25_load,0.415863
1899000,h25_load,0.392723
1899900,h25_load,0.369769
1900800,h25_load,0.341779
1901700,h25_load,0.321214
1902600,h25_load,0.304979
1903500,h25_load,0.292124
1904400,h25_load,0.282104
1905300,h25_load,0.273019
1906200,h25_load,0.268247
1907100,h25_load,0.259824
1908000,h25_load,0.259603
1908900,h25_load,0.257158
1909800,h25_load,0.255154
1910700,h25_load,0.253609
1911600,h25_load,0.255035
1912500,h25_load,0.253676
1913400,h25_load,0.253761
1914300,h25_load,0.254016
1915200,h25_load,0.258397
1916100,h25_load,0.260979
1917000,h25_load,0.266175
1917900,h25_load,0.275464
1918800,h25_load,0.285636
1919700,h25_load,0.291410
1920600,h25_load,0.306337
1921500,h25_load,0.324169
1922400,h25_load,0.356129
1923300,h25_load,0.383945
1924200,h25_load,0.404442
1925100,h25_load,0.417298
1926000,h25_load,0.425262
1926900,h25_load,0.428642
1927800,h25_load,0.425873
1928700,h25_load,0.418266
1929600,h25_load,0.407159
1930500,h25_load,0.404986
1931400,h25_load,0.394627
1932300,h25_load,0.389634
1933200,h25_load,0.385032
1934100,h25_load,0.386628
1935000,h25_load,0.385185
1935900,h25_load,0.384777
1936800,h25_load,0.383079
1937700,h25_load,0.385321
1938600,h25_load,0.389974
1939500,h25_load,0.397717
1940400,h25_load,0.408603
1941300,h25_load,0.422222
1942200,h25_load,0.434330
1943100,h25_load,0.441497
1944000,h25_load,0.444486
1944900,h25_load,0.445420
1945800,h25_load,0.446846
1946700,h25_load,0.445861
1947600,h25_load,0.443874
1948500,h25_load,0.441633
1949400,h25_load,0.443127
1950300,h25_load,0.438491
1951200,h25_load,0.432276
1952100,h25_load,0.432072
1953000,h25_load,0.429830
1953900,h25_load,0.431478
1954800,h25_load,0.439119
1955700,h25_load,0.441106
1956600,h25_load,0.446371
1957500,h25_load,0.456220
1958400,h25_load,0.476599
1959300,h25_load,0.495839
1960200,h25_load,0.518102
1961100,h25_load,0.546072
1962000,h25_load,0.590446
1962900,h25_load,0.624579
1963800,h25_load,0.651801
1964700,h25_load,0.677563
1965600,h25_load,0.695581
1966500,h25_load,0.705464
1967400,h25_load,0.711850
1968300,h25_load,0.715280
1969200,h25_load,0.712512
1970100,h25_load,0.705481
1971000,h25_load,0.696379
1971900,h25_load,0.685765
1972800,h25_load,0.671331
1973700,h25_load,0.650732
1974600,h25_load,0.626023
1975500,h25_load,0.607037
1976400,h25_load,0.592738
1977300,h25_load,0.577030
1978200,h25_load,0.558825
1979100,h25_load,0.552576
1980000,h25_load,0.544577
1980900,h25_load,0.516846
1981800,h25_load,0.490694
1982700,h25_load,0.465102
1983600,h25_load,0.441633
1984500,h25_load,0.415667
1985400,h25_load,0.392538
1986300,h25_load,0.369595
1987200,h25_load,0.341591
1988100,h25_load,0.321037
1989000,h25_load,0.304811
1989900,h25_load,0.291963
1990800,h25_load,0.281949
1991700,h25_load,0.272869
1992600,h25_load,0.268100
1993500,h25_load,0.259681
1994400,h25_load,0.259461
1995300,h25_load,0.257016
1996200,h25_load,0.255014
1997100,h25_load,0.253469
1998000,h25_load,0.254895
1998900,h25_load,0.253537
1999800,h25_load,0.253622
2000700,h25_load,0.253877
2001600,h25_load,0.258255
2002500,h25_load,0.260835
2003400,h25_load,0.266029
2004300,h25_load,0.275313
2005200,h25_load,0.285480
2006100,h25_load,0.291250
2007000,h25_load,0.306169
2007900,h25_load,0.323990
2008800,h25_load,0.355933
2009700,h25_load,0.383734
2010600,h25_load,0.404220
2011500,h25_load,0.417068
2012400,h25_load,0.425028
2013300,h25_load,0.428406
2014200,h25_load,0.425639
2015100,h25_load,0.418036
2016000,h25_load,0.406936
2016900,h25_load,0.404763
2017800,h25_load,0.394410
2018700,h25_load,0.389420
2019600,h25_load,0.384820
2020500,h25_load,0.386416
2021400,h25_load,0.384973
2022300,h25_load,0.384566
2023200,h25_load,0.382868
2024100,h25_load,0.385109
2025000,h25_load,0.389759
2025900,h25_load,0.397499
2026800,h25_load,0.408378
2027700,h25_load,0.421990
2028600,h25_load,0.434092
2029500,h25_load,0.441254
2030400,h25_load,0.444241
2031300,h25_load,0.445175
2032200,h25_load,0.446601
2033100,h25_load,0.445616
2034000,h25_load,0.443630
2034900,h25_load,0.441390
2035800,h25_load,0.442884
2036700,h25_load,0.438250
2037600,h25_load,0.432038
2038500,h25_load,0.431834
2039400,h25_load,0.429594
2040300,h25_load,0.431240
2041200,h25_load,0.438878
2042100,h25_load,0.440864
2043000,h25_load,0.446125
2043900,h25_load,0.455970
2044800,h25_load,0.476337
2045700,h25_load,0.495567
2046600,h25_load,0.517818
2047500,h25_load,0.545772
2048400,h25_load,0.590121
2049300,h25_load,0.624236
2050200,h25_load,0.651443
2051100,h25_load,0.677191
2052000,h25_load,0.695199
2052900,h25_load,0.705077
2053800,h25_load,0.711458
2054700,h25_load,0.714887
2055600,h25_load,0.712120
2056500,h25_load,0.705094
2057400,h25_load,0.695996
2058300,h25_load,0.685389
2059200,h25_load,0.670962
2060100,h25_load,0.650374
2061000,h25_load,0.625679
2061900,h25_load,0.606703
2062800,h25_load,0.592413
2063700,h25_load,0.576713
2064600,h25_load,0.558518
2065500,h25_load,0.552272
2066400,h25_load,0.544278
2067300,h25_load,0.516562
2068200,h25_load,0.490424
2069100,h25_load,0.464846
2070000,h25_load,0.441390
2070900,h25_load,0.415439
2071800,h25_load,0.392322
2072700,h25_load,0.369392
2073600,h25_load,0.375742
2074500,h25_load,0.352962
2075400,h25_load,0.335118
2076300,h25_load,0.320395
2077200,h25_load,0.308996
2078100,h25_load,0.297344
2079000,h25_load,0.288150
2079900,h25_load,0.278160
2080800,h25_load,0.274767
2081700,h25_load,0.269577
2082600,h25_load,0.265625
2083500,h25_load,0.261927
2084400,h25_load,0.261181
2085300,h25_load,0.258144
2086200,h25_load,0.256160
2087100,h25_load,0.254922
2088000,h25_load,0.257652
2088900,h25_load,0.255549
2089800,h25_load,0.256075
2090700,h25_load,0.259722
2091600,h25_load,0.260638
2092500,h25_load,0.257686
2093400,h25_load,0.260163
2094300,h25_load,0.268322
2095200,h25_load,0.285063
2096100,h25_load,0.299074
2097000,h25_load,0.315188
2097900,h25_load,0.330369
2098800,h25_load,0.356456
2099700,h25_load,0.378931
2100600,h25_load,0.406189
2101500,h25_load,0.432378
2102400,h25_load,0.455209
2103300,h25_load,0.480312
2104200,h25_load,0.494934
2105100,h25_load,0.509504
2106000,h25_load,0.523006
2106900,h25_load,0.538322
2107800,h25_load,0.547889
2108700,h25_load,0.555861
2109600,h25_load,0.567395
2110500,h25_load,0.579625
2111400,h25_load,0.588937
2112300,h25_load,0.601675
2113200,h25_load,0.621453
2114100,h25_load,0.637804
2115000,h25_load,0.652409
2115900,h25_load,0.659533
2116800,h25_load,0.651238
2117700,h25_load,0.644233
2118600,h25_load,0.636905
2119500,h25_load,0.630884
2120400,h25_load,0.623505
2121300,h25_load,0.615703
2122200,h25_load,0.612243
2123100,h25_load,0.605305
2124000,h25_load,0.599182
2124900,h25_load,0.599284
2125800,h25_load,0.598843
2126700,h25_load,0.595908
2127600,h25_load,0.596349
2128500,h25_load,0.596706
2129400,h25_load,0.597113
2130300,h25_load,0.601302
2131200,h25_load,0.612599
2132100,h25_load,0.625931
2133000,h25_load,0.640501
2133900,h25_load,0.660279
2134800,h25_load,0.689437
2135700,h25_load,0.714269
2136600,h25_load,0.731384
2137500,h25_load,0.745564
2138400,h25_load,0.753434
2139300,h25_load,0.753841
2140200,h25_load,0.747769
2141100,h25_load,0.738253
2142000,h25_load,0.728144
2142900,h25_load,0.713421
2143800,h25_load,0.698376
2144700,h25_load,0.681261
2145600,h25_load,0.664604
2146500,h25_load,0.640841
2147400,h25_load,0.615415
2148300,h25_load,0.600132
2149200,h25_load,0.588445
2150100,h25_load,0.573569
2151000,h25_load,0.556981
2151900,h25_load,0.555810
2152800,h25_load,0.554284
2153700,h25_load,0.532063
2154600,h25_load,0.513609
2155500,h25_load,0.491083
2156400,h25_load,0.467370
2157300,h25_load,0.445354
2158200,h25_load,0.424932
2159100,h25_load,0.406104
2160000,h25_load,0.392360
2160900,h25_load,0.372647
2161800,h25_load,0.358443
2162700,h25_load,0.345527
2163600,h25_load,0.333068
2164500,h25_load,0.322017
2165400,h25_load,0.311305
2166300,h25_load,0.299456
2167200,h25_load,0.295914
2168100,h25_load,0.288303
2169000,h25_load,0.282693
2169900,h25_load,0.277354
2170800,h25_load,0.275828
2171700,h25_load,0.272116
2172600,h25_load,0.268421
2173500,h25_load,0.264980
2174400,h25_load,0.264200
2175300,h25_load,0.261200
2176200,h25_load,0.261895
2177100,h25_load,0.266302
2178000,h25_load,0.266692
2178900,h25_load,0.262522
2179800,h25_load,0.264183
2180700,h25_load,0.268302
2181600,h25_load,0.279320
2182500,h25_load,0.289778
2183400,h25_load,0.300440
2184300,h25_load,0.310491
2185200,h25_load,0.330933
2186100,h25_load,0.347086
2187000,h25_load,0.369630
2187900,h25_load,0.396258
2188800,h25_load,0.421124
2189700,h25_load,0.449346
2190600,h25_load,0.469703
2191500,h25_load,0.493196
2192400,h25_load,0.515468
2193300,h25_load,0.539537
2194200,h25_load,0.560284
2195100,h25_load,0.578641
2196000,h25_load,0.597828
2196900,h25_load,0.617168
2197800,h25_load,0.635779
2198700,h25_load,0.654933
2199600,h25_load,0.681883
2200500,h25_load,0.711156
2201400,h25_load,0.730581
2202300,h25_load,0.733378
2203200,h25_load,0.718885
2204100,h25_load,0.705614
2205000,h25_load,0.693749
2205900,h25_load,0.681968
2206800,h25_load,0.665883
2207700,h25_load,0.651797
2208600,h25_load,0.642678
2209500,h25_load,0.631491
2210400,h25_load,0.620711
2211300,h25_load,0.614405
2212200,h25_load,0.609778
2213100,h25_load,0.605829
2214000,h25_load,0.604456
2214900,h25_load,0.602320
2215800,h25_load,0.600761
2216700,h25_load,0.601896
2217600,h25_load,0.609710
2218500,h25_load,0.620389
2219400,h25_load,0.639763
2220300,h25_load,0.664103
2221200,h25_load,0.695783
2222100,h25_load,0.724530
2223000,h25_load,0.742819
2223900,h25_load,0.758888
2224800,h25_load,0.769956
2225700,h25_load,0.769668
2226600,h25_load,0.762684
2227500,h25_load,0.754548
2228400,h25_load,0.744243
2229300,h25_load,0.729344
2230200,h25_load,0.713665
2231100,h25_load,0.699766
2232000,h25_load,0.683528
2232900,h25_load,0.657323
2233800,h25_load,0.629135
2234700,h25_load,0.607930
2235600,h25_load,0.591930
2236500,h25_load,0.572437
2237400,h25_load,0.554639
2238300,h25_load,0.551114
2239200,h25_load,0.541588
2240100,h25_load,0.512197
2241000,h25_load,0.486873
2241900,h25_load,0.462567
2242800,h25_load,0.439786
2243700,h25_load,0.415022
2244600,h25_load,0.391427
2245500,h25_load,0.367308
2246400,h25_load,0.340871
2247300,h25_load,0.320360
2248200,h25_load,0.304169
2249100,h25_load,0.291348
2250000,h25_load,0.281355
2250900,h25_load,0.272294
2251800,h25_load,0.267534
2252700,h25_load,0.259134
2253600,h25_load,0.258914
2254500,h25_load,0.256475
2255400,h25_load,0.254476
2256300,h25_load,0.252935
2257200,h25_load,0.254358
2258100,h25_load,0.253003
2259000,h25_load,0.253087
2259900,h25_load,0.253341
2260800,h25_load,0.257711
2261700,h25_load,0.260285
2262600,h25_load,0.265468
2263500,h25_load,0.274733
2264400,h25_load,0.284878
2265300,h25_load,0.290636
2266200,h25_load,0.305524
2267100,h25_load,0.323307
2268000,h25_load,0.355183
2268900,h25_load,0.382925
2269800,h25_load,0.403368
2270700,h25_load,0.416189
2271600,h25_load,0.424133
2272500,h25_load,0.427503
2273400,h25_load,0.424742
2274300,h25_load,0.417155
2275200,h25_load,0.406078
2276100,h25_load,0.403910
2277000,h25_load,0.393578
2277900,h25_load,0.388599
2278800,h25_load,0.384009
2279700,h25_load,0.385601
2280600,h25_load,0.384162
2281500,h25_load,0.383755
2282400,h25_load,0.382061
2283300,h25_load,0.384297
2284200,h25_load,0.388938
2285100,h25_load,0.396661
2286000,h25_load,0.407517
2286900,h25_load,0.421101
2287800,h25_load,0.433177
2288700,h25_load,0.440324
2289600,h25_load,0.443305
2290500,h25_load,0.444237
2291400,h25_load,0.445659
2292300,h25_load,0.444677
2293200,h25_load,0.442695
2294100,h25_load,0.440460
2295000,h25_load,0.441950
2295900,h25_load,0.437326
2296800,h25_load,0.431127
2297700,h25_load,0.430924
2298600,h25_load,0.428689
2299500,h25_load,0.430331
2300400,h25_load,0.437953
2301300,h25_load,0.439935
2302200,h25_load,0.445185
2303100,h25_load,0.455008
2304000,h25_load,0.475333
2304900,h25_load,0.494522
2305800,h25_load,0.516726
2306700,h25_load,0.544621
2307600,h25_load,0.588877
2308500,h25_load,0.622920
2309400,h25_load,0.650070
2310300,h25_load,0.675763
2311200,h25_load,0.693733
2312100,h25_load,0.703590
2313000,h25_load,0.709959
2313900,h25_load,0.713380
2314800,h25_load,0.710619
2315700,h25_load,0.703607
2316600,h25_load,0.694529
2317500,h25_load,0.683944
2318400,h25_load,0.669547
2319300,h25_load,0.649003
2320200,h25_load,0.624360
2321100,h25_load,0.605425
2322000,h25_load,0.591164
2322900,h25_load,0.575497
2323800,h25_load,0.557341
2324700,h25_load,0.551108
2325600,h25_load,0.543131
2326500,h25_load,0.515473
2327400,h25_load,0.489390
2328300,h25_load,0.463866
2329200,h25_load,0.440460
2330100,h25_load,0.414563
2331000,h25_load,0.391495
2331900,h25_load,0.368614
2332800,h25_load,0.340580
2333700,h25_load,0.320087
2334600,h25_load,0.303909
2335500,h25_load,0.291099
2336400,h25_load,0.281115
2337300,h25_load,0.272061
2338200,h25_load,0.267306
2339100,h25_load,0.258913
2340000,h25_load,0.258693
2340900,h25_load,0.256256
2341800,h25_load,0.254259
2342700,h25_load,0.252719
2343600,h25_load,0.254141
2344500,h25_load,0.252787
2345400,h25_load,0.252871
2346300,h25_load,0.253125
2347200,h25_load,0.257491
2348100,h25_load,0.260063
2349000,h25_load,0.265242
2349900,h25_load,0.274498
2350800,h25_load,0.284635
2351700,h25_load,0.290388
2352600,h25_load,0.305263
2353500,h25_load,0.323032
2354400,h25_load,0.354880
2355300,h25_load,0.382599
2356200,h25_load,0.403024
2357100,h25_load,0.415834
2358000,h25_load,0.423771
2358900,h25_load,0.427138
2359800,h25_load,0.424380
2360700,h25_load,0.416799
2361600,h25_load,0.405731
2362500,h25_load,0.403565
2363400,h25_load,0.393243
2364300,h25_load,0.388268
2365200,h25_load,0.383682
2366100,h25_load,0.385272
2367000,h25_load,0.383834
2367900,h25_load,0.383428
2368800,h25_load,0.381736
2369700,h25_load,0.383969
2370600,h25_load,0.388606
2371500,h25_load,0.396323
2372400,h25_load,0.407170
2373300,h25_load,0.420742
2374200,h25_load,0.432807
2375100,h25_load,0.439949
2376000,h25_load,0.442927
2376900,h25_load,0.443858
2377800,h25_load,0.445279
2378700,h25_load,0.444298
2379600,h25_load,0.442318
2380500,h25_load,0.440084
2381400,h25_load,0.441573
2382300,h25_load,0.436953
2383200,h25_load,0.430760
2384100,h25_load,0.430557
2385000,h25_load,0.428323
2385900,h25_load,0.429964
2386800,h25_load,0.437579
2387700,h25_load,0.439559
2388600,h25_load,0.444805
2389500,h25_load,0.454620
2390400,h25_load,0.474927
2391300,h25_load,0.494100
2392200,h25_load,0.516286
2393100,h25_load,0.544157
2394000,h25_load,0.588375
2394900,h25_load,0.622389
2395800,h25_load,0.649516
2396700,h25_load,0.675187
2397600,h25_load,0.693142
2398500,h25_load,0.702990
2399400,h25_load,0.709353
2400300,h25_load,0.712772
2401200,h25_load,0.710013
2402100,h25_load,0.703007
2403000,h25_load,0.693937
2403900,h25_load,0.683360
2404800,h25_load,0.668976
2405700,h25_load,0.648449
2406600,h25_load,0.623827
2407500,h25_load,0.604908
2408400,h25_load,0.590659
2409300,h25_load,0.575006
2410200,h25_load,0.556865
2411100,h25_load,0.550638
2412000,h25_load,0.542668
2412900,h25_load,0.515033
2413800,h25_load,0.488973
2414700,h25_load,0.463471
2415600,h25_load,0.440084
2416500,h25_load,0.414210
2417400,h25_load,0.391161
2418300,h25_load,0.368299
2419200,h25_load,0.340265
2420100,h25_load,0.319791
2421000,h25_load,0.303628
2421900,h25_load,0.290830
2422800,h25_load,0.280855
2423700,h25_load,0.271810
2424600,h25_load,0.267059
2425500,h25_load,0.258673
2426400,h25_load,0.258453
2427300,h25_load,0.256019
2428200,h25_load,0.254024
2429100,h25_load,0.252485
2430000,h25_load,0.253905
2430900,h25_load,0.252553
2431800,h25_load,0.252637
2432700,h25_load,0.252891
2433600,h25_load,0.257253
2434500,h25_load,0.259823
2435400,h25_load,0.264996
2436300,h25_load,0.274244
2437200,h25_load,0.284371
2438100,h25_load,0.290120
2439000,h25_load,0.304981
2439900,h25_load,0.322733
2440800,h25_load,0.354551
2441700,h25_load,0.382244
2442600,h25_load,0.402651
2443500,h25_load,0.415449
2444400,h25_load,0.423378
2445300,h25_load,0.426743
2446200,h25_load,0.423987
2447100,h25_load,0.416413
2448000,h25_load,0.405356
2448900,h25_load,0.403192
2449800,h25_load,0.392879
2450700,h25_load,0.387908
2451600,h25_load,0.383326
2452500,h25_load,0.384916
2453400,h25_load,0.383479
2454300,h25_load,0.383073
2455200,h25_load,0.381382
2456100,h25_load,0.383614
2457000,h25_load,0.388246
2457900,h25_load,0.395956
2458800,h25_load,0.406793
2459700,h25_load,0.420352
2460600,h25_load,0.432407
2461500,h25_load,0.439541
2462400,h25_load,0.442517
2463300,h25_load,0.443447
2464200,h25_load,0.444867
2465100,h25_load,0.443886
2466000,h25_load,0.441908
2466900,h25_load,0.439676
2467800,h25_load,0.441164
2468700,h25_load,0.436549
2469600,h25_load,0.430361
2470500,h25_load,0.430158
2471400,h25_load,0.427926
2472300,h25_load,0.429566
2473200,h25_load,0.437174
2474100,h25_load,0.439152
2475000,h25_load,0.444393
2475900,h25_load,0.454199
2476800,h25_load,0.474487
2477700,h25_load,0.493643
2478600,h25_load,0.515807
2479500,h25_load,0.543653
2480400,h25_load,0.587830
2481300,h25_load,0.621813
2482200,h25_load,0.648914
2483100,h25_load,0.674562
2484000,h25_load,0.692500
2484900,h25_load,0.702339
2485800,h25_load,0.708696
2486700,h25_load,0.712112
2487600,h25_load,0.709356
2488500,h25_load,0.702356
2489400,h25_load,0.693294
2490300,h25_load,0.682728
2491200,h25_load,0.668357
2492100,h25_load,0.647849
2493000,h25_load,0.623250
2493900,h25_load,0.604348
2494800,h25_load,0.590113
2495700,h25_load,0.574474
2496600,h25_load,0.556350
2497500,h25_load,0.550128
2498400,h25_load,0.542165
2499300,h25_load,0.514556
2500200,h25_load,0.488520
2501100,h25_load,0.463042
2502000,h25_load,0.439676
2502900,h25_load,0.413826
2503800,h25_load,0.390799
2504700,h25_load,0.367958
2505600,h25_load,0.339925
2506500,h25_load,0.319472
2507400,h25_load,0.303325
2508300,h25_load,0.290539
2509200,h25_load,0.280574
2510100,h25_load,0.271538
2511000,h25_load,0.266792
2511900,h25_load,0.258415
2512800,h25_load,0.258195
2513700,h25_load,0.255763
2514600,h25_load,0.253770
2515500,h25_load,0.252233
2516400,h25_load,0.253652
2517300,h25_load,0.252301
2518200,h25_load,0.252385
2519100,h25_load,0.252639
2520000,h25_load,0.256996
2520900,h25_load,0.259563
2521800,h25_load,0.264732
2522700,h25_load,0.273970
2523600,h25_load,0.284088
2524500,h25_load,0.289830
2525400,h25_load,0.304676
2526300,h25_load,0.322411
2527200,h25_load,0.354197
2528100,h25_load,0.381863
2529000,h25_load,0.402249
2529900,h25_load,0.415035
2530800,h25_load,0.422956
2531700,h25_load,0.426317
2532600,h25_load,0.423564
2533500,h25_load,0.415997
2534400,h25_load,0.404951
2535300,h25_load,0.402789
2536200,h25_load,0.392487
2537100,h25_load,0.387521
2538000,h25_load,0.382944
2538900,h25_load,0.384532
2539800,h25_load,0.383096
2540700,h25_load,0.382691
2541600,h25_load,0.381002
2542500,h25_load,0.383231
2543400,h25_load,0.387859
2544300,h25_load,0.395561
2545200,h25_load,0.406387
2546100,h25_load,0.419933
2547000,h25_load,0.431975
2547900,h25_load,0.439103
2548800,h25_load,0.442075
2549700,h25_load,0.443004
2550600,h25_load,0.444423
2551500,h25_load,0.443443
2552400,h25_load,0.441467
2553300,h25_load,0.439238
2554200,h25_load,0.440724
2555100,h25_load,0.436113
2556000,h25_load,0.429931
2556900,h25_load,0.429729
2557800,h25_load,0.427499
2558700,h25_load,0.429138
2559600,h25_load,0.436738
2560500,h25_load,0.438714
2561400,h25_load,0.443950
2562300,h25_load,0.453746
2563200,h25_load,0.474014
2564100,h25_load,0.493150
2565000,h25_load,0.515293
2565900,h25_load,0.543110
2566800,h25_load,0.587244
2567700,h25_load,0.621192
2568600,h25_load,0.648267
2569500,h25_load,0.673889
2570400,h25_load,0.691809
2571300,h25_load,0.701639
2572200,h25_load,0.707989
2573100,h25_load,0.711401
2574000,h25_load,0.708648
2574900,h25_load,0.701656
2575800,h25_load,0.692603
2576700,h25_load,0.682046
2577600,h25_load,0.667690
2578500,h25_load,0.647203
2579400,h25_load,0.622628
2580300,h25_load,0.603745
2581200,h25_load,0.589524
2582100,h25_load,0.573901
2583000,h25_load,0.555795
2583900,h25_load,0.549579
2584800,h25_load,0.541624
2585700,h25_load,0.514043
2586600,h25_load,0.488033
2587500,h25_load,0.462580
2588400,h25_load,0.439238
2589300,h25_load,0.413413
2590200,h25_load,0.390409
2591100,h25_load,0.367591
2592000,h25_load,0.339562
2592900,h25_load,0.319130
2593800,h25_load,0.303001
2594700,h25_load,0.290229
2595600,h25_load,0.280275
2596500,h25_load,0.271248
2597400,h25_load,0.266507
2598300,h25_load,0.258139
2599200,h25_load,0.257919
2600100,h25_load,0.255490
2601000,h25_load,0.253499
2601900,h25_load,0.251964
2602800,h25_load,0.253381
2603700,h25_load,0.252031
2604600,h25_load,0.252116
2605500,h25_load,0.252369
2606400,h25_load,0.256722
2607300,h25_load,0.259286
2608200,h25_load,0.264449
2609100,h25_load,0.273678
2610000,h25_load,0.283784
2610900,h25_load,0.289520
2611800,h25_load,0.304351
2612700,h25_load,0.322066
2613600,h25_load,0.353819
2614500,h25_load,0.381455
2615400,h25_load,0.401819
2616300,h25_load,0.414591
2617200,h25_load,0.422504
2618100,h25_load,0.425862
2619000,h25_load,0.423111
2619900,h25_load,0.415553
2620800,h25_load,0.404519
2621700,h25_load,0.402359
2622600,h25_load,0.392067
2623500,h25_load,0.387107
2624400,h25_load,0.382535
2625300,h25_load,0.384121
2626200,h25_load,0.382687
2627100,h25_load,0.382282
2628000,h25_load,0.380594
2628900,h25_load,0.382822
2629800,h25_load,0.387444
2630700,h25_load,0.395138
2631600,h25_load,0.405953
2632500,h25_load,0.419484
2633400,h25_load,0.431514
2634300,h25_load,0.438634
2635200,h25_load,0.441603
2636100,h25_load,0.442531
2637000,h25_load,0.443948
2637900,h25_load,0.442970
2638800,h25_load,0.440996
2639700,h25_load,0.438768
2640600,h25_load,0.440253
2641500,h25_load,0.435647
2642400,h25_load,0.429472
2643300,h25_load,0.429270
2644200,h25_load,0.427043
2645100,h25_load,0.428679
2646000,h25_load,0.436271
2646900,h25_load,0.438245
2647800,h25_load,0.443476
2648700,h25_load,0.453261
2649600,h25_load,0.473508
2650500,h25_load,0.492623
2651400,h25_load,0.514742
2652300,h25_load,0.542530
2653200,h25_load,0.586616
2654100,h25_load,0.620529
2655000,h25_load,0.647574
2655900,h25_load,0.673169
2656800,h25_load,0.691070
2657700,h25_load,0.700889
2658600,h25_load,0.707233
2659500,h25_load,0.710641
2660400,h25_load,0.707891
2661300,h25_load,0.700906
2662200,h25_load,0.691863
2663100,h25_load,0.681318
2664000,h25_load,0.666977
2664900,h25_load,0.646511
2665800,h25_load,0.621963
2666700,h25_load,0.603100
2667600,h25_load,0.588894
2668500,h25_load,0.573288
2669400,h25_load,0.555201
2670300,h25_load,0.548992
2671200,h25_load,0.541045
2672100,h25_load,0.513494
2673000,h25_load,0.487511
2673900,h25_load,0.462085
2674800,h25_load,0.438768
2675700,h25_load,0.412971
2676600,h25_load,0.389992
2677500,h25_load,0.367198
2678400,h25_load,0.374920
2679300,h25_load,0.352439
2680200,h25_load,0.337288
2681100,h25_load,0.324076
2682000,h25_load,0.312565
2682900,h25_load,0.301830
2683800,h25_load,0.294196
2684700,h25_load,0.284455
2685600,h25_load,0.281826
2686500,h25_load,0.277411
2687400,h25_load,0.274563
2688300,h25_load,0.271732
2689200,h25_load,0.271850
2690100,h25_load,0.269659
2691000,h25_load,0.268883
2691900,h25_load,0.267889
2692800,h25_load,0.270569
2693700,h25_load,0.269642
2694600,h25_load,0.270131
2695500,h25_load,0.275018
2696400,h25_load,0.274967
2697300,h25_load,0.272827
2698200,h25_load,0.275001
2699100,h25_load,0.283630
2700000,h25_load,0.300870
2700900,h25_load,0.315077
2701800,h25_load,0.334406
2702700,h25_load,0.350181
2703600,h25_load,0.377650
2704500,h25_load,0.403334
2705400,h25_load,0.431242
2706300,h25_load,0.460161
2707200,h25_load,0.487344
2708100,h25_load,0.509775
2709000,h25_load,0.521622
2709900,h25_load,0.531211
2710800,h25_load,0.540784
2711700,h25_load,0.553507
2712600,h25_load,0.561024
2713500,h25_load,0.569972
2714400,h25_load,0.577101
2715300,h25_load,0.585730
2716200,h25_load,0.592858
2717100,h25_load,0.601335
2718000,h25_load,0.617362
2718900,h25_load,0.630962
2719800,h25_load,0.644781
2720700,h25_load,0.647983
2721600,h25_load,0.636271
2722500,h25_load,0.626277
2723400,h25_load,0.615222
2724300,h25_load,0.606660
2725200,h25_load,0.597998
2726100,h25_load,0.592285
2727000,h25_load,0.588746
2727900,h25_load,0.578062
2728800,h25_load,0.572062
2729700,h25_load,0.568169
2730600,h25_load,0.566703
2731500,h25_load,0.565456
2732400,h25_load,0.565759
2733300,h25_load,0.567411
2734200,h25_load,0.566046
2735100,h25_load,0.565152
2736000,h25_load,0.570107
2736900,h25_load,0.577674
2737800,h25_load,0.586235
2738700,h25_load,0.598891
2739600,h25_load,0.621221
2740500,h25_load,0.644983
2741400,h25_load,0.673818
2742300,h25_load,0.706866
2743200,h25_load,0.731050
2744100,h25_load,0.747734
2745000,h25_load,0.748711
2745900,h25_load,0.741397
2746800,h25_load,0.732954
2747700,h25_load,0.718191
2748600,h25_load,0.702838
2749500,h25_load,0.685935
2750400,h25_load,0.668981
2751300,h25_load,0.646365
2752200,h25_load,0.620699
2753100,h25_load,0.604251
2754000,h25_load,0.591813
2754900,h25_load,0.577067
2755800,h25_load,0.560653
2756700,h25_load,0.557367
2757600,h25_load,0.555530
2758500,h25_load,0.533183
2759400,h25_load,0.514578
2760300,h25_load,0.490782
2761200,h25_load,0.467711
2762100,h25_load,0.445937
2763000,h25_load,0.425562
2763900,h25_load,0.407395
2764800,h25_load,0.387647
2765700,h25_load,0.365059
2766600,h25_load,0.350465
2767500,h25_load,0.337656
2768400,h25_load,0.325806
2769300,h25_load,0.314898
2770200,h25_load,0.304866
2771100,h25_load,0.294127
2772000,h25_load,0.293101
2772900,h25_load,0.287630
2773800,h25_load,0.283270
2774700,h25_load,0.280224
2775600,h25_load,0.279635
2776500,h25_load,0.277514
2777400,h25_load,0.274837
2778300,h25_load,0.272919
2779200,h25_load,0.273205
2780100,h25_load,0.270663
2781000,h25_load,0.272026
2781900,h25_load,0.278675
2782800,h25_load,0.279685
2783700,h25_load,0.276100
2784600,h25_load,0.278642
2785500,h25_load,0.284095
2786400,h25_load,0.295979
2787300,h25_load,0.308435
2788200,h25_load,0.322742
2789100,h25_load,0.335821
2790000,h25_load,0.360160
2790900,h25_load,0.382110
2791800,h25_load,0.415404
2792700,h25_load,0.448749
2793600,h25_load,0.480797
2794500,h25_load,0.511567
2795400,h25_load,0.532001
2796300,h25_load,0.553479
2797200,h25_load,0.572365
2798100,h25_load,0.595627
2799000,h25_load,0.614833
2799900,h25_load,0.631413
2800800,h25_load,0.645669
2801700,h25_load,0.662889
2802600,h25_load,0.677381
2803500,h25_load,0.694433
2804400,h25_load,0.719479
2805300,h25_load,0.742674
2806200,h25_load,0.756779
2807100,h25_load,0.754036
2808000,h25_load,0.730487
2808900,h25_load,0.713116
2809800,h25_load,0.691605
2810700,h25_load,0.672079
2811600,h25_load,0.650130
2812500,h25_load,0.635318
2813400,h25_load,0.623788
2814300,h25_load,0.610120
2815200,h25_load,0.598287
2816100,h25_load,0.589685
2817000,h25_load,0.584063
2817900,h25_load,0.577263
2818800,h25_load,0.573358
2819700,h25_load,0.568679
2820600,h25_load,0.564673
2821500,h25_load,0.563158
2822400,h25_load,0.565379
2823300,h25_load,0.571119
2824200,h25_load,0.582481
2825100,h25_load,0.598943
2826000,h25_load,0.622525
2826900,h25_load,0.652487
2827800,h25_load,0.682229
2828700,h25_load,0.716685
2829600,h25_load,0.749070
2830500,h25_load,0.766879
2831400,h25_load,0.770801
2832300,h25_load,0.769286
2833200,h25_load,0.757015
2834100,h25_load,0.742068
2835000,h25_load,0.725353
2835900,h25_load,0.710171
2836800,h25_load,0.693827
2837700,h25_load,0.665262
2838600,h25_load,0.635553
2839500,h25_load,0.611719
2840400,h25_load,0.595105
2841300,h25_load,0.575428
2842200,h25_load,0.556189
2843100,h25_load,0.551527
2844000,h25_load,0.539273
2844900,h25_load,0.509564
2845800,h25_load,0.482531
2846700,h25_load,0.457703
2847600,h25_load,0.436613
2848500,h25_load,0.411297
2849400,h25_load,0.388506
2850300,h25_load,0.366321
2851200,h25_load,0.340907
2852100,h25_load,0.321036
2853000,h25_load,0.306293
2853900,h25_load,0.294257
2854800,h25_load,0.284641
2855700,h25_load,0.276068
2856600,h25_load,0.272184
2857500,h25_load,0.264233
2858400,h25_load,0.264939
2859300,h25_load,0.262652
2860200,h25_load,0.261156
2861100,h25_load,0.260080
2862000,h25_load,0.261459
2862900,h25_load,0.260517
2863800,h25_load,0.260938
2864700,h25_load,0.261543
2865600,h25_load,0.266368
2866500,h25_load,0.269511
2867400,h25_load,0.274723
2868300,h25_load,0.284960
2869200,h25_load,0.295215
2870100,h25_load,0.301284
2871000,h25_load,0.316380
2871900,h25_load,0.335040
2872800,h25_load,0.367771
2873700,h25_load,0.396248
2874600,h25_load,0.417816
2875500,h25_load,0.430559
2876400,h25_load,0.434779
2877300,h25_load,0.434459
2878200,h25_load,0.427315
2879100,h25_load,0.419145
2880000,h25_load,0.408772
2880900,h25_load,0.405326
2881800,h25_load,0.395021
2882700,h25_load,0.388044
2883600,h25_load,0.383455
2884500,h25_load,0.383590
2885400,h25_load,0.381724
2886300,h25_load,0.380059
2887200,h25_load,0.376361
2888100,h25_load,0.375487
2889000,h25_load,0.379454
2889900,h25_load,0.384750
2890800,h25_load,0.397610
2891700,h25_load,0.408856
2892600,h25_load,0.419682
2893500,h25_load,0.425751
2894400,h25_load,0.426323
2895300,h25_load,0.425634
2896200,h25_load,0.424053
2897100,h25_load,0.421498
2898000,h25_load,0.417850
2898900,h25_load,0.416472
2899800,h25_load,0.415766
2900700,h25_load,0.410605
2901600,h25_load,0.403124
2902500,h25_load,0.401644
2903400,h25_load,0.399711
2904300,h25_load,0.401544
2905200,h25_load,0.407797
2906100,h25_load,0.408705
2907000,h25_load,0.411748
2907900,h25_load,0.418186
2908800,h25_load,0.433720
2909700,h25_load,0.446580
2910600,h25_load,0.461794
2911500,h25_load,0.481664
2912400,h25_load,0.514748
2913300,h25_load,0.546150
2914200,h25_load,0.579587
2915100,h25_load,0.622757
2916000,h25_load,0.661506
2916900,h25_load,0.689984
2917800,h25_load,0.706543
2918700,h25_load,0.715906
2919600,h25_load,0.715351
2920500,h25_load,0.709989
2921400,h25_load,0.700289
2922300,h25_load,0.691077
2923200,h25_load,0.675258
2924100,h25_load,0.653689
2925000,h25_load,0.629028
2925900,h25_load,0.608703
2926800,h25_load,0.592481
2927700,h25_load,0.575721
2928600,h25_load,0.557699
2929500,h25_load,0.550370
2930400,h25_load,0.539829
2931300,h25_load,0.512125
2932200,h25_load,0.486472
2933100,h25_load,0.460835
2934000,h25_load,0.439805
2934900,h25_load,0.413563
2935800,h25_load,0.390650
2936700,h25_load,0.368645
2937600,h25_load,0.340450
2938500,h25_load,0.320606
2939400,h25_load,0.305883
2940300,h25_load,0.293862
2941200,h25_load,0.284259
2942100,h25_load,0.275697
2943000,h25_load,0.271819
2943900,h25_load,0.263878
2944800,h25_load,0.264584
2945700,h25_load,0.262300
2946600,h25_load,0.260806
2947500,h25_load,0.259732
2948400,h25_load,0.261108
2949300,h25_load,0.260168
2950200,h25_load,0.260588
2951100,h25_load,0.261192
2952000,h25_load,0.266011
2952900,h25_load,0.269150
2953800,h25_load,0.274354
2954700,h25_load,0.284578
2955600,h25_load,0.294819
2956500,h25_load,0.300880
2957400,h25_load,0.315956
2958300,h25_load,0.334591
2959200,h25_load,0.367278
2960100,h25_load,0.395717
2961000,h25_load,0.417256
2961900,h25_load,0.429982
2962800,h25_load,0.434196
2963700,h25_load,0.433877
2964600,h25_load,0.426742
2965500,h25_load,0.418583
2966400,h25_load,0.408224
2967300,h25_load,0.404783
2968200,h25_load,0.394491
2969100,h25_load,0.387524
2970000,h25_load,0.382941
2970900,h25_load,0.383075
2971800,h25_load,0.381212
2972700,h25_load,0.379550
2973600,h25_load,0.375856
2974500,h25_load,0.374983
2975400,h25_load,0.378945
2976300,h25_load,0.384234
2977200,h25_load,0.397077
2978100,h25_load,0.408308
2979000,h25_load,0.419120
2979900,h25_load,0.425180
2980800,h25_load,0.425751
2981700,h25_load,0.425063
2982600,h25_load,0.423485
2983500,h25_load,0.420933
2984400,h25_load,0.417290
2985300,h25_load,0.415913
2986200,h25_load,0.415208
2987100,h25_load,0.410054
2988000,h25_load,0.402583
2988900,h25_load,0.401106
2989800,h25_load,0.399175
2990700,h25_load,0.401005
2991600,h25_load,0.407250
2992500,h25_load,0.408157
2993400,h25_load,0.411196
2994300,h25_load,0.417626
2995200,h25_load,0.433138
2996100,h25_load,0.445981
2997000,h25_load,0.461175
2997900,h25_load,0.481018
2998800,h25_load,0.514058
2999700,h25_load,0.545418
3000600,h25_load,0.578810
3001500,h25_load,0.621922
3002400,h25_load,0.660619
3003300,h25_load,0.689059
3004200,h25_load,0.705595
3005100,h25_load,0.714946
3006000,h25_load,0.714392
3006900,h25_load,0.709037
3007800,h25_load,0.699350
3008700,h25_load,0.690150
3009600,h25_load,0.674352
3010500,h25_load,0.652813
3011400,h25_load,0.628184
3012300,h25_load,0.607887
3013200,h25_load,0.591687
3014100,h25_load,0.574949
3015000,h25_load,0.556952
3015900,h25_load,0.549632
3016800,h25_load,0.539106
3017700,h25_load,0.511439
3018600,h25_load,0.485820
3019500,h25_load,0.460218
3020400,h25_load,0.439215
3021300,h25_load,0.413009
3022200,h25_load,0.390126
3023100,h25_load,0.368151
3024000,h25_load,0.339971
3024900,h25_load,0.320155
3025800,h25_load,0.305453
3026700,h25_load,0.293449
3027600,h25_load,0.283860
3028500,h25_load,0.275310
3029400,h25_load,0.271437
3030300,h25_load,0.263507
3031200,h25_load,0.264212
3032100,h25_load,0.261932
3033000,h25_load,0.260439
3033900,h25_load,0.259367
3034800,h25_load,0.260741
3035700,h25_load,0.259802
3036600,h25_load,0.260222
3037500,h25_load,0.260825
3038400,h25_load,0.265637
3039300,h25_load,0.268772
3040200,h25_load,0.273969
3041100,h25_load,0.284178
3042000,h25_load,0.294405
3042900,h25_load,0.300457
3043800,h25_load,0.315511
3044700,h25_load,0.334120
3045600,h25_load,0.366761
3046500,h25_load,0.395161
3047400,h25_load,0.416670
3048300,h25_load,0.429377
3049200,h25_load,0.433585
3050100,h25_load,0.433267
3051000,h25_load,0.426142
3051900,h25_load,0.417994
3052800,h25_load,0.407650
3053700,h25_load,0.404213
3054600,h25_load,0.393937
3055500,h25_load,0.386979
3056400,h25_load,0.382403
3057300,h25_load,0.382537
3058200,h25_load,0.380676
3059100,h25_load,0.379016
3060000,h25_load,0.375328
3060900,h25_load,0.374456
3061800,h25_load,0.378413
3062700,h25_load,0.383693
3063600,h25_load,0.396518
3064500,h25_load,0.407734
3065400,h25_load,0.418531
3066300,h25_load,0.424583
3067200,h25_load,0.425153
3068100,h25_load,0.424465
3069000,h25_load,0.422889
3069900,h25_load,0.420341
3070800,h25_load,0.416703
3071700,h25_load,0.415328
3072600,h25_load,0.414624
3073500,h25_load,0.409478
3074400,h25_load,0.402017
3075300,h25_load,0.400542
3076200,h25_load,0.398614
3077100,h25_load,0.400441
3078000,h25_load,0.406678
3078900,h25_load,0.407583
3079800,h25_load,0.410618
3080700,h25_load,0.417038
3081600,h25_load,0.432529
3082500,h25_load,0.445354
3083400,h25_load,0.460526
3084300,h25_load,0.480342
3085200,h25_load,0.513335
3086100,h25_load,0.544651
3087000,h25_load,0.577996
3087900,h25_load,0.621048
3088800,h25_load,0.659691
3089700,h25_load,0.688090
3090600,h25_load,0.704603
3091500,h25_load,0.713941
3092400,h25_load,0.713388
3093300,h25_load,0.708040
3094200,h25_load,0.698367
3095100,h25_load,0.689180
3096000,h25_load,0.673404
3096900,h25_load,0.651895
3097800,h25_load,0.627301
3098700,h25_load,0.607033
3099600,h25_load,0.590855
3100500,h25_load,0.574140
3101400,h25_load,0.556169
3102300,h25_load,0.548859
3103200,h25_load,0.538348
3104100,h25_load,0.510720
3105000,h25_load,0.485137
3105900,h25_load,0.459570
3106800,h25_load,0.438598
3107700,h25_load,0.412428
3108600,h25_load,0.389578
3109500,h25_load,0.367633
3110400,h25_load,0.339471
3111300,h25_load,0.319685
3112200,h25_load,0.305003
3113100,h25_load,0.293018
3114000,h25_load,0.283442
3114900,h25_load,0.274905
3115800,h25_load,0.271038
3116700,h25_load,0.263120
3117600,h25_load,0.263823
3118500,h25_load,0.261546
3119400,h25_load,0.260056
3120300,h25_load,0.258985
3121200,h25_load,0.260358
3122100,h25_load,0.259420
3123000,h25_load,0.259839
3123900,h25_load,0.260442
3124800,h25_load,0.265246
3125700,h25_load,0.268376
3126600,h25_load,0.273566
3127500,h25_load,0.283760
3128400,h25_load,0.293972
3129300,h25_load,0.300015
3130200,h25_load,0.315048
3131100,h25_load,0.333629
3132000,h25_load,0.366222
3132900,h25_load,0.394579
3133800,h25_load,0.416057
3134700,h25_load,0.428746
3135600,h25_load,0.432948
3136500,h25_load,0.432630
3137400,h25_load,0.425515
3138300,h25_load,0.417379
3139200,h25_load,0.407051
3140100,h25_load,0.403619
3141000,h25_load,0.393357
3141900,h25_load,0.386410
3142800,h25_load,0.381840
3143700,h25_load,0.381974
3144600,h25_load,0.380116
3145500,h25_load,0.378459
3146400,h25_load,0.374776
3147300,h25_load,0.373905
3148200,h25_load,0.377856
3149100,h25_load,0.383129
3150000,h25_load,0.395935
3150900,h25_load,0.407134
3151800,h25_load,0.417915
3152700,h25_load,0.423958
3153600,h25_load,0.424527
3154500,h25_load,0.423841
3155400,h25_load,0.422267
3156300,h25_load,0.419723
3157200,h25_load,0.416090
3158100,h25_load,0.414718
3159000,h25_load,0.414015
3159900,h25_load,0.408875
3160800,h25_load,0.401426
3161700,h25_load,0.399953
3162600,h25_load,0.398028
3163500,h25_load,0.399853
3164400,h25_load,0.406080
3165300,h25_load,0.406984
3166200,h25_load,0.410014
3167100,h25_load,0.416425
3168000,h25_load,0.431893
3168900,h25_load,0.444699
3169800,h25_load,0.459849
3170700,h25_load,0.479636
3171600,h25_load,0.512580
3172500,h25_load,0.543850
3173400,h25_load,0.577146
3174300,h25_load,0.620135
3175200,h25_load,0.658720
3176100,h25_load,0.687078
3177000,h25_load,0.703567
3177900,h25_load,0.712891
3178800,h25_load,0.712339
3179700,h25_load,0.706999
3180600,h25_load,0.697340
3181500,h25_load,0.688166
3182400,h25_load,0.672414
3183300,h25_load,0.650936
3184200,h25_load,0.626379
3185100,h25_load,0.606140
3186000,h25_load,0.589986
3186900,h25_load,0.573296
3187800,h25_load,0.555351
3188700,h25_load,0.548052
3189600,h25_load,0.537556
3190500,h25_load,0.509969
3191400,h25_load,0.484423
3192300,h25_load,0.458895
3193200,h25_load,0.437953
3194100,h25_load,0.411822
3195000,h25_load,0.389005
3195900,h25_load,0.367092
3196800,h25_load,0.338950
3197700,h25_load,0.319194
3198600,h25_load,0.304536
3199500,h25_load,0.292568
3200400,h25_load,0.283008
3201300,h25_load,0.274483
3202200,h25_load,0.270622
3203100,h25_load,0.262716
3204000,h25_load,0.263418
3204900,h25_load,0.261145
3205800,h25_load,0.259658
3206700,h25_load,0.258588
3207600,h25_load,0.259958
3208500,h25_load,0.259022
3209400,h25_load,0.259440
3210300,h25_load,0.260042
3211200,h25_load,0.264839
3212100,h25_load,0.267965
3213000,h25_load,0.273146
3213900,h25_load,0.283325
3214800,h25_load,0.293521
3215700,h25_load,0.299555
3216600,h25_load,0.314564
3217500,h25_load,0.333117
3218400,h25_load,0.365660
3219300,h25_load,0.393974
3220200,h25_load,0.415419
3221100,h25_load,0.428088
3222000,h25_load,0.432283
3222900,h25_load,0.431966
3223800,h25_load,0.424862
3224700,h25_load,0.416739
3225600,h25_load,0.406426
3226500,h25_load,0.403000
3227400,h25_load,0.392754
3228300,h25_load,0.385818
3229200,h25_load,0.381255
3230100,h25_load,0.381388
3231000,h25_load,0.379533
3231900,h25_load,0.377878
3232800,h25_load,0.374201
3233700,h25_load,0.373332
3234600,h25_load,0.377277
3235500,h25_load,0.382542
3236400,h25_load,0.395328
3237300,h25_load,0.406510
3238200,h25_load,0.417274
3239100,h25_load,0.423308
3240000,h25_load,0.423876
3240900,h25_load,0.423191
3241800,h25_load,0.421620
3242700,h25_load,0.419079
3243600,h25_load,0.415452
3244500,h25_load,0.414082
3245400,h25_load,0.413380
3246300,h25_load,0.408248
3247200,h25_load,0.400810
3248100,h25_load,0.399339
3249000,h25_load,0.397417
3249900,h25_load,0.399239
3250800,h25_load,0.405457
3251700,h25_load,0.406360
3252600,h25_load,0.409385
3253500,h25_load,0.415786
3254400,h25_load,0.431230
3255300,h25_load,0.444017
3256200,h25_load,0.459143
3257100,h25_load,0.478900
3258000,h25_load,0.511794
3258900,h25_load,0.543016
3259800,h25_load,0.576261
3260700,h25_load,0.619183
3261600,h25_load,0.657710
3262500,h25_load,0.686024
3263400,h25_load,0.702488
3264300,h25_load,0.711798
3265200,h25_load,0.711246
3266100,h25_load,0.705914
3267000,h25_load,0.696270
3267900,h25_load,0.687111
3268800,h25_load,0.671382
3269700,h25_load,0.649938
3270600,h25_load,0.625418
3271500,h25_load,0.605210
3272400,h25_load,0.589081
3273300,h25_load,0.572417
3274200,h25_load,0.554499
3275100,h25_load,0.547211
3276000,h25_load,0.536732
3276900,h25_load,0.509186
3277800,h25_load,0.483680
3278700,h25_load,0.458191
3279600,h25_load,0.437281
3280500,h25_load,0.411190
3281400,h25_load,0.388408
3282300,h25_load,0.366529
3283200,h25_load,0.371251
3284100,h25_load,0.348989
3285000,h25_load,0.333987
3285900,h25_load,0.320904
3286800,h25_load,0.309506
3287700,h25_load,0.298876
3288600,h25_load,0.291317
3289500,h25_load,0.281671
3290400,h25_load,0.279068
3291300,h25_load,0.274696
3292200,h25_load,0.271876
3293100,h25_load,0.269072
3294000,h25_load,0.269189
3294900,h25_load,0.267020
3295800,h25_load,0.266252
3296700,h25_load,0.265267
3297600,h25_load,0.267921
3298500,h25_load,0.267003
3299400,h25_load,0.267487
3300300,h25_load,0.272326
3301200,h25_load,0.272276
3302100,h25_load,0.270157
3303000,h25_load,0.272309
3303900,h25_load,0.280854
3304800,h25_load,0.297925
3305700,h25_load,0.311993
3306600,h25_load,0.331134
3307500,h25_load,0.346753
3308400,h25_load,0.373954
3309300,h25_load,0.399386
3310200,h25_load,0.427021
3311100,h25_load,0.455657
3312000,h25_load,0.482574
3312900,h25_load,0.504786
3313800,h25_load,0.516517
3314700,h25_load,0.526012
3315600,h25_load,0.535491
3316500,h25_load,0.548090
3317400,h25_load,0.555533
3318300,h25_load,0.564394
3319200,h25_load,0.571453
3320100,h25_load,0.579997
3321000,h25_load,0.587056
3321900,h25_load,0.595450
3322800,h25_load,0.611320
3323700,h25_load,0.624787
3324600,h25_load,0.638470
3325500,h25_load,0.641641
3326400,h25_load,0.630043
3327300,h25_load,0.620147
3328200,h25_load,0.609200
3329100,h25_load,0.600723
3330000,h25_load,0.592145
3330900,h25_load,0.586488
3331800,h25_load,0.582984
3332700,h25_load,0.572404
3333600,h25_load,0.566463
3334500,h25_load,0.562608
3335400,h25_load,0.561156
3336300,h25_load,0.559922
3337200,h25_load,0.560222
3338100,h25_load,0.561857
3339000,h25_load,0.560506
3339900,h25_load,0.559621
3340800,h25_load,0.564527
3341700,h25_load,0.572020
3342600,h25_load,0.580498
3343500,h25_load,0.593030
3344400,h25_load,0.615141
3345300,h25_load,0.638671
3346200,h25_load,0.667223
3347100,h25_load,0.699948
3348000,h25_load,0.723895
3348900,h25_load,0.740416
3349800,h25_load,0.741383
3350700,h25_load,0.734141
3351600,h25_load,0.725780
3352500,h25_load,0.711162
3353400,h25_load,0.695960
3354300,h25_load,0.679222
3355200,h25_load,0.662434
3356100,h25_load,0.640039
3357000,h25_load,0.614624
3357900,h25_load,0.598337
3358800,h25_load,0.586021
3359700,h25_load,0.571419
3360600,h25_load,0.555166
3361500,h25_load,0.551912
3362400,h25_load,0.550093
3363300,h25_load,0.527965
3364200,h25_load,0.509542
3365100,h25_load,0.485979
3366000,h25_load,0.463133
3366900,h25_load,0.441573
3367800,h25_load,0.421397
3368700,h25_load,0.403408
3369600,h25_load,0.383680
3370500,h25_load,0.361322
3371400,h25_load,0.346878
3372300,h25_load,0.334200
3373200,h25_load,0.322471
3374100,h25_load,0.311675
3375000,h25_load,0.301746
3375900,h25_load,0.291117
3376800,h25_load,0.290101
3377700,h25_load,0.284686
3378600,h25_load,0.280371
3379500,h25_load,0.277356
3380400,h25_load,0.276773
3381300,h25_load,0.274674
3382200,h25_load,0.272025
3383100,h25_load,0.270125
3384000,h25_load,0.270409
3384900,h25_load,0.267893
3385800,h25_load,0.269242
3386700,h25_load,0.275823
3387600,h25_load,0.276823
3388500,h25_load,0.273274
3389400,h25_load,0.275790
3390300,h25_load,0.281188
3391200,h25_load,0.292950
3392100,h25_load,0.305278
3393000,h25_load,0.319439
3393900,h25_load,0.332384
3394800,h25_load,0.356474
3395700,h25_load,0.378199
3396600,h25_load,0.411152
3397500,h25_load,0.444156
3398400,h25_load,0.475877
3399300,h25_load,0.506331
3400200,h25_load,0.526556
3401100,h25_load,0.547814
3402000,h25_load,0.566507
3402900,h25_load,0.589531
3403800,h25_load,0.608540
3404700,h25_load,0.624950
3405600,h25_load,0.639061
3406500,h25_load,0.656104
3407400,h25_load,0.670449
3408300,h25_load,0.687325
3409200,h25_load,0.712115
3410100,h25_load,0.735073
3411000,h25_load,0.749034
3411900,h25_load,0.746318
3412800,h25_load,0.723011
3413700,h25_load,0.705818
3414600,h25_load,0.684526
3415500,h25_load,0.665201
3416400,h25_load,0.643476
3417300,h25_load,0.628815
3418200,h25_load,0.617403
3419100,h25_load,0.603875
3420000,h25_load,0.592163
3420900,h25_load,0.583650
3421800,h25_load,0.578086
3422700,h25_load,0.571355
3423600,h25_load,0.567490
3424500,h25_load,0.562858
3425400,h25_load,0.558893
3426300,h25_load,0.557394
3427200,h25_load,0.559593
3428100,h25_load,0.565274
3429000,h25_load,0.576520
3429900,h25_load,0.592813
3430800,h25_load,0.616154
3431700,h25_load,0.645809
3432600,h25_load,0.675247
3433500,h25_load,0.709350
3434400,h25_load,0.741404
3435300,h25_load,0.759030
3436200,h25_load,0.762912
3437100,h25_load,0.761412
3438000,h25_load,0.749267
3438900,h25_load,0.734473
3439800,h25_load,0.717930
3440700,h25_load,0.702902
3441600,h25_load,0.686726
3442500,h25_load,0.658454
3443400,h25_load,0.629049
3444300,h25_load,0.605458
3445200,h25_load,0.589015
3446100,h25_load,0.569539
3447000,h25_load,0.550497
3447900,h25_load,0.545882
3448800,h25_load,0.533753
3449700,h25_load,0.504348
3450600,h25_load,0.477592
3451500,h25_load,0.453019
3452400,h25_load,0.432144
3453300,h25_load,0.407087
3454200,h25_load,0.384530
3455100,h25_load,0.362572
3456000,h25_load,0.337268
3456900,h25_load,0.317609
3457800,h25_load,0.303024
3458700,h25_load,0.291116
3459600,h25_load,0.281603
3460500,h25_load,0.273121
3461400,h25_load,0.269279
3462300,h25_load,0.261412
3463200,h25_load,0.262111
3464100,h25_load,0.259849
3465000,h25_load,0.258368
3465900,h25_load,0.257304
3466800,h25_load,0.258668
3467700,h25_load,0.257737
3468600,h25_load,0.258152
3469500,h25_load,0.258751
3470400,h25_load,0.263524
3471300,h25_load,0.266634
3472200,h25_load,0.271790
3473100,h25_load,0.281919
3474000,h25_load,0.292064
3474900,h25_load,0.298068
3475800,h25_load,0.313003
3476700,h25_load,0.331463
3477600,h25_load,0.363845
3478500,h25_load,0.392018
3479400,h25_load,0.413356
3480300,h25_load,0.425963
3481200,h25_load,0.430137
3482100,h25_load,0.429821
3483000,h25_load,0.422753
3483900,h25_load,0.414670
3484800,h25_load,0.404409
3485700,h25_load,0.400999
3486600,h25_load,0.390804
3487500,h25_load,0.383902
3488400,h25_load,0.379362
3489300,h25_load,0.379495
3490200,h25_load,0.377649
3491100,h25_load,0.376002
3492000,h25_load,0.372343
3492900,h25_load,0.371479
3493800,h25_load,0.375404
3494700,h25_load,0.380642
3495600,h25_load,0.393365
3496500,h25_load,0.404492
3497400,h25_load,0.415202
3498300,h25_load,0.421206
3499200,h25_load,0.421772
3500100,h25_load,0.421090
3501000,h25_load,0.419527
3501900,h25_load,0.416999
3502800,h25_load,0.413390
3503700,h25_load,0.412026
3504600,h25_load,0.411327
3505500,h25_load,0.406221
3506400,h25_load,0.398821
3507300,h25_load,0.397357
3508200,h25_load,0.395444
3509100,h25_load,0.397257
3510000,h25_load,0.403444
3510900,h25_load,0.404342
3511800,h25_load,0.407352
3512700,h25_load,0.413722
3513600,h25_load,0.429090
3514500,h25_load,0.441813
3515400,h25_load,0.456864
3516300,h25_load,0.476522
3517200,h25_load,0.509253
3518100,h25_load,0.540320
3519000,h25_load,0.573400
3519900,h25_load,0.616109
3520800,h25_load,0.654445
3521700,h25_load,0.682618
3522600,h25_load,0.699000
3523500,h25_load,0.708264
3524400,h25_load,0.707715
3525300,h25_load,0.702410
3526200,h25_load,0.692813
3527100,h25_load,0.683699
3528000,h25_load,0.668049
3528900,h25_load,0.646711
3529800,h25_load,0.622313
3530700,h25_load,0.602206
3531600,h25_load,0.586156
3532500,h25_load,0.569575
3533400,h25_load,0.551746
3534300,h25_load,0.544495
3535200,h25_load,0.534067
3536100,h25_load,0.506658
3537000,h25_load,0.481279
3537900,h25_load,0.455916
3538800,h25_load,0.435110
3539700,h25_load,0.409149
3540600,h25_load,0.386480
3541500,h25_load,0.364710
3542400,h25_load,0.336668
3543300,h25_load,0.317045
3544200,h25_load,0.302485
3545100,h25_load,0.290598
3546000,h25_load,0.281102
3546900,h25_load,0.272635
3547800,h25_load,0.268800
3548700,h25_load,0.260947
3549600,h25_load,0.261645
3550500,h25_load,0.259387
3551400,h25_load,0.257909
3552300,h25_load,0.256847
3553200,h25_load,0.258208
3554100,h25_load,0.257278
3555000,h25_load,0.257693
3555900,h25_load,0.258291
3556800,h25_load,0.263056
3557700,h25_load,0.266160
3558600,h25_load,0.271307
3559500,h25_load,0.281417
3560400,h25_load,0.291544
3561300,h25_load,0.297538
3562200,h25_load,0.312446
3563100,h25_load,0.330874
3564000,h25_load,0.363198
3564900,h25_load,0.391321
3565800,h25_load,0.412621
3566700,h25_load,0.425206
3567600,h25_load,0.429373
3568500,h25_load,0.429057
3569400,h25_load,0.422001
3570300,h25_load,0.413933
3571200,h25_load,0.403690
3572100,h25_load,0.400286
3573000,h25_load,0.390109
3573900,h25_load,0.383220
3574800,h25_load,0.378687
3575700,h25_load,0.378820
3576600,h25_load,0.376977
3577500,h25_load,0.375334
3578400,h25_load,0.371681
3579300,h25_load,0.370818
3580200,h25_load,0.374736
3581100,h25_load,0.379966
3582000,h25_load,0.392666
3582900,h25_load,0.403773
3583800,h25_load,0.414464
3584700,h25_load,0.420457
3585600,h25_load,0.421022
3586500,h25_load,0.420341
3587400,h25_load,0.418781
3588300,h25_load,0.416257
3589200,h25_load,0.412655
3590100,h25_load,0.411293
3591000,h25_load,0.410596
3591900,h25_load,0.405499
3592800,h25_load,0.398111
3593700,h25_load,0.396650
3594600,h25_load,0.394741
3595500,h25_load,0.396551
3596400,h25_load,0.402727
3597300,h25_load,0.403623
3598200,h25_load,0.406628
3599100,h25_load,0.412987
3600000,h25_load,0.428327
3600900,h25_load,0.441027
3601800,h25_load,0.456052
3602700,h25_load,0.475675
3603600,h25_load,0.508347
3604500,h25_load,0.539360
3605400,h25_load,0.572381
3606300,h25_load,0.615014
3607200,h25_load,0.653281
3608100,h25_load,0.681405
3609000,h25_load,0.697757
3609900,h25_load,0.707005
3610800,h25_load,0.706457
3611700,h25_load,0.701161
3612600,h25_load,0.691582
3613500,h25_load,0.682484
3614400,h25_load,0.666861
3615300,h25_load,0.645561
3616200,h25_load,0.621207
3617100,h25_load,0.601135
3618000,h25_load,0.585114
3618900,h25_load,0.568562
3619800,h25_load,0.550765
3620700,h25_load,0.543527
3621600,h25_load,0.533117
3622500,h25_load,0.505758
3623400,h25_load,0.480423
3624300,h25_load,0.455105
3625200,h25_load,0.434337
3626100,h25_load,0.408421
3627000,h25_load,0.385793
3627900,h25_load,0.364061
3628800,h25_load,0.336050
3629700,h25_load,0.316462
3630600,h25_load,0.301929
3631500,h25_load,0.290064
3632400,h25_load,0.280586
3633300,h25_load,0.272134
3634200,h25_load,0.268306
3635100,h25_load,0.260468
3636000,h25_load,0.261164
3636900,h25_load,0.258910
3637800,h25_load,0.257435
3638700,h25_load,0.256375
3639600,h25_load,0.257734
3640500,h25_load,0.256806
3641400,h25_load,0.257220
3642300,h25_load,0.257817
3643200,h25_load,0.262573
3644100,h25_load,0.265671
3645000,h25_load,0.270808
3645900,h25_load,0.280900
3646800,h25_load,0.291009
3647700,h25_load,0.296991
3648600,h25_load,0.311872
3649500,h25_load,0.330266
3650400,h25_load,0.362531
3651300,h25_load,0.390603
3652200,h25_load,0.411864
3653100,h25_load,0.424425
3654000,h25_load,0.428584
3654900,h25_load,0.428269
3655800,h25_load,0.421226
3656700,h25_load,0.413173
3657600,h25_load,0.402948
3658500,h25_load,0.399551
3659400,h25_load,0.389393
3660300,h25_load,0.382516
3661200,h25_load,0.377992
3662100,h25_load,0.378124
3663000,h25_load,0.376285
3663900,h25_load,0.374644
3664800,h25_load,0.370999
3665700,h25_load,0.370137
3666600,h25_load,0.374048
3667500,h25_load,0.379268
3668400,h25_load,0.391945
3669300,h25_load,0.403031
3670200,h25_load,0.413703
3671100,h25_load,0.419685
3672000,h25_load,0.420249
3672900,h25_load,0.419569
3673800,h25_load,0.418011
3674700,h25_load,0.415493
3675600,h25_load,0.411897
3676500,h25_load,0.410538
3677400,h25_load,0.409842
3678300,h25_load,0.404754
3679200,h25_load,0.397380
3680100,h25_load,0.395922
3681000,h25_load,0.394016
3681900,h25_load,0.395822
3682800,h25_load,0.401987
3683700,h25_load,0.402882
3684600,h25_load,0.405881
3685500,h25_load,0.412228
3686400,h25_load,0.427540
3687300,h25_load,0.440217
3688200,h25_load,0.455214
3689100,h25_load,0.474801
3690000,h25_load,0.507414
3690900,h25_load,0.538369
3691800,h25_load,0.571329
3692700,h25_load,0.613884
3693600,h25_load,0.652081
3694500,h25_load,0.680153
3695400,h25_load,0.696476
3696300,h25_load,0.705706
3697200,h25_load,0.705159
3698100,h25_load,0.699873
3699000,h25_load,0.690311
3699900,h25_load,0.681230
3700800,h25_load,0.665637
3701700,h25_load,0.644376
3702600,h25_load,0.620066
3703500,h25_load,0.600031
3704400,h25_load,0.584040
3705300,h25_load,0.567518
3706200,h25_load,0.549753
3707100,h25_load,0.542528
3708000,h25_load,0.532138
3708900,h25_load,0.504829
3709800,h25_load,0.479541
3710700,h25_load,0.454270
3711600,h25_load,0.433539
3712500,h25_load,0.407671
3713400,h25_load,0.385084
3714300,h25_load,0.363392
3715200,h25_load,0.335413
3716100,h25_load,0.315863
3717000,h25_load,0.301357
3717900,h25_load,0.289515
3718800,h25_load,0.280054
3719700,h25_load,0.271619
3720600,h25_load,0.267798
3721500,h25_load,0.259975
3722400,h25_load,0.260669
3723300,h25_load,0.258420
3724200,h25_load,0.256948
3725100,h25_load,0.255889
3726000,h25_load,0.257245
3726900,h25_load,0.256319
3727800,h25_load,0.256733
3728700,h25_load,0.257328
3729600,h25_load,0.262075
3730500,h25_load,0.265168
3731400,h25_load,0.270295
3732300,h25_load,0.280368
3733200,h25_load,0.290458
3734100,h25_load,0.296429
3735000,h25_load,0.311281
3735900,h25_load,0.329641
3736800,h25_load,0.361844
3737700,h25_load,0.389863
3738600,h25_load,0.411083
3739500,h25_load,0.423621
3740400,h25_load,0.427772
3741300,h25_load,0.427458
3742200,h25_load,0.420428
3743100,h25_load,0.412390
3744000,h25_load,0.402185
3744900,h25_load,0.398794
3745800,h25_load,0.388655
3746700,h25_load,0.381791
3747600,h25_load,0.377276
3748500,h25_load,0.377408
3749400,h25_load,0.375572
3750300,h25_load,0.373935
3751200,h25_load,0.370296
3752100,h25_load,0.369436
3753000,h25_load,0.373339
3753900,h25_load,0.378549
3754800,h25_load,0.391202
3755700,h25_load,0.402268
3756600,h25_load,0.412919
3757500,h25_load,0.418890
3758400,h25_load,0.419453
3759300,h25_load,0.418774
3760200,h25_load,0.417220
3761100,h25_load,0.414706
3762000,h25_load,0.411116
3762900,h25_load,0.409760
3763800,h25_load,0.409065
3764700,h25_load,0.403988
3765600,h25_load,0.396627
3766500,h25_load,0.395172
3767400,h25_load,0.393270
3768300,h25_load,0.395073
3769200,h25_load,0.401226
3770100,h25_load,0.402119
3771000,h25_load,0.405112
3771900,h25_load,0.411447
3772800,h25_load,0.426730
3773700,h25_load,0.439383
3774600,h25_load,0.454352
3775500,h25_load,0.473902
3776400,h25_load,0.506453
3777300,h25_load,0.537349
3778200,h25_load,0.570247
3779100,h25_load,0.612722
3780000,h25_load,0.650846
3780900,h25_load,0.678865
3781800,h25_load,0.695157
3782700,h25_load,0.704369
3783600,h25_load,0.703823
3784500,h25_load,0.698547
3785400,h25_load,0.689004
3786300,h25_load,0.679940
3787200,h25_load,0.664376
3788100,h25_load,0.643155
3789000,h25_load,0.618891
3789900,h25_load,0.598894
3790800,h25_load,0.582933
3791700,h25_load,0.566443
3792600,h25_load,0.548712
3793500,h25_load,0.541501
3794400,h25_load,0.531130
3795300,h25_load,0.503872
3796200,h25_load,0.478632
3797100,h25_load,0.453409
3798000,h25_load,0.432718
3798900,h25_load,0.406899
3799800,h25_load,0.384355
3800700,h25_load,0.362704
3801600,h25_load,0.334759
3802500,h25_load,0.315247
3803400,h25_load,0.300769
3804300,h25_load,0.288950
3805200,h25_load,0.279508
3806100,h25_load,0.271089
3807000,h25_load,0.267275
3807900,h25_load,0.259467
3808800,h25_load,0.260161
3809700,h25_load,0.257916
3810600,h25_load,0.256446
3811500,h25_load,0.255390
3812400,h25_load,0.256744
3813300,h25_load,0.255819
3814200,h25_load,0.256232
3815100,h25_load,0.256826
3816000,h25_load,0.261564
3816900,h25_load,0.264651
3817800,h25_load,0.269768
3818700,h25_load,0.279821
3819600,h25_load,0.289891
3820500,h25_load,0.295850
3821400,h25_load,0.310674
3822300,h25_load,0.328998
3823200,h25_load,0.361138
3824100,h25_load,0.389102
3825000,h25_load,0.410281
3825900,h25_load,0.422794
3826800,h25_load,0.426937
3827700,h25_load,0.426624
3828600,h25_load,0.419608
3829500,h25_load,0.411585
3830400,h25_load,0.401400
3831300,h25_load,0.398016
3832200,h25_load,0.387897
3833100,h25_load,0.381046
3834000,h25_load,0.376540
3834900,h25_load,0.376672
3835800,h25_load,0.374839
3836700,h25_load,0.373205
3837600,h25_load,0.369573
3838500,h25_load,0.368715
3839400,h25_load,0.372611
3840300,h25_load,0.377811
3841200,h25_load,0.390439
3842100,h25_load,0.401483
3843000,h25_load,0.412114
3843900,h25_load,0.418073
3844800,h25_load,0.418634
3845700,h25_load,0.417957
3846600,h25_load,0.416406
3847500,h25_load,0.413896
3848400,h25_load,0.410314
3849300,h25_load,0.408961
3850200,h25_load,0.408267
3851100,h25_load,0.403199
3852000,h25_load,0.395854
3852900,h25_load,0.394401
3853800,h25_load,0.392502
3854700,h25_load,0.394302
3855600,h25_load,0.400443
3856500,h25_load,0.401334
3857400,h25_load,0.404322
3858300,h25_load,0.410644
3859200,h25_load,0.425897
3860100,h25_load,0.438526
3861000,h25_load,0.453465
3861900,h25_load,0.472977
3862800,h25_load,0.505464
3863700,h25_load,0.536301
3864600,h25_load,0.569134
3865500,h25_load,0.611526
3866400,h25_load,0.649576
3867300,h25_load,0.677540
3868200,h25_load,0.693800
3869100,h25_load,0.702995
3870000,h25_load,0.702450
3870900,h25_load,0.697184
3871800,h25_load,0.687659
3872700,h25_load,0.678613
3873600,h25_load,0.663079
3874500,h25_load,0.641900
3875400,h25_load,0.617683
3876300,h25_load,0.597726
3877200,h25_load,0.581796
3878100,h25_load,0.565338
3879000,h25_load,0.547641
3879900,h25_load,0.540444
3880800,h25_load,0.530094
3881700,h25_load,0.502889
3882600,h25_load,0.477698
3883500,h25_load,0.452524
3884400,h25_load,0.431873
3885300,h25_load,0.406105
3886200,h25_load,0.383605
3887100,h25_load,0.361996
3888000,h25_load,0.366509
3888900,h25_load,0.344532
3889800,h25_load,0.329721
3890700,h25_load,0.316805
3891600,h25_load,0.305553
3892500,h25_load,0.295059
3893400,h25_load,0.287596
3894300,h25_load,0.278073
3895200,h25_load,0.275503
3896100,h25_load,0.271187
3897000,h25_load,0.268403
3897900,h25_load,0.265635
3898800,h25_load,0.265751
3899700,h25_load,0.263609
3900600,h25_load,0.262851
3901500,h25_load,0.261879
3902400,h25_load,0.264498
3903300,h25_load,0.263592
3904200,h25_load,0.264070
3905100,h25_load,0.268848
3906000,h25_load,0.268798
3906900,h25_load,0.266706
3907800,h25_load,0.268831
3908700,h25_load,0.277266
3909600,h25_load,0.294120
3910500,h25_load,0.308008
3911400,h25_load,0.326904
3912300,h25_load,0.342324
3913200,h25_load,0.369178
3914100,h25_load,0.394285
3915000,h25_load,0.421567
3915900,h25_load,0.449837
3916800,h25_load,0.476410
3917700,h25_load,0.498338
3918600,h25_load,0.509919
3919500,h25_load,0.519293
3920400,h25_load,0.528651
3921300,h25_load,0.541089
3922200,h25_load,0.548437
3923100,h25_load,0.557185
3924000,h25_load,0.564154
3924900,h25_load,0.572588
3925800,h25_load,0.579557
3926700,h25_load,0.587844
3927600,h25_load,0.603511
3928500,h25_load,0.616806
3929400,h25_load,0.630315
3930300,h25_load,0.633445
3931200,h25_load,0.621996
3932100,h25_load,0.612226
3933000,h25_load,0.601419
3933900,h25_load,0.593050
3934800,h25_load,0.584582
3935700,h25_load,0.578997
3936600,h25_load,0.575537
3937500,h25_load,0.565093
3938400,h25_load,0.559228
3939300,h25_load,0.555422
3940200,h25_load,0.553989
3941100,h25_load,0.552770
3942000,h25_load,0.553066
3942900,h25_load,0.554681
3943800,h25_load,0.553346
3944700,h25_load,0.552473
3945600,h25_load,0.557317
3946500,h25_load,0.564714
3947400,h25_load,0.573083
3948300,h25_load,0.585455
3949200,h25_load,0.607284
3950100,h25_load,0.630513
3951000,h25_load,0.658701
3951900,h25_load,0.691007
3952800,h25_load,0.714648
3953700,h25_load,0.730958
3954600,h25_load,0.731914
3955500,h25_load,0.724764
3956400,h25_load,0.716510
3957300,h25_load,0.702078
3958200,h25_load,0.687070
3959100,h25_load,0.670546
3960000,h25_load,0.653973
3960900,h25_load,0.631864
3961800,h25_load,0.606773
3962700,h25_load,0.590694
3963600,h25_load,0.578536
3964500,h25_load,0.564121
3965400,h25_load,0.548074
3966300,h25_load,0.544862
3967200,h25_load,0.543066
3968100,h25_load,0.521221
3969000,h25_load,0.503033
3969900,h25_load,0.479771
3970800,h25_load,0.457217
3971700,h25_load,0.435932
3972600,h25_load,0.416015
3973500,h25_load,0.398255
3974400,h25_load,0.378626
3975300,h25_load,0.356563
3976200,h25_load,0.342309
3977100,h25_load,0.329797
3978000,h25_load,0.318223
3978900,h25_load,0.307570
3979800,h25_load,0.297771
3980700,h25_load,0.287282
3981600,h25_load,0.286279
3982500,h25_load,0.280936
3983400,h25_load,0.276678
3984300,h25_load,0.273702
3985200,h25_load,0.273127
3986100,h25_load,0.271055
3987000,h25_load,0.268441
3987900,h25_load,0.266567
3988800,h25_load,0.266847
3989700,h25_load,0.264364
3990600,h25_load,0.265696
3991500,h25_load,0.272190
3992400,h25_load,0.273176
3993300,h25_load,0.269674
3994200,h25_load,0.272157
3995100,h25_load,0.277484
3996000,h25_load,0.289091
3996900,h25_load,0.301257
3997800,h25_load,0.315231
3998700,h25_load,0.328005
3999600,h25_load,0.351778
4000500,h25_load,0.373217
4001400,h25_load,0.405736
4002300,h25_load,0.438305
4003200,h25_load,0.469608
4004100,h25_load,0.499661
4005000,h25_load,0.519620
4005900,h25_load,0.540598
4006800,h25_load,0.559044
4007700,h25_load,0.581765
4008600,h25_load,0.600524
4009500,h25_load,0.616718
4010400,h25_load,0.630643
4011300,h25_load,0.647462
4012200,h25_load,0.661617
4013100,h25_load,0.678271
4014000,h25_load,0.702735
4014900,h25_load,0.725390
4015800,h25_load,0.739167
4016700,h25_load,0.736487
4017600,h25_load,0.713487
4018500,h25_load,0.696520
4019400,h25_load,0.675509
4020300,h25_load,0.656438
4021200,h25_load,0.635000
4022100,h25_load,0.620532
4023000,h25_load,0.609270
4023900,h25_load,0.595921
4024800,h25_load,0.584363
4025700,h25_load,0.575962
4026600,h25_load,0.570471
4027500,h25_load,0.563829
4028400,h25_load,0.560014
4029300,h25_load,0.555444
4030200,h25_load,0.551531
4031100,h25_load,0.550052
4032000,h25_load,0.552222
4032900,h25_load,0.557828
4033800,h25_load,0.568925
4034700,h25_load,0.585004
4035600,h25_load,0.608037
4036500,h25_load,0.637302
4037400,h25_load,0.666352
4038300,h25_load,0.700006
4039200,h25_load,0.731637
4040100,h25_load,0.749031
4041000,h25_load,0.752862
4041900,h25_load,0.751382
4042800,h25_load,0.739397
4043700,h25_load,0.724798
4044600,h25_load,0.708473
4045500,h25_load,0.693643
4046400,h25_load,0.677680
4047300,h25_load,0.649780
4048200,h25_load,0.620762
4049100,h25_load,0.597482
4050000,h25_load,0.581256
4050900,h25_load,0.562037
4051800,h25_load,0.543245
4052700,h25_load,0.538691
4053600,h25_load,0.526722
4054500,h25_load,0.497705
4055400,h25_load,0.471301
4056300,h25_load,0.447051
4057200,h25_load,0.426451
4058100,h25_load,0.401725
4059000,h25_load,0.379464
4059900,h25_load,0.357796
4060800,h25_load,0.332692
4061700,h25_load,0.313301
4062600,h25_load,0.298913
4063500,h25_load,0.287166
4064400,h25_load,0.277782
4065300,h25_load,0.269415
4066200,h25_load,0.265626
4067100,h25_load,0.257866
4068000,h25_load,0.258555
4068900,h25_load,0.256324
4069800,h25_load,0.254863
4070700,h25_load,0.253814
4071600,h25_load,0.255159
4072500,h25_load,0.254240
4073400,h25_load,0.254650
4074300,h25_load,0.255241
4075200,h25_load,0.259949
4076100,h25_load,0.263017
4077000,h25_load,0.268103
4077900,h25_load,0.278094
4078800,h25_load,0.288102
4079700,h25_load,0.294024
4080600,h25_load,0.308756
4081500,h25_load,0.326967
4082400,h25_load,0.358909
4083300,h25_load,0.386700
4084200,h25_load,0.407749
4085100,h25_load,0.420184
4086000,h25_load,0.424302
4086900,h25_load,0.423990
4087800,h25_load,0.417018
4088700,h25_load,0.409045
4089600,h25_load,0.398922
4090500,h25_load,0.395559
4091400,h25_load,0.385503
4092300,h25_load,0.378694
4093200,h25_load,0.374215
4094100,h25_load,0.374347
4095000,h25_load,0.372526
4095900,h25_load,0.370901
4096800,h25_load,0.367292
4097700,h25_load,0.366439
4098600,h25_load,0.370311
4099500,h25_load,0.375479
4100400,h25_load,0.388029
4101300,h25_load,0.399004
4102200,h25_load,0.409570
4103100,h25_load,0.415492
4104000,h25_load,0.416050
4104900,h25_load,0.415377
4105800,h25_load,0.413835
4106700,h25_load,0.411342
4107600,h25_load,0.407782
4108500,h25_load,0.406436
4109400,h25_load,0.405747
4110300,h25_load,0.400711
4111200,h25_load,0.393410
4112100,h25_load,0.391966
4113000,h25_load,0.390080
4113900,h25_load,0.391868
4114800,h25_load,0.397971
4115700,h25_load,0.398857
4116600,h25_load,0.401826
4117500,h25_load,0.408110
4118400,h25_load,0.423269
4119300,h25_load,0.435819
4120200,h25_load,0.450666
4121100,h25_load,0.470058
4122000,h25_load,0.502344
4122900,h25_load,0.532990
4123800,h25_load,0.565621
4124700,h25_load,0.607751
4125600,h25_load,0.645567
4126500,h25_load,0.673358
4127400,h25_load,0.689518
4128300,h25_load,0.698656
4129200,h25_load,0.698114
4130100,h25_load,0.692881
4131000,h25_load,0.683415
4131900,h25_load,0.674424
4132800,h25_load,0.658987
4133700,h25_load,0.637938
4134600,h25_load,0.613871
4135500,h25_load,0.594036
4136400,h25_load,0.578205
4137300,h25_load,0.561848
4138200,h25_load,0.544261
4139100,h25_load,0.537108
4140000,h25_load,0.526822
4140900,h25_load,0.499785
4141800,h25_load,0.474750
4142700,h25_load,0.449731
4143600,h25_load,0.429208
4144500,h25_load,0.403598
4145400,h25_load,0.381237
4146300,h25_load,0.359762
4147200,h25_load,0.331971
4148100,h25_load,0.312621
4149000,h25_load,0.298265
4149900,h25_load,0.286543
4150800,h25_load,0.277180
4151700,h25_load,0.268831
4152600,h25_load,0.265049
4153500,h25_load,0.257306
4154400,h25_load,0.257994
4155300,h25_load,0.255768
4156200,h25_load,0.254311
4157100,h25_load,0.253263
4158000,h25_load,0.254605
4158900,h25_load,0.253689
4159800,h25_load,0.254098
4160700,h25_load,0.254687
4161600,h25_load,0.259385
4162500,h25_load,0.262447
4163400,h25_load,0.267521
4164300,h25_load,0.277491
4165200,h25_load,0.287477
4166100,h25_load,0.293386
4167000,h25_load,0.308087
4167900,h25_load,0.326257
4168800,h25_load,0.358130
4169700,h25_load,0.385861
4170600,h25_load,0.406864
4171500,h25_load,0.419273
4172400,h25_load,0.423382
4173300,h25_load,0.423071
4174200,h25_load,0.416113
4175100,h25_load,0.408157
4176000,h25_load,0.398057
4176900,h25_load,0.394701
4177800,h25_load,0.384666
4178700,h25_load,0.377873
4179600,h25_load,0.373404
4180500,h25_load,0.373535
4181400,h25_load,0.371717
4182300,h25_load,0.370097
4183200,h25_load,0.366495
4184100,h25_load,0.365644
4185000,h25_load,0.369507
4185900,h25_load,0.374664
4186800,h25_load,0.387187
4187700,h25_load,0.398139
4188600,h25_load,0.408681
4189500,h25_load,0.414591
4190400,h25_load,0.415148
4191300,h25_load,0.414476
4192200,h25_load,0.412938
4193100,h25_load,0.410449
4194000,h25_load,0.406897
4194900,h25_load,0.405555
4195800,h25_load,0.404867
4196700,h25_load,0.399841
4197600,h25_load,0.392557
4198500,h25_load,0.391116
4199400,h25_load,0.389234
4200300,h25_load,0.391018
4201200,h25_load,0.397108
4202100,h25_load,0.397992
4203000,h25_load,0.400955
4203900,h25_load,0.407224
4204800,h25_load,0.422350
4205700,h25_load,0.434874
4206600,h25_load,0.449689
4207500,h25_load,0.469038
4208400,h25_load,0.501255
4209300,h25_load,0.531834
4210200,h25_load,0.564394
4211100,h25_load,0.606433
4212000,h25_load,0.644166
4212900,h25_load,0.671897
4213800,h25_load,0.688022
4214700,h25_load,0.697140
4215600,h25_load,0.696600
4216500,h25_load,0.691378
4217400,h25_load,0.681932
4218300,h25_load,0.672961
4219200,h25_load,0.657557
4220100,h25_load,0.636554
4221000,h25_load,0.612539
4221900,h25_load,0.592747
4222800,h25_load,0.576950
4223700,h25_load,0.560629
4224600,h25_load,0.543080
4225500,h25_load,0.535943
4226400,h25_load,0.525679
4227300,h25_load,0.498701
4228200,h25_load,0.473720
4229100,h25_load,0.448755
4230000,h25_load,0.428276
4230900,h25_load,0.402723
4231800,h25_load,0.380410
4232700,h25_load,0.358981
4233600,h25_load,0.331233
4234500,h25_load,0.311927
4235400,h25_load,0.297602
4236300,h25_load,0.285907
4237200,h25_load,0.276564
4238100,h25_load,0.268234
4239000,h25_load,0.264461
4239900,h25_load,0.256735
4240800,h25_load,0.257421
4241700,h25_load,0.255199
4242600,h25_load,0.253746
4243500,h25_load,0.252700
4244400,h25_load,0.254040
4245300,h25_load,0.253125
4246200,h25_load,0.253533
4247100,h25_load,0.254121
4248000,h25_load,0.258809
4248900,h25_load,0.261863
4249800,h25_load,0.266927
4250700,h25_load,0.276874
4251600,h25_load,0.286838
4252500,h25_load,0.292734
4253400,h25_load,0.307402
4254300,h25_load,0.325533
4255200,h25_load,0.357335
4256100,h25_load,0.385004
4257000,h25_load,0.405960
4257900,h25_load,0.418341
4258800,h25_load,0.422441
4259700,h25_load,0.422131
4260600,h25_load,0.415189
4261500,h25_load,0.407251
4262400,h25_load,0.397173
4263300,h25_load,0.393824
4264200,h25_load,0.383812
4265100,h25_load,0.377033
4266000,h25_load,0.372574
4266900,h25_load,0.372705
4267800,h25_load,0.370892
4268700,h25_load,0.369275
4269600,h25_load,0.365681
4270500,h25_load,0.364832
4271400,h25_load,0.368687
4272300,h25_load,0.373832
4273200,h25_load,0.386327
4274100,h25_load,0.397254
4275000,h25_load,0.407773
4275900,h25_load,0.413670
4276800,h25_load,0.414225
4277700,h25_load,0.413555
4278600,h25_load,0.412020
4279500,h25_load,0.409537
4280400,h25_load,0.405993
4281300,h25_load,0.404654
4282200,h25_load,0.403968
4283100,h25_load,0.398953
4284000,h25_load,0.391685
4284900,h25_load,0.390247
4285800,h25_load,0.388369
4286700,h25_load,0.390149
4287600,h25_load,0.396225
4288500,h25_load,0.397107
4289400,h25_load,0.400064
4290300,h25_load,0.406320
4291200,h25_load,0.421412
4292100,h25_load,0.433907
4293000,h25_load,0.448690
4293900,h25_load,0.467996
4294800,h25_load,0.500141
4295700,h25_load,0.530653
4296600,h25_load,0.563140
4297500,h25_load,0.605086
4298400,h25_load,0.642735
4299300,h25_load,0.670405
4300200,h25_load,0.686493
4301100,h25_load,0.695591
4302000,h25_load,0.695052
4302900,h25_load,0.689842
4303800,h25_load,0.680417
4304700,h25_load,0.671466
4305600,h25_load,0.656096
4306500,h25_load,0.635140
4307400,h25_load,0.611178
4308300,h25_load,0.591431
4309200,h25_load,0.575668
4310100,h25_load,0.559384
4311000,h25_load,0.541874
4311900,h25_load,0.534752
4312800,h25_load,0.524511
4313700,h25_load,0.497593
4314600,h25_load,0.472668
4315500,h25_load,0.447758
4316400,h25_load,0.427325
4317300,h25_load,0.401828
4318200,h25_load,0.379565
4319100,h25_load,0.358184
4320000,h25_load,0.330480
4320900,h25_load,0.311218
4321800,h25_load,0.296925
4322700,h25_load,0.285257
4323600,h25_load,0.275935
4324500,h25_load,0.267624
4325400,h25_load,0.263859
4326300,h25_load,0.256151
4327200,h25_load,0.256836
4328100,h25_load,0.254619
4329000,h25_load,0.253169
4329900,h25_load,0.252126
4330800,h25_load,0.253462
4331700,h25_load,0.252550
4332600,h25_load,0.252957
4333500,h25_load,0.253544
4334400,h25_load,0.258221
4335300,h25_load,0.261268
4336200,h25_load,0.266320
4337100,h25_load,0.276245
4338000,h25_load,0.286186
4338900,h25_load,0.292069
4339800,h25_load,0.306703
4340700,h25_load,0.324793
4341600,h25_load,0.356522
4342500,h25_load,0.384129
4343400,h25_load,0.405037
4344300,h25_load,0.417390
4345200,h25_load,0.421481
4346100,h25_load,0.421171
4347000,h25_load,0.414245
4347900,h25_load,0.406325
4348800,h25_load,0.396270
4349700,h25_load,0.392929
4350600,h25_load,0.382939
4351500,h25_load,0.376176
4352400,h25_load,0.371727
4353300,h25_load,0.371857
4354200,h25_load,0.370049
4355100,h25_load,0.368435
4356000,h25_load,0.364850
4356900,h25_load,0.364002
4357800,h25_load,0.367848
4358700,h25_load,0.372982
4359600,h25_load,0.385449
4360500,h25_load,0.396351
4361400,h25_load,0.406846
4362300,h25_load,0.412729
4363200,h25_load,0.413284
4364100,h25_load,0.412615
4365000,h25_load,0.411084
4365900,h25_load,0.408606
4366800,h25_load,0.405070
4367700,h25_load,0.403734
4368600,h25_load,0.403049
4369500,h25_load,0.398046
4370400,h25_load,0.390794
4371300,h25_load,0.389360
4372200,h25_load,0.387486
4373100,h25_load,0.389262
4374000,h25_load,0.395325
4374900,h25_load,0.396205
4375800,h25_load,0.399154
4376700,h25_load,0.405396
4377600,h25_load,0.420454
4378500,h25_load,0.432921
4379400,h25_load,0.447670
4380300,h25_load,0.466932
4381200,h25_load,0.499004
4382100,h25_load,0.529446
4383000,h25_load,0.561860
4383900,h25_load,0.603710
4384800,h25_load,0.641274
4385700,h25_load,0.668881
4386600,h25_load,0.684933
4387500,h25_load,0.694010
4388400,h25_load,0.693472
4389300,h25_load,0.688274
4390200,h25_load,0.678870
4391100,h25_load,0.669940
4392000,h25_load,0.654605
4392900,h25_load,0.633696
4393800,h25_load,0.609789
4394700,h25_load,0.590086
4395600,h25_load,0.574360
4396500,h25_load,0.558112
4397400,h25_load,0.540642
4398300,h25_load,0.533537
4399200,h25_load,0.523319
4400100,h25_load,0.496462
4401000,h25_load,0.471593
4401900,h25_load,0.446741
4402800,h25_load,0.426354
4403700,h25_load,0.400914
4404600,h25_load,0.378702
4405500,h25_load,0.357370
4406400,h25_load,0.329712
4407300,h25_load,0.310494
4408200,h25_load,0.296235
4409100,h25_load,0.284594
4410000,h25_load,0.275294
4410900,h25_load,0.267002
4411800,h25_load,0.263246
4412700,h25_load,0.255556
4413600,h25_load,0.256239
4414500,h25_load,0.254028
4415400,h25_load,0.252580
4416300,h25_load,0.251540
4417200,h25_load,0.252873
4418100,h25_load,0.251963
4419000,h25_load,0.252369
4419900,h25_load,0.252954
4420800,h25_load,0.257621
4421700,h25_load,0.260661
4422600,h25_load,0.265701
4423500,h25_load,0.275603
4424400,h25_load,0.285521
4425300,h25_load,0.291390
4426200,h25_load,0.305991
4427100,h25_load,0.324038
4428000,h25_load,0.355694
4428900,h25_load,0.383236
4429800,h25_load,0.404096
4430700,h25_load,0.416420
4431600,h25_load,0.420501
4432500,h25_load,0.420192
4433400,h25_load,0.413282
4434300,h25_load,0.405381
4435200,h25_load,0.395349
4436100,h25_load,0.392016
4437000,h25_load,0.382049
4437900,h25_load,0.375302
4438800,h25_load,0.370863
4439700,h25_load,0.370993
4440600,h25_load,0.369189
4441500,h25_load,0.367579
4442400,h25_load,0.364002
4443300,h25_load,0.363157
4444200,h25_load,0.366994
4445100,h25_load,0.372115
4446000,h25_load,0.384553
4446900,h25_load,0.395430
4447800,h25_load,0.405901
4448700,h25_load,0.411770
4449600,h25_load,0.412323
4450500,h25_load,0.411657
4451400,h25_load,0.410128
4452300,h25_load,0.407657
4453200,h25_load,0.404129
4454100,h25_load,0.402796
4455000,h25_load,0.402113
4455900,h25_load,0.397121
4456800,h25_load,0.389886
4457700,h25_load,0.388455
4458600,h25_load,0.386586
4459500,h25_load,0.388358
4460400,h25_load,0.394406
4461300,h25_load,0.395284
4462200,h25_load,0.398227
4463100,h25_load,0.404454
4464000,h25_load,0.419477
4464900,h25_load,0.431915
4465800,h25_load,0.446629
4466700,h25_load,0.465847
4467600,h25_load,0.497844
4468500,h25_load,0.528216
4469400,h25_load,0.560555
4470300,h25_load,0.602307
4471200,h25_load,0.639784
4472100,h25_load,0.667326
4473000,h25_load,0.683341
4473900,h25_load,0.692397
4474800,h25_load,0.691861
4475700,h25_load,0.686674
4476600,h25_load,0.677293
4477500,h25_load,0.668383
4478400,h25_load,0.653084
4479300,h25_load,0.632223
4480200,h25_load,0.608372
4481100,h25_load,0.588715
4482000,h25_load,0.573025
4482900,h25_load,0.556815
4483800,h25_load,0.539386
4484700,h25_load,0.532297
4485600,h25_load,0.522103
4486500,h25_load,0.495308
4487400,h25_load,0.470497
4488300,h25_load,0.445703
4489200,h25_load,0.425363
4490100,h25_load,0.399983
4491000,h25_load,0.377822
4491900,h25_load,0.356539
4492800,h25_load,0.360851
4493700,h25_load,0.339213
4494600,h25_load,0.324631
4495500,h25_load,0.311915
4496400,h25_load,0.300836
4497300,h25_load,0.290504
4498200,h25_load,0.283156
4499100,h25_load,0.273781
4500000,h25_load,0.271251
4500900,h25_load,0.267001
4501800,h25_load,0.264260
4502700,h25_load,0.261535
4503600,h25_load,0.261648
4504500,h25_load,0.259540
4505400,h25_load,0.258793
4506300,h25_load,0.257836
4507200,h25_load,0.260415
4508100,h25_load,0.259523
4509000,h25_load,0.259994
4509900,h25_load,0.264698
4510800,h25_load,0.264649
4511700,h25_load,0.262589
4512600,h25_load,0.264681
4513500,h25_load,0.272986
4514400,h25_load,0.289579
4515300,h25_load,0.303253
4516200,h25_load,0.321858
4517100,h25_load,0.337040
4518000,h25_load,0.363479
4518900,h25_load,0.388198
4519800,h25_load,0.415059
4520700,h25_load,0.442893
4521600,h25_load,0.469056
4522500,h25_load,0.490645
4523400,h25_load,0.502048
4524300,h25_load,0.511277
4525200,h25_load,0.520490
4526100,h25_load,0.532737
4527000,h25_load,0.539971
4527900,h25_load,0.548584
4528800,h25_load,0.555445
4529700,h25_load,0.563750
4530600,h25_load,0.570611
4531500,h25_load,0.578770
4532400,h25_load,0.594195
4533300,h25_load,0.607285
4534200,h25_load,0.620585
4535100,h25_load,0.623667
4536000,h25_load,0.612394
4536900,h25_load,0.602775
4537800,h25_load,0.592135
4538700,h25_load,0.583895
4539600,h25_load,0.575558
4540500,h25_load,0.570059
4541400,h25_load,0.566653
4542300,h25_load,0.556369
4543200,h25_load,0.550595
4544100,h25_load,0.546848
4545000,h25_load,0.545437
4545900,h25_load,0.544237
4546800,h25_load,0.544529
4547700,h25_load,0.546118
4548600,h25_load,0.544804
4549500,h25_load,0.543945
4550400,h25_load,0.548713
4551300,h25_load,0.555996
4552200,h25_load,0.564236
4553100,h25_load,0.576418
4554000,h25_load,0.597909
4554900,h25_load,0.620780
4555800,h25_load,0.648533
4556700,h25_load,0.680340
4557600,h25_load,0.703616
4558500,h25_load,0.719674
4559400,h25_load,0.720615
4560300,h25_load,0.713576
4561200,h25_load,0.705449
4562100,h25_load,0.691240
4563000,h25_load,0.676464
4563900,h25_load,0.660195
4564800,h25_load,0.643877
4565700,h25_load,0.622110
4566600,h25_load,0.597407
4567500,h25_load,0.581576
4568400,h25_load,0.569605
4569300,h25_load,0.555412
4570200,h25_load,0.539614
4571100,h25_load,0.536451
4572000,h25_load,0.534683
4572900,h25_load,0.513175
4573800,h25_load,0.495268
4574700,h25_load,0.472365
4575600,h25_load,0.450159
4576500,h25_load,0.429203
4577400,h25_load,0.409593
4578300,h25_load,0.392107
4579200,h25_load,0.372647
4580100,h25_load,0.350932
4581000,h25_load,0.336903
4581900,h25_load,0.324589
4582800,h25_load,0.313198
4583700,h25_load,0.302713
4584600,h25_load,0.293069
4585500,h25_load,0.282745
4586400,h25_load,0.281758
4587300,h25_load,0.276500
4588200,h25_load,0.272309
4589100,h25_load,0.269380
4590000,h25_load,0.268814
4590900,h25_load,0.266775
4591800,h25_load,0.264202
4592700,h25_load,0.262357
4593600,h25_load,0.262632
4594500,h25_load,0.260189
4595400,h25_load,0.261500
4596300,h25_load,0.267891
4597200,h25_load,0.268862
4598100,h25_load,0.265416
4599000,h25_load,0.267859
4599900,h25_load,0.273102
4600800,h25_load,0.284525
4601700,h25_load,0.296499
4602600,h25_load,0.310253
4603500,h25_load,0.322825
4604400,h25_load,0.346223
4605300,h25_load,0.367323
4606200,h25_load,0.399329
4607100,h25_load,0.431383
4608000,h25_load,0.462192
4608900,h25_load,0.491770
4609800,h25_load,0.511414
4610700,h25_load,0.532061
4611600,h25_load,0.550216
4612500,h25_load,0.572578
4613400,h25_load,0.591040
4614300,h25_load,0.606979
4615200,h25_load,0.620684
4616100,h25_load,0.637237
4617000,h25_load,0.651169
4617900,h25_load,0.667560
4618800,h25_load,0.691637
4619700,h25_load,0.713934
4620600,h25_load,0.727494
4621500,h25_load,0.724857
4622400,h25_load,0.702219
4623300,h25_load,0.685521
4624200,h25_load,0.664842
4625100,h25_load,0.646072
4626000,h25_load,0.624972
4626900,h25_load,0.610733
4627800,h25_load,0.599649
4628700,h25_load,0.586510
4629600,h25_load,0.575135
4630500,h25_load,0.566866
4631400,h25_load,0.561462
4632300,h25_load,0.554925
4633200,h25_load,0.551171
4634100,h25_load,0.546672
4635000,h25_load,0.542821
4635900,h25_load,0.541365
4636800,h25_load,0.543501
4637700,h25_load,0.549019
4638600,h25_load,0.559941
4639500,h25_load,0.575766
4640400,h25_load,0.598435
4641300,h25_load,0.627237
4642200,h25_load,0.655829
4643100,h25_load,0.688951
4644000,h25_load,0.720083
4644900,h25_load,0.737203
4645800,h25_load,0.740973
4646700,h25_load,0.739516
4647600,h25_load,0.727721
4648500,h25_load,0.713352
4649400,h25_load,0.697284
4650300,h25_load,0.682689
4651200,h25_load,0.666977
4652100,h25_load,0.639518
4653000,h25_load,0.610959
4653900,h25_load,0.588047
4654800,h25_load,0.572076
4655700,h25_load,0.553161
4656600,h25_load,0.534666
4657500,h25_load,0.530184
4658400,h25_load,0.518404
4659300,h25_load,0.489845
4660200,h25_load,0.463858
4661100,h25_load,0.439991
4662000,h25_load,0.419717
4662900,h25_load,0.395381
4663800,h25_load,0.373472
4664700,h25_load,0.352145
4665600,h25_load,0.327322
4666500,h25_load,0.308244
4667400,h25_load,0.294088
4668300,h25_load,0.282531
4669200,h25_load,0.273298
4670100,h25_load,0.265067
4671000,h25_load,0.261338
4671900,h25_load,0.253703
4672800,h25_load,0.254381
4673700,h25_load,0.252186
4674600,h25_load,0.250750
4675500,h25_load,0.249717
4676400,h25_load,0.251040
4677300,h25_load,0.250136
4678200,h25_load,0.250540
4679100,h25_load,0.251121
4680000,h25_load,0.255753
4680900,h25_load,0.258772
4681800,h25_load,0.263775
4682700,h25_load,0.273605
4683600,h25_load,0.283451
4684500,h25_load,0.289278
4685400,h25_load,0.303773
4686300,h25_load,0.321689
4687200,h25_load,0.353115
4688100,h25_load,0.380458
4689000,h25_load,0.401167
4689900,h25_load,0.413402
4690800,h25_load,0.417453
4691700,h25_load,0.417147
4692600,h25_load,0.410287
4693500,h25_load,0.402442
4694400,h25_load,0.392483
4695300,h25_load,0.389174
4696200,h25_load,0.379280
4697100,h25_load,0.372581
4698000,h25_load,0.368175
4698900,h25_load,0.368304
4699800,h25_load,0.366512
4700700,h25_load,0.364914
4701600,h25_load,0.361363
4702500,h25_load,0.360524
4703400,h25_load,0.364333
4704300,h25_load,0.369418
4705200,h25_load,0.381766
4706100,h25_load,0.392564
4707000,h25_load,0.402959
4707900,h25_load,0.408785
4708800,h25_load,0.409334
4709700,h25_load,0.408673
4710600,h25_load,0.407155
4711500,h25_load,0.404702
4712400,h25_load,0.401199
4713300,h25_load,0.399876
4714200,h25_load,0.399198
4715100,h25_load,0.394243
4716000,h25_load,0.387060
4716900,h25_load,0.385639
4717800,h25_load,0.383783
4718700,h25_load,0.385543
4719600,h25_load,0.391547
4720500,h25_load,0.392419
4721400,h25_load,0.395340
4722300,h25_load,0.401522
4723200,h25_load,0.416436
4724100,h25_load,0.428784
4725000,h25_load,0.443392
4725900,h25_load,0.462470
4726800,h25_load,0.494236
4727700,h25_load,0.524387
4728600,h25_load,0.556491
4729500,h25_load,0.597941
4730400,h25_load,0.635146
4731300,h25_load,0.662489
4732200,h25_load,0.678388
4733100,h25_load,0.687378
4734000,h25_load,0.686846
4734900,h25_load,0.681697
4735800,h25_load,0.672383
4736700,h25_load,0.663538
4737600,h25_load,0.648349
4738500,h25_load,0.627641
4739400,h25_load,0.603962
4740300,h25_load,0.584447
4741200,h25_load,0.568871
4742100,h25_load,0.552779
4743000,h25_load,0.535476
4743900,h25_load,0.528438
4744800,h25_load,0.518318
4745700,h25_load,0.491718
4746600,h25_load,0.467087
4747500,h25_load,0.442472
4748400,h25_load,0.422279
4749300,h25_load,0.397083
4750200,h25_load,0.375083
4751100,h25_load,0.353955
4752000,h25_load,0.326498
4752900,h25_load,0.307467
4753800,h25_load,0.293348
4754700,h25_load,0.281820
4755600,h25_load,0.272610
4756500,h25_load,0.264399
4757400,h25_load,0.260680
4758300,h25_load,0.253065
4759200,h25_load,0.253741
4760100,h25_load,0.251551
4761000,h25_load,0.250118
4761900,h25_load,0.249088
4762800,h25_load,0.250408
4763700,h25_load,0.249506
4764600,h25_load,0.249909
4765500,h25_load,0.250489
4766400,h25_load,0.255109
4767300,h25_load,0.258120
4768200,h25_load,0.263111
4769100,h25_load,0.272916
4770000,h25_load,0.282737
4770900,h25_load,0.288550
4771800,h25_load,0.303008
4772700,h25_load,0.320879
4773600,h25_load,0.352226
4774500,h25_load,0.379500
4775400,h25_load,0.400157
4776300,h25_load,0.412361
4777200,h25_load,0.416402
4778100,h25_load,0.416096
4779000,h25_load,0.409254
4779900,h25_load,0.401429
4780800,h25_load,0.391495
4781700,h25_load,0.388194
4782600,h25_load,0.378325
4783500,h25_load,0.371643
4784400,h25_load,0.367248
4785300,h25_load,0.367377
4786200,h25_load,0.365590
4787100,h25_load,0.363996
4788000,h25_load,0.360454
4788900,h25_load,0.359616
4789800,h25_load,0.363416
4790700,h25_load,0.368488
4791600,h25_load,0.380804
4792500,h25_load,0.391575
4793400,h25_load,0.401944
4794300,h25_load,0.407756
4795200,h25_load,0.408304
4796100,h25_load,0.407644
4797000,h25_load,0.406130
4797900,h25_load,0.403683
4798800,h25_load,0.400189
4799700,h25_load,0.398869
4800600,h25_load,0.398193
4801500,h25_load,0.393250
4802400,h25_load,0.386085
4803300,h25_load,0.384668
4804200,h25_load,0.382817
4805100,h25_load,0.384572
4806000,h25_load,0.390561
4806900,h25_load,0.391431
4807800,h25_load,0.394345
4808700,h25_load,0.400511
4809600,h25_load,0.415388
4810500,h25_load,0.427705
4811400,h25_load,0.442275
4812300,h25_load,0.461306
4813200,h25_load,0.492991
4814100,h25_load,0.523067
4815000,h25_load,0.555090
4815900,h25_load,0.596436
4816800,h25_load,0.633547
4817700,h25_load,0.660821
4818600,h25_load,0.676680
4819500,h25_load,0.685648
4820400,h25_load,0.685116
4821300,h25_load,0.679980
4822200,h25_load,0.670690
4823100,h25_load,0.661867
4824000,h25_load,0.646717
4824900,h25_load,0.626060
4825800,h25_load,0.602441
4826700,h25_load,0.582976
4827600,h25_load,0.567439
4828500,h25_load,0.551387
4829400,h25_load,0.534128
4830300,h25_load,0.527108
4831200,h25_load,0.517013
4832100,h25_load,0.490480
4833000,h25_load,0.465911
4833900,h25_load,0.441358
4834800,h25_load,0.421216
4835700,h25_load,0.396084
4836600,h25_load,0.374139
4837500,h25_load,0.353064
4838400,h25_load,0.325661
4839300,h25_load,0.306679
4840200,h25_load,0.292595
4841100,h25_load,0.281097
4842000,h25_load,0.271911
4842900,h25_load,0.263721
4843800,h25_load,0.260012
4844700,h25_load,0.252416
4845600,h25_load,0.253090
4846500,h25_load,0.250906
4847400,h25_load,0.249477
4848300,h25_load,0.248449
4849200,h25_load,0.249766
4850100,h25_load,0.248867
4851000,h25_load,0.249268
4851900,h25_load,0.249846
4852800,h25_load,0.254455
4853700,h25_load,0.257458
4854600,h25_load,0.262437
4855500,h25_load,0.272216
4856400,h25_load,0.282012
4857300,h25_load,0.287810
4858200,h25_load,0.302231
4859100,h25_load,0.320056
4860000,h25_load,0.351323
4860900,h25_load,0.378527
4861800,h25_load,0.399131
4862700,h25_load,0.411304
4863600,h25_load,0.415334
4864500,h25_load,0.415029
4865400,h25_load,0.408204
4866300,h25_load,0.400400
4867200,h25_load,0.390491
4868100,h25_load,0.387199
4869000,h25_load,0.377355
4869900,h25_load,0.370690
4870800,h25_load,0.366306
4871700,h25_load,0.366435
4872600,h25_load,0.364652
4873500,h25_load,0.363062
4874400,h25_load,0.359529
4875300,h25_load,0.358694
4876200,h25_load,0.362484
4877100,h25_load,0.367543
4878000,h25_load,0.379828
4878900,h25_load,0.390571
4879800,h25_load,0.400913
4880700,h25_load,0.406711
4881600,h25_load,0.407257
4882500,h25_load,0.406598
4883400,h25_load,0.405089
4884300,h25_load,0.402648
4885200,h25_load,0.399163
4886100,h25_load,0.397846
4887000,h25_load,0.397172
4887900,h25_load,0.392242
4888800,h25_load,0.385095
4889700,h25_load,0.383682
4890600,h25_load,0.381835
4891500,h25_load,0.383586
4892400,h25_load,0.389560
4893300,h25_load,0.390427
4894200,h25_load,0.393334
4895100,h25_load,0.399484
4896000,h25_load,0.414323
4896900,h25_load,0.426608
4897800,h25_load,0.441141
4898700,h25_load,0.460123
4899600,h25_load,0.491727
4900500,h25_load,0.521725
4901400,h25_load,0.553667
4902300,h25_load,0.594906
4903200,h25_load,0.631922
4904100,h25_load,0.659126
4905000,h25_load,0.674945
4905900,h25_load,0.683889
4906800,h25_load,0.683359
4907700,h25_load,0.678237
4908600,h25_load,0.668971
4909500,h25_load,0.660170
4910400,h25_load,0.645059
4911300,h25_load,0.624455
4912200,h25_load,0.600896
4913100,h25_load,0.581481
4914000,h25_load,0.565984
4914900,h25_load,0.549973
4915800,h25_load,0.532758
4916700,h25_load,0.525756
4917600,h25_load,0.515687
4918500,h25_load,0.489222
4919400,h25_load,0.464716
4920300,h25_load,0.440226
4921200,h25_load,0.420136
4922100,h25_load,0.395068
4923000,h25_load,0.373180
4923900,h25_load,0.352158
4924800,h25_load,0.324811
4925700,h25_load,0.305879
4926600,h25_load,0.291832
4927500,h25_load,0.280364
4928400,h25_load,0.271202
4929300,h25_load,0.263033
4930200,h25_load,0.259333
4931100,h25_load,0.251757
4932000,h25_load,0.252430
4932900,h25_load,0.250251
4933800,h25_load,0.248826
4934700,h25_load,0.247801
4935600,h25_load,0.249114
4936500,h25_load,0.248217
4937400,h25_load,0.248618
4938300,h25_load,0.249194
4939200,h25_load,0.253791
4940100,h25_load,0.256786
4941000,h25_load,0.261752
4941900,h25_load,0.271506
4942800,h25_load,0.281276
4943700,h25_load,0.287059
4944600,h25_load,0.301442
4945500,h25_load,0.319221
4946400,h25_load,0.350406
4947300,h25_load,0.377539
4948200,h25_load,0.398089
4949100,h25_load,0.410230
4950000,h25_load,0.414251
4950900,h25_load,0.413946
4951800,h25_load,0.407139
4952700,h25_load,0.399355
4953600,h25_load,0.389472
4954500,h25_load,0.386189
4955400,h25_load,0.376370
4956300,h25_load,0.369723
4957200,h25_load,0.365350
4958100,h25_load,0.365478
4959000,h25_load,0.363701
4959900,h25_load,0.362115
4960800,h25_load,0.358591
4961700,h25_load,0.357758
4962600,h25_load,0.361538
4963500,h25_load,0.366584
4964400,h25_load,0.378837
4965300,h25_load,0.389552
4966200,h25_load,0.399867
4967100,h25_load,0.405649
4968000,h25_load,0.406194
4968900,h25_load,0.405537
4969800,h25_load,0.404032
4970700,h25_load,0.401597
4971600,h25_load,0.398121
4972500,h25_load,0.396808
4973400,h25_load,0.396135
4974300,h25_load,0.391218
4975200,h25_load,0.384090
4976100,h25_load,0.382681
4977000,h25_load,0.380839
4977900,h25_load,0.382585
4978800,h25_load,0.388543
4979700,h25_load,0.389408
4980600,h25_load,0.392307
4981500,h25_load,0.398442
4982400,h25_load,0.413241
4983300,h25_load,0.425495
4984200,h25_load,0.439990
4985100,h25_load,0.458922
4986000,h25_load,0.490444
4986900,h25_load,0.520364
4987800,h25_load,0.552222
4988700,h25_load,0.593354
4989600,h25_load,0.630273
4990500,h25_load,0.657406
4991400,h25_load,0.673183
4992300,h25_load,0.682105
4993200,h25_load,0.681576
4994100,h25_load,0.676467
4995000,h25_load,0.667225
4995900,h25_load,0.658447
4996800,h25_load,0.643375
4997700,h25_load,0.622825
4998600,h25_load,0.599328
4999500,h25_load,0.579964
5000400,h25_load,0.564507
5001300,h25_load,0.548538
5002200,h25_load,0.531368
5003100,h25_load,0.524384
5004000,h25_load,0.514341
5004900,h25_load,0.487945
5005800,h25_load,0.463503
5006700,h25_load,0.439077
5007600,h25_load,0.419040
5008500,h25_load,0.394037
5009400,h25_load,0.372206
5010300,h25_load,0.351239
5011200,h25_load,0.323949
5012100,h25_load,0.305067
5013000,h25_load,0.291057
5013900,h25_load,0.279619
5014800,h25_load,0.270482
5015700,h25_load,0.262335
5016600,h25_load,0.258645
5017500,h25_load,0.251089
5018400,h25_load,0.251760
5019300,h25_load,0.249587
5020200,h25_load,0.248165
5021100,h25_load,0.247143
5022000,h25_load,0.248453
5022900,h25_load,0.247558
5023800,h25_load,0.247958
5024700,h25_load,0.248533
5025600,h25_load,0.253117
5026500,h25_load,0.256105
5027400,h25_load,0.261057
5028300,h25_load,0.270785
5029200,h25_load,0.280530
5030100,h25_load,0.286297
5031000,h25_load,0.300642
5031900,h25_load,0.318374
5032800,h25_load,0.349476
5033700,h25_load,0.376537
5034600,h25_load,0.397033
5035500,h25_load,0.409141
5036400,h25_load,0.413151
5037300,h25_load,0.412847
5038200,h25_load,0.406058
5039100,h25_load,0.398295
5040000,h25_load,0.388438
5040900,h25_load,0.385163
5041800,h25_load,0.375371
5042700,h25_load,0.368742
5043600,h25_load,0.364381
5044500,h25_load,0.364508
5045400,h25_load,0.362735
5046300,h25_load,0.361154
5047200,h25_load,0.357639
5048100,h25_load,0.356809
5049000,h25_load,0.360579
5049900,h25_load,0.365611
5050800,h25_load,0.377831
5051700,h25_load,0.388518
5052600,h25_load,0.398806
5053500,h25_load,0.404573
5054400,h25_load,0.405116
5055300,h25_load,0.404461
5056200,h25_load,0.402959
5057100,h25_load,0.400531
5058000,h25_load,0.397065
5058900,h25_load,0.395755
5059800,h25_load,0.395084
5060700,h25_load,0.390179
5061600,h25_load,0.383071
5062500,h25_load,0.381665
5063400,h25_load,0.379828
5064300,h25_load,0.381569
5065200,h25_load,0.387512
5066100,h25_load,0.388374
5067000,h25_load,0.391266
5067900,h25_load,0.397384
5068800,h25_load,0.412145
5069700,h25_load,0.424365
5070600,h25_load,0.438822
5071500,h25_load,0.457704
5072400,h25_load,0.489142
5073300,h25_load,0.518983
5074200,h25_load,0.550756
5075100,h25_load,0.591779
5076000,h25_load,0.628600
5076900,h25_load,0.655661
5077800,h25_load,0.671396
5078700,h25_load,0.680294
5079600,h25_load,0.679767
5080500,h25_load,0.674671
5081400,h25_load,0.665454
5082300,h25_load,0.656700
5083200,h25_load,0.641668
5084100,h25_load,0.621172
5085000,h25_load,0.597737
5085900,h25_load,0.578424
5086800,h25_load,0.563009
5087700,h25_load,0.547082
5088600,h25_load,0.529957
5089500,h25_load,0.522992
5090400,h25_load,0.512976
5091300,h25_load,0.486650
5092200,h25_load,0.462273
5093100,h25_load,0.437912
5094000,h25_load,0.417927
5094900,h25_load,0.392991
5095800,h25_load,0.371218
5096700,h25_load,0.350307
5097600,h25_load,0.348215
5098500,h25_load,0.326245
5099400,h25_load,0.315810
5100300,h25_load,0.303415
5101200,h25_load,0.291976
5102100,h25_load,0.282880
5103000,h25_load,0.276332
5103900,h25_load,0.267314
5104800,h25_load,0.265514
5105700,h25_load,0.262519
5106600,h25_load,0.259651
5107500,h25_load,0.257580
5108400,h25_load,0.256354
5109300,h25_load,0.254617
5110200,h25_load,0.254187
5111100,h25_load,0.254203
5112000,h25_load,0.257931
5112900,h25_load,0.257102
5113800,h25_load,0.258042
5114700,h25_load,0.263953
5115600,h25_load,0.266390
5116500,h25_load,0.264813
5117400,h25_load,0.267044
5118300,h25_load,0.273480
5119200,h25_load,0.285970
5120100,h25_load,0.299671
5121000,h25_load,0.315985
5121900,h25_load,0.334386
5122800,h25_load,0.360482
5123700,h25_load,0.386291
5124600,h25_load,0.414282
5125500,h25_load,0.438753
5126400,h25_load,0.459193
5127300,h25_load,0.479920
5128200,h25_load,0.489017
5129100,h25_load,0.498433
5130000,h25_load,0.506462
5130900,h25_load,0.520004
5131800,h25_load,0.527157
5132700,h25_load,0.530327
5133600,h25_load,0.536971
5134500,h25_load,0.542579
5135400,h25_load,0.548712
5136300,h25_load,0.555228
5137200,h25_load,0.569216
5138100,h25_load,0.582885
5139000,h25_load,0.592874
5139900,h25_load,0.594802
5140800,h25_load,0.583937
5141700,h25_load,0.577070
5142600,h25_load,0.568228
5143500,h25_load,0.560725
5144400,h25_load,0.551500
5145300,h25_load,0.545558
5146200,h25_load,0.540938
5147100,h25_load,0.534884
5148000,h25_load,0.529308
5148900,h25_load,0.527810
5149800,h25_load,0.525197
5150700,h25_load,0.523461
5151600,h25_load,0.520784
5152500,h25_load,0.521629
5153400,h25_load,0.519064
5154300,h25_load,0.517041
5155200,h25_load,0.520848
5156100,h25_load,0.525405
5157000,h25_load,0.530535
5157900,h25_load,0.536063
5158800,h25_load,0.549477
5159700,h25_load,0.562971
5160600,h25_load,0.580480
5161500,h25_load,0.601191
5162400,h25_load,0.620277
5163300,h25_load,0.641306
5164200,h25_load,0.656441
5165100,h25_load,0.667370
5166000,h25_load,0.672930
5166900,h25_load,0.669569
5167800,h25_load,0.660201
5168700,h25_load,0.644222
5169600,h25_load,0.630298
5170500,h25_load,0.611020
5171400,h25_load,0.587952
5172300,h25_load,0.567623
5173200,h25_load,0.556328
5174100,h25_load,0.541320
5175000,h25_load,0.526185
5175900,h25_load,0.521629
5176800,h25_load,0.520577
5177700,h25_load,0.499468
5178600,h25_load,0.479570
5179500,h25_load,0.456597
5180400,h25_load,0.435870
5181300,h25_load,0.415892
5182200,h25_load,0.397777
5183100,h25_load,0.377544
5184000,h25_load,0.360796
5184900,h25_load,0.340412
5185800,h25_load,0.325859
5186700,h25_load,0.313498
5187600,h25_load,0.301932
5188500,h25_load,0.291859
5189400,h25_load,0.288856
5190300,h25_load,0.279991
5191200,h25_load,0.278513
5192100,h25_load,0.273239
5193000,h25_load,0.269537
5193900,h25_load,0.264834
5194800,h25_load,0.266486
5195700,h25_load,0.263658
5196600,h25_load,0.260973
5197500,h25_load,0.259083
5198400,h25_load,0.259083
5199300,h25_load,0.258034
5200200,h25_load,0.259750
5201100,h25_load,0.265660
5202000,h25_load,0.268536
5202900,h25_load,0.265374
5203800,h25_load,0.268377
5204700,h25_load,0.275050
5205600,h25_load,0.281627
5206500,h25_load,0.291287
5207400,h25_load,0.302282
5208300,h25_load,0.315897
5209200,h25_load,0.339173
5210100,h25_load,0.361559
5211000,h25_load,0.387869
5211900,h25_load,0.416293
5212800,h25_load,0.446241
5213700,h25_load,0.473759
5214600,h25_load,0.492554
5215500,h25_load,0.512414
5216400,h25_load,0.532321
5217300,h25_load,0.552832
5218200,h25_load,0.569213
5219100,h25_load,0.582924
5220000,h25_load,0.596635
5220900,h25_load,0.611792
5221800,h25_load,0.625106
5222700,h25_load,0.640565
5223600,h25_load,0.661092
5224500,h25_load,0.682064
5225400,h25_load,0.695060
5226300,h25_load,0.692899
5227200,h25_load,0.673230
5228100,h25_load,0.655801
5229000,h25_load,0.638118
5229900,h25_load,0.620610
5230800,h25_load,0.601735
5231700,h25_load,0.587404
5232600,h25_load,0.575441
5233500,h25_load,0.562095
5234400,h25_load,0.547192
5235300,h25_load,0.539820
5236200,h25_load,0.534625
5237100,h25_load,0.526109
5238000,h25_load,0.521819
5238900,h25_load,0.517037
5239800,h25_load,0.513018
5240700,h25_load,0.509538
5241600,h25_load,0.508950
5242500,h25_load,0.511731
5243400,h25_load,0.520088
5244300,h25_load,0.529938
5245200,h25_load,0.545397
5246100,h25_load,0.563811
5247000,h25_load,0.583639
5247900,h25_load,0.604817
5248800,h25_load,0.627410
5249700,h25_load,0.647556
5250600,h25_load,0.662681
5251500,h25_load,0.674565
5252400,h25_load,0.675566
5253300,h25_load,0.671006
5254200,h25_load,0.663682
5255100,h25_load,0.653085
5256000,h25_load,0.645331
5256900,h25_load,0.626107
5257800,h25_load,0.600718
5258700,h25_load,0.578380
5259600,h25_load,0.562127
5260500,h25_load,0.541902
5261400,h25_load,0.523948
5262300,h25_load,0.518785
5263200,h25_load,0.509093
5264100,h25_load,0.479494
5265000,h25_load,0.456076
5265900,h25_load,0.429035
5266800,h25_load,0.403948
5267700,h25_load,0.380608
5268600,h25_load,0.358175
5269500,h25_load,0.337267
5270400,h25_load,0.310566
5271300,h25_load,0.291807
5272200,h25_load,0.282792
5273100,h25_load,0.271321
5274000,h25_load,0.262750
5274900,h25_load,0.255557
5275800,h25_load,0.251644
5276700,h25_load,0.245195
5277600,h25_load,0.245005
5278500,h25_load,0.243072
5279400,h25_load,0.241520
5280300,h25_load,0.240347
5281200,h25_load,0.242106
5282100,h25_load,0.241821
5283000,h25_load,0.242660
5283900,h25_load,0.243611
5284800,h25_load,0.249077
5285700,h25_load,0.252135
5286600,h25_load,0.257458
5287500,h25_load,0.268992
5288400,h25_load,0.280622
5289300,h25_load,0.287149
5290200,h25_load,0.301187
5291100,h25_load,0.316460
5292000,h25_load,0.344614
5292900,h25_load,0.368617
5293800,h25_load,0.381387
5294700,h25_load,0.388944
5295600,h25_load,0.391986
5296500,h25_load,0.390323
5297400,h25_load,0.387059
5298300,h25_load,0.380135
5299200,h25_load,0.371611
5300100,h25_load,0.367239
5301000,h25_load,0.358224
5301900,h25_load,0.351934
5302800,h25_load,0.349858
5303700,h25_load,0.349779
5304600,h25_load,0.349937
5305500,h25_load,0.348591
5306400,h25_load,0.345485
5307300,h25_load,0.347450
5308200,h25_load,0.351316
5309100,h25_load,0.357970
5310000,h25_load,0.367381
5310900,h25_load,0.380832
5311800,h25_load,0.391036
5312700,h25_load,0.396914
5313600,h25_load,0.398149
5314500,h25_load,0.398070
5315400,h25_load,0.397975
5316300,h25_load,0.398894
5317200,h25_load,0.395028
5318100,h25_load,0.394379
5319000,h25_load,0.394125
5319900,h25_load,0.389039
5320800,h25_load,0.384017
5321700,h25_load,0.382829
5322600,h25_load,0.382337
5323500,h25_load,0.382892
5324400,h25_load,0.390133
5325300,h25_load,0.389261
5326200,h25_load,0.392224
5327100,h25_load,0.397151
5328000,h25_load,0.410301
5328900,h25_load,0.418318
5329800,h25_load,0.429060
5330700,h25_load,0.443018
5331600,h25_load,0.466229
5332500,h25_load,0.487840
5333400,h25_load,0.509530
5334300,h25_load,0.537731
5335200,h25_load,0.568199
5336100,h25_load,0.597002
5337000,h25_load,0.623651
5337900,h25_load,0.646197
5338800,h25_load,0.658555
5339700,h25_load,0.660551
5340600,h25_load,0.655671
5341500,h25_load,0.644501
5342400,h25_load,0.631430
5343300,h25_load,0.611499
5344200,h25_load,0.588098
5345100,h25_load,0.567929
5346000,h25_load,0.553401
5346900,h25_load,0.535688
5347800,h25_load,0.518022
5348700,h25_load,0.512287
5349600,h25_load,0.503287
5350500,h25_load,0.476211
5351400,h25_load,0.453269
5352300,h25_load,0.424418
5353200,h25_load,0.400811
5354100,h25_load,0.375762
5355000,h25_load,0.354595
5355900,h25_load,0.333904
5356800,h25_load,0.309689
5357700,h25_load,0.290983
5358600,h25_load,0.281993
5359500,h25_load,0.270555
5360400,h25_load,0.262008
5361300,h25_load,0.254835
5362200,h25_load,0.250933
5363100,h25_load,0.244503
5364000,h25_load,0.244313
5364900,h25_load,0.242386
5365800,h25_load,0.240837
5366700,h25_load,0.239668
5367600,h25_load,0.241422
5368500,h25_load,0.241138
5369400,h25_load,0.241975
5370300,h25_load,0.242923
5371200,h25_load,0.248373
5372100,h25_load,0.251423
5373000,h25_load,0.256731
5373900,h25_load,0.268232
5374800,h25_load,0.279829
5375700,h25_load,0.286338
5376600,h25_load,0.300336
5377500,h25_load,0.315566
5378400,h25_load,0.343640
5379300,h25_load,0.367576
5380200,h25_load,0.380309
5381100,h25_load,0.387845
5382000,h25_load,0.390879
5382900,h25_load,0.389220
5383800,h25_load,0.385965
5384700,h25_load,0.379061
5385600,h25_load,0.370562
5386500,h25_load,0.366201
5387400,h25_load,0.357211
5388300,h25_load,0.350939
5389200,h25_load,0.348870
5390100,h25_load,0.348791
5391000,h25_load,0.348949
5391900,h25_load,0.347606
5392800,h25_load,0.344509
5393700,h25_load,0.346468
5394600,h25_load,0.350323
5395500,h25_load,0.356959
5396400,h25_load,0.366343
5397300,h25_load,0.379756
5398200,h25_load,0.389931
5399100,h25_load,0.395792
5400000,h25_load,0.397025
5400900,h25_load,0.396946
5401800,h25_load,0.396851
5402700,h25_load,0.397767
5403600,h25_load,0.393912
5404500,h25_load,0.393264
5405400,h25_load,0.393012
5406300,h25_load,0.387940
5407200,h25_load,0.382932
5408100,h25_load,0.381747
5409000,h25_load,0.381257
5409900,h25_load,0.381810
5410800,h25_load,0.389030
5411700,h25_load,0.388161
5412600,h25_load,0.391116
5413500,h25_load,0.396029
5414400,h25_load,0.409142
5415300,h25_load,0.417136
5416200,h25_load,0.427848
5417100,h25_load,0.441767
5418000,h25_load,0.464912
5418900,h25_load,0.486462
5419800,h25_load,0.508090
5420700,h25_load,0.536212
5421600,h25_load,0.566593
5422500,h25_load,0.595316
5423400,h25_load,0.621889
5424300,h25_load,0.644371
5425200,h25_load,0.656694
5426100,h25_load,0.658685
5427000,h25_load,0.653819
5427900,h25_load,0.642681
5428800,h25_load,0.629646
5429700,h25_load,0.609772
5430600,h25_load,0.586437
5431500,h25_load,0.566325
5432400,h25_load,0.551837
5433300,h25_load,0.534174
5434200,h25_load,0.516558
5435100,h25_load,0.510839
5436000,h25_load,0.501866
5436900,h25_load,0.474865
5437800,h25_load,0.451989
5438700,h25_load,0.423219
5439600,h25_load,0.399679
5440500,h25_load,0.374701
5441400,h25_load,0.353594
5442300,h25_load,0.332960
5443200,h25_load,0.308801
5444100,h25_load,0.290149
5445000,h25_load,0.281185
5445900,h25_load,0.269780
5446800,h25_load,0.261257
5447700,h25_load,0.254105
5448600,h25_load,0.250214
5449500,h25_load,0.243802
5450400,h25_load,0.243613
5451300,h25_load,0.241691
5452200,h25_load,0.240147
5453100,h25_load,0.238981
5454000,h25_load,0.240730
5454900,h25_load,0.240446
5455800,h25_load,0.241281
5456700,h25_load,0.242227
5457600,h25_load,0.247662
5458500,h25_load,0.250702
5459400,h25_load,0.255995
5460300,h25_load,0.267464
5461200,h25_load,0.279027
5462100,h25_load,0.285517
5463000,h25_load,0.299475
5463900,h25_load,0.314661
5464800,h25_load,0.342655
5465700,h25_load,0.366522
5466600,h25_load,0.379219
5467500,h25_load,0.386734
5468400,h25_load,0.389759
5469300,h25_load,0.388104
5470200,h25_load,0.384859
5471100,h25_load,0.377975
5472000,h25_load,0.369500
5472900,h25_load,0.365152
5473800,h25_load,0.356188
5474700,h25_load,0.349934
5475600,h25_load,0.347870
5476500,h25_load,0.347791
5477400,h25_load,0.347949
5478300,h25_load,0.346610
5479200,h25_load,0.343522
5480100,h25_load,0.345475
5481000,h25_load,0.349319
5481900,h25_load,0.355936
5482800,h25_load,0.365293
5483700,h25_load,0.378668
5484600,h25_load,0.388813
5485500,h25_load,0.394658
5486400,h25_load,0.395887
5487300,h25_load,0.395808
5488200,h25_load,0.395713
5489100,h25_load,0.396627
5490000,h25_load,0.392783
5490900,h25_load,0.392137
5491800,h25_load,0.391885
5492700,h25_load,0.386828
5493600,h25_load,0.381835
5494500,h25_load,0.380653
5495400,h25_load,0.380165
5496300,h25_load,0.380716
5497200,h25_load,0.387915
5498100,h25_load,0.387049
5499000,h25_load,0.389995
5499900,h25_load,0.394894
5500800,h25_load,0.407970
5501700,h25_load,0.415941
5502600,h25_load,0.426622
5503500,h25_load,0.440501
5504400,h25_load,0.463580
5505300,h25_load,0.485068
5506200,h25_load,0.506634
5507100,h25_load,0.534676
5508000,h25_load,0.564970
5508900,h25_load,0.593610
5509800,h25_load,0.620107
5510700,h25_load,0.642524
5511600,h25_load,0.654812
5512500,h25_load,0.656797
5513400,h25_load,0.651945
5514300,h25_load,0.640839
5515200,h25_load,0.627842
5516100,h25_load,0.608024
5517000,h25_load,0.584756
5517900,h25_load,0.564702
5518800,h25_load,0.550256
5519700,h25_load,0.532643
5520600,h25_load,0.515078
5521500,h25_load,0.509375
5522400,h25_load,0.500427
5523300,h25_load,0.473504
5524200,h25_load,0.450693
5525100,h25_load,0.422006
5526000,h25_load,0.398533
5526900,h25_load,0.373627
5527800,h25_load,0.352580
5528700,h25_load,0.332006
5529600,h25_load,0.307904
5530500,h25_load,0.289306
5531400,h25_load,0.280368
5532300,h25_load,0.268996
5533200,h25_load,0.260498
5534100,h25_load,0.253366
5535000,h25_load,0.249487
5535900,h25_load,0.243094
5536800,h25_load,0.242905
5537700,h25_load,0.240989
5538600,h25_load,0.239449
5539500,h25_load,0.238287
5540400,h25_load,0.240031
5541300,h25_load,0.239748
5542200,h25_load,0.240580
5543100,h25_load,0.241523
5544000,h25_load,0.246942
5544900,h25_load,0.249974
5545800,h25_load,0.255251
5546700,h25_load,0.266687
5547600,h25_load,0.278216
5548500,h25_load,0.284688
5549400,h25_load,0.298605
5550300,h25_load,0.313747
5551200,h25_load,0.341660
5552100,h25_load,0.365457
5553000,h25_load,0.378118
5553900,h25_load,0.385610
5554800,h25_load,0.388626
5555700,h25_load,0.386977
5556600,h25_load,0.383741
5557500,h25_load,0.376877
5558400,h25_load,0.368426
5559300,h25_load,0.364091
5560200,h25_load,0.355153
5561100,h25_load,0.348917
5562000,h25_load,0.346859
5562900,h25_load,0.346781
5563800,h25_load,0.346938
5564700,h25_load,0.345603
5565600,h25_load,0.342524
5566500,h25_load,0.344472
5567400,h25_load,0.348304
5568300,h25_load,0.354902
5569200,h25_load,0.364232
5570100,h25_load,0.377568
5571000,h25_load,0.387684
5571900,h25_load,0.393511
5572800,h25_load,0.394736
5573700,h25_load,0.394658
5574600,h25_load,0.394564
5575500,h25_load,0.395475
5576400,h25_load,0.391642
5577300,h25_load,0.390998
5578200,h25_load,0.390747
5579100,h25_load,0.385704
5580000,h25_load,0.380725
5580900,h25_load,0.379547
5581800,h25_load,0.379060
5582700,h25_load,0.379610
5583600,h25_load,0.386788
5584500,h25_load,0.385924
5585400,h25_load,0.388862
5586300,h25_load,0.393747
5587200,h25_load,0.406784
5588100,h25_load,0.414732
5589000,h25_load,0.425382
5589900,h25_load,0.439221
5590800,h25_load,0.462233
5591700,h25_load,0.483658
5592600,h25_load,0.505162
5593500,h25_load,0.533122
5594400,h25_load,0.563328
5595300,h25_load,0.591885
5596200,h25_load,0.618305
5597100,h25_load,0.640657
5598000,h25_load,0.652909
5598900,h25_load,0.654889
5599800,h25_load,0.650051
5600700,h25_load,0.638977
5601600,h25_load,0.626018
5602500,h25_load,0.606257
5603400,h25_load,0.583057
5604300,h25_load,0.563061
5605200,h25_load,0.548657
5606100,h25_load,0.531096
5607000,h25_load,0.513581
5607900,h25_load,0.507895
5608800,h25_load,0.498973
5609700,h25_load,0.472129
5610600,h25_load,0.449384
5611500,h25_load,0.420780
5612400,h25_load,0.397375
5613300,h25_load,0.372541
5614200,h25_load,0.351556
5615100,h25_load,0.331041
5616000,h25_load,0.306997
5616900,h25_load,0.288454
5617800,h25_load,0.279543
5618700,h25_load,0.268204
5619600,h25_load,0.259731
5620500,h25_load,0.252620
5621400,h25_load,0.248752
5622300,h25_load,0.242378
5623200,h25_load,0.242190
5624100,h25_load,0.240279
5625000,h25_load,0.238744
5625900,h25_load,0.237585
5626800,h25_load,0.239324
5627700,h25_load,0.239042
5628600,h25_load,0.239872
5629500,h25_load,0.240812
5630400,h25_load,0.246215
5631300,h25_load,0.249237
5632200,h25_load,0.254500
5633100,h25_load,0.265901
5634000,h25_load,0.277397
5634900,h25_load,0.283849
5635800,h25_load,0.297726
5636700,h25_load,0.312823
5637600,h25_load,0.340654
5638500,h25_load,0.364381
5639400,h25_load,0.377004
5640300,h25_load,0.384475
5641200,h25_load,0.387482
5642100,h25_load,0.385837
5643000,h25_load,0.382611
5643900,h25_load,0.375767
5644800,h25_load,0.367341
5645700,h25_load,0.363018
5646600,h25_load,0.354107
5647500,h25_load,0.347889
5648400,h25_load,0.345838
5649300,h25_load,0.345759
5650200,h25_load,0.345916
5651100,h25_load,0.344585
5652000,h25_load,0.341515
5652900,h25_load,0.343457
5653800,h25_load,0.347279
5654700,h25_load,0.353856
5655600,h25_load,0.363159
5656500,h25_load,0.376456
5657400,h25_load,0.386542
5658300,h25_load,0.392352
5659200,h25_load,0.393574
5660100,h25_load,0.393496
5661000,h25_load,0.393402
5661900,h25_load,0.394310
5662800,h25_load,0.390489
5663700,h25_load,0.389847
5664600,h25_load,0.389596
5665500,h25_load,0.384569
5666400,h25_load,0.379604
5667300,h25_load,0.378429
5668200,h25_load,0.377944
5669100,h25_load,0.378492
5670000,h25_load,0.385649
5670900,h25_load,0.384788
5671800,h25_load,0.387717
5672700,h25_load,0.392587
5673600,h25_load,0.405586
5674500,h25_load,0.413511
5675400,h25_load,0.424130
5676300,h25_load,0.437928
5677200,h25_load,0.460872
5678100,h25_load,0.482234
5679000,h25_load,0.503675
5679900,h25_load,0.531552
5680800,h25_load,0.561669
5681700,h25_load,0.590142
5682600,h25_load,0.616485
5683500,h25_load,0.638771
5684400,h25_load,0.650987
5685300,h25_load,0.652960
5686200,h25_load,0.648136
5687100,h25_load,0.637095
5688000,h25_load,0.624174
5688900,h25_load,0.604472
5689800,h25_load,0.581340
5690700,h25_load,0.561403
5691600,h25_load,0.547041
5692500,h25_load,0.529532
5693400,h25_load,0.512069
5694300,h25_load,0.506400
5695200,h25_load,0.497504
5696100,h25_load,0.470738
5697000,h25_load,0.448061
5697900,h25_load,0.419541
5698800,h25_load,0.396205
5699700,h25_load,0.371444
5700600,h25_load,0.350521
5701500,h25_load,0.330067
5702400,h25_load,0.341293
5703300,h25_load,0.319760
5704200,h25_load,0.309532
5705100,h25_load,0.297384
5706000,h25_load,0.286173
5706900,h25_load,0.277257
5707800,h25_load,0.270839
5708700,h25_load,0.262001
5709600,h25_load,0.260236
5710500,h25_load,0.257301
5711400,h25_load,0.254490
5712300,h25_load,0.252460
5713200,h25_load,0.251258
5714100,h25_load,0.249556
5715000,h25_load,0.249134
5715900,h25_load,0.249150
5716800,h25_load,0.252804
5717700,h25_load,0.251992
5718600,h25_load,0.252913
5719500,h25_load,0.258706
5720400,h25_load,0.261095
5721300,h25_load,0.259549
5722200,h25_load,0.261735
5723100,h25_load,0.268044
5724000,h25_load,0.280286
5724900,h25_load,0.293715
5725800,h25_load,0.309704
5726700,h25_load,0.327739
5727600,h25_load,0.353316
5728500,h25_load,0.378612
5729400,h25_load,0.406047
5730300,h25_load,0.430032
5731200,h25_load,0.450066
5732100,h25_load,0.470380
5733000,h25_load,0.479296
5733900,h25_load,0.488525
5734800,h25_load,0.496395
5735700,h25_load,0.509667
5736600,h25_load,0.516678
5737500,h25_load,0.519786
5738400,h25_load,0.526297
5739300,h25_load,0.531793
5740200,h25_load,0.537805
5741100,h25_load,0.544192
5742000,h25_load,0.557901
5742900,h25_load,0.571299
5743800,h25_load,0.581089
5744700,h25_load,0.582979
5745600,h25_load,0.572330
5746500,h25_load,0.565600
5747400,h25_load,0.556933
5748300,h25_load,0.549579
5749200,h25_load,0.540538
5750100,h25_load,0.534713
5751000,h25_load,0.530185
5751900,h25_load,0.524252
5752800,h25_load,0.518786
5753700,h25_load,0.517319
5754600,h25_load,0.514758
5755500,h25_load,0.513056
5756400,h25_load,0.510432
5757300,h25_load,0.511260
5758200,h25_load,0.508746
5759100,h25_load,0.506763
5760000,h25_load,0.510495
5760900,h25_load,0.514961
5761800,h25_load,0.519989
5762700,h25_load,0.525407
5763600,h25_load,0.538555
5764500,h25_load,0.551780
5765400,h25_load,0.568941
5766300,h25_load,0.589240
5767200,h25_load,0.607947
5768100,h25_load,0.628558
5769000,h25_load,0.643392
5769900,h25_load,0.654104
5770800,h25_load,0.659554
5771700,h25_load,0.656259
5772600,h25_load,0.647078
5773500,h25_load,0.631416
5774400,h25_load,0.617769
5775300,h25_load,0.598875
5776200,h25_load,0.576264
5777100,h25_load,0.556340
5778000,h25_load,0.545269
5778900,h25_load,0.530560
5779800,h25_load,0.515726
5780700,h25_load,0.511260
5781600,h25_load,0.510229
5782500,h25_load,0.489540
5783400,h25_load,0.470037
5784300,h25_load,0.447520
5785200,h25_load,0.427205
5786100,h25_load,0.407625
5787000,h25_load,0.389870
5787900,h25_load,0.370040
5788800,h25_load,0.353526
5789700,h25_load,0.333552
5790600,h25_load,0.319292
5791500,h25_load,0.307181
5792400,h25_load,0.295848
5793300,h25_load,0.285978
5794200,h25_load,0.283035
5795100,h25_load,0.274349
5796000,h25_load,0.272901
5796900,h25_load,0.267732
5797800,h25_load,0.264105
5798700,h25_load,0.259497
5799600,h25_load,0.261116
5800500,h25_load,0.258345
5801400,h25_load,0.255714
5802300,h25_load,0.253862
5803200,h25_load,0.253862
5804100,h25_load,0.252834
5805000,h25_load,0.254515
5805900,h25_load,0.260307
5806800,h25_load,0.263124
5807700,h25_load,0.260026
5808600,h25_load,0.262969
5809500,h25_load,0.269507
5810400,h25_load,0.275952
5811300,h25_load,0.285417
5812200,h25_load,0.296190
5813100,h25_load,0.309531
5814000,h25_load,0.332338
5814900,h25_load,0.354273
5815800,h25_load,0.380053
5816700,h25_load,0.407903
5817600,h25_load,0.437248
5818500,h25_load,0.464212
5819400,h25_load,0.482628
5820300,h25_load,0.502088
5821200,h25_load,0.521594
5822100,h25_load,0.541692
5823000,h25_load,0.557742
5823900,h25_load,0.571177
5824800,h25_load,0.584612
5825700,h25_load,0.599463
5826600,h25_load,0.612509
5827500,h25_load,0.627656
5828400,h25_load,0.647770
5829300,h25_load,0.668319
5830200,h25_load,0.681053
5831100,h25_load,0.678936
5832000,h25_load,0.659663
5832900,h25_load,0.642586
5833800,h25_load,0.625259
5834700,h25_load,0.608103
5835600,h25_load,0.589609
5836500,h25_load,0.575567
5837400,h25_load,0.563845
5838300,h25_load,0.550768
5839200,h25_load,0.536165
5840100,h25_load,0.528942
5841000,h25_load,0.523851
5841900,h25_load,0.515507
5842800,h25_load,0.511304
5843700,h25_load,0.506618
5844600,h25_load,0.502679
5845500,h25_load,0.499270
5846400,h25_load,0.498694
5847300,h25_load,0.501418
5848200,h25_load,0.509607
5849100,h25_load,0.519259
5850000,h25_load,0.534406
5850900,h25_load,0.552449
5851800,h25_load,0.571877
5852700,h25_load,0.592629
5853600,h25_load,0.614766
5854500,h25_load,0.634506
5855400,h25_load,0.649326
5856300,h25_load,0.660971
5857200,h25_load,0.661952
5858100,h25_load,0.657484
5859000,h25_load,0.650307
5859900,h25_load,0.639924
5860800,h25_load,0.632327
5861700,h25_load,0.613490
5862600,h25_load,0.588613
5863500,h25_load,0.566725
5864400,h25_load,0.550799
5865300,h25_load,0.530981
5866200,h25_load,0.513390
5867100,h25_load,0.508330
5868000,h25_load,0.498834
5868900,h25_load,0.469832
5869800,h25_load,0.446885
5870700,h25_load,0.420389
5871600,h25_load,0.395807
5872500,h25_load,0.372939
5873400,h25_load,0.350957
5874300,h25_load,0.330470
5875200,h25_load,0.304224
5876100,h25_load,0.285848
5877000,h25_load,0.277017
5877900,h25_load,0.265781
5878800,h25_load,0.257385
5879700,h25_load,0.250339
5880600,h25_load,0.246505
5881500,h25_load,0.240188
5882400,h25_load,0.240002
5883300,h25_load,0.238109
5884200,h25_load,0.236588
5885100,h25_load,0.235439
5886000,h25_load,0.237162
5886900,h25_load,0.236883
5887800,h25_load,0.237705
5888700,h25_load,0.238636
5889600,h25_load,0.243991
5890500,h25_load,0.246986
5891400,h25_load,0.252201
5892300,h25_load,0.263500
5893200,h25_load,0.274891
5894100,h25_load,0.281285
5895000,h25_load,0.295036
5895900,h25_load,0.309998
5896800,h25_load,0.337577
5897700,h25_load,0.361090
5898600,h25_load,0.373599
5899500,h25_load,0.381002
5900400,h25_load,0.383982
5901300,h25_load,0.382352
5902200,h25_load,0.379155
5903100,h25_load,0.372373
5904000,h25_load,0.364023
5904900,h25_load,0.359739
5905800,h25_load,0.350908
5906700,h25_load,0.344747
5907600,h25_load,0.342714
5908500,h25_load,0.342636
5909400,h25_load,0.342791
5910300,h25_load,0.341472
5911200,h25_load,0.338430
5912100,h25_load,0.340355
5913000,h25_load,0.344142
5913900,h25_load,0.350660
5914800,h25_load,0.359879
5915700,h25_load,0.373056
5916600,h25_load,0.383051
5917500,h25_load,0.388808
5918400,h25_load,0.390019
5919300,h25_load,0.389941
5920200,h25_load,0.389848
5921100,h25_load,0.390748
5922000,h25_load,0.386962
5922900,h25_load,0.386325
5923800,h25_load,0.386077
5924700,h25_load,0.381095
5925600,h25_load,0.376175
5926500,h25_load,0.375011
5927400,h25_load,0.374530
5928300,h25_load,0.375073
5929200,h25_load,0.382166
5930100,h25_load,0.381312
5931000,h25_load,0.384215
5931900,h25_load,0.389041
5932800,h25_load,0.401923
5933700,h25_load,0.409776
5934600,h25_load,0.420299
5935500,h25_load,0.433972
5936400,h25_load,0.456709
5937300,h25_load,0.477878
5938200,h25_load,0.499125
5939100,h25_load,0.526751
5940000,h25_load,0.556596
5940900,h25_load,0.584811
5941800,h25_load,0.610916
5942700,h25_load,0.633001
5943600,h25_load,0.645107
5944500,h25_load,0.647062
5945400,h25_load,0.642282
5946300,h25_load,0.631340
5947200,h25_load,0.618536
5948100,h25_load,0.599012
5949000,h25_load,0.576089
5949900,h25_load,0.556332
5950800,h25_load,0.542100
5951700,h25_load,0.524749
5952600,h25_load,0.507444
5953500,h25_load,0.501825
5954400,h25_load,0.493010
5955300,h25_load,0.466486
5956200,h25_load,0.444013
5957100,h25_load,0.415751
5958000,h25_load,0.392626
5958900,h25_load,0.368089
5959800,h25_load,0.347354
5960700,h25_load,0.327085
5961600,h25_load,0.303283
5962500,h25_load,0.284964
5963400,h25_load,0.276161
5964300,h25_load,0.264959
5965200,h25_load,0.256589
5966100,h25_load,0.249564
5967000,h25_load,0.245743
5967900,h25_load,0.239446
5968800,h25_load,0.239260
5969700,h25_load,0.237372
5970600,h25_load,0.235856
5971500,h25_load,0.234711
5972400,h25_load,0.236429
5973300,h25_load,0.236150
5974200,h25_load,0.236970
5975100,h25_load,0.237898
5976000,h25_load,0.243236
5976900,h25_load,0.246222
5977800,h25_load,0.251421
5978700,h25_load,0.262685
5979600,h25_load,0.274041
5980500,h25_load,0.280416
5981400,h25_load,0.294124
5982300,h25_load,0.309039
5983200,h25_load,0.336533
5984100,h25_load,0.359973
5985000,h25_load,0.372443
5985900,h25_load,0.379824
5986800,h25_load,0.382794
5987700,h25_load,0.381170
5988600,h25_load,0.377982
5989500,h25_load,0.371221
5990400,h25_load,0.362897
5991300,h25_load,0.358627
5992200,h25_load,0.349823
5993100,h25_load,0.343681
5994000,h25_load,0.341654
5994900,h25_load,0.341577
5995800,h25_load,0.341731
5996700,h25_load,0.340416
5997600,h25_load,0.337384
5998500,h25_load,0.339302
5999400,h25_load,0.343077
6000300,h25_load,0.349576
6001200,h25_load,0.358766
6002100,h25_load,0.371902
6003000,h25_load,0.381866
6003900,h25_load,0.387606
6004800,h25_load,0.388813
6005700,h25_load,0.388735
6006600,h25_load,0.388643
6007500,h25_load,0.389540
6008400,h25_load,0.385765
6009300,h25_load,0.385130
6010200,h25_load,0.384883
6011100,h25_load,0.379916
6012000,h25_load,0.375012
6012900,h25_load,0.373851
6013800,h25_load,0.373372
6014700,h25_load,0.373913
6015600,h25_load,0.380984
6016500,h25_load,0.380133
6017400,h25_load,0.383026
6018300,h25_load,0.387838
6019200,h25_load,0.400680
6020100,h25_load,0.408509
6021000,h25_load,0.418999
6021900,h25_load,0.432630
6022800,h25_load,0.455296
6023700,h25_load,0.476400
6024600,h25_load,0.497581
6025500,h25_load,0.525122
6026400,h25_load,0.554874
6027300,h25_load,0.583003
6028200,h25_load,0.609027
6029100,h25_load,0.631043
6030000,h25_load,0.643112
6030900,h25_load,0.645061
6031800,h25_load,0.640296
6032700,h25_load,0.629388
6033600,h25_load,0.616623
6034500,h25_load,0.597160
6035400,h25_load,0.574307
6036300,h25_load,0.554611
6037200,h25_load,0.540423
6038100,h25_load,0.523126
6039000,h25_load,0.505874
6039900,h25_load,0.500273
6040800,h25_load,0.491485
6041700,h25_load,0.465044
6042600,h25_load,0.442640
6043500,h25_load,0.414465
6044400,h25_load,0.391412
6045300,h25_load,0.366951
6046200,h25_load,0.346280
6047100,h25_load,0.326074
6048000,h25_load,0.302335
6048900,h25_load,0.284073
6049800,h25_load,0.275297
6050700,h25_load,0.264130
6051600,h25_load,0.255786
6052500,h25_load,0.248784
6053400,h25_load,0.244974
6054300,h25_load,0.238697
6055200,h25_load,0.238512
6056100,h25_load,0.236630
6057000,h25_load,0.235118
6057900,h25_load,0.233977
6058800,h25_load,0.235689
6059700,h25_load,0.235411
6060600,h25_load,0.236229
6061500,h25_load,0.237154
6062400,h25_load,0.242475
6063300,h25_load,0.245452
6064200,h25_load,0.250635
6065100,h25_load,0.261863
6066000,h25_load,0.273184
6066900,h25_load,0.279538
6067800,h25_load,0.293204
6068700,h25_load,0.308072
6069600,h25_load,0.335480
6070500,h25_load,0.358847
6071400,h25_load,0.371278
6072300,h25_load,0.378636
6073200,h25_load,0.381597
6074100,h25_load,0.379977
6075000,h25_load,0.376800
6075900,h25_load,0.370060
6076800,h25_load,0.361762
6077700,h25_load,0.357505
6078600,h25_load,0.348729
6079500,h25_load,0.342606
6080400,h25_load,0.340585
6081300,h25_load,0.340508
6082200,h25_load,0.340662
6083100,h25_load,0.339351
6084000,h25_load,0.336328
6084900,h25_load,0.338241
6085800,h25_load,0.342004
6086700,h25_load,0.348482
6087600,h25_load,0.357644
6088500,h25_load,0.370739
6089400,h25_load,0.380671
6090300,h25_load,0.386394
6091200,h25_load,0.387597
6092100,h25_load,0.387520
6093000,h25_load,0.387427
6093900,h25_load,0.388322
6094800,h25_load,0.384558
6095700,h25_load,0.383926
6096600,h25_load,0.383679
6097500,h25_load,0.378728
6098400,h25_load,0.373839
6099300,h25_load,0.372682
6100200,h25_load,0.372204
6101100,h25_load,0.372744
6102000,h25_load,0.379792
6102900,h25_load,0.378944
6103800,h25_load,0.381828
6104700,h25_load,0.386625
6105600,h25_load,0.399427
6106500,h25_load,0.407231
6107400,h25_load,0.417688
6108300,h25_load,0.431277
6109200,h25_load,0.453872
6110100,h25_load,0.474910
6111000,h25_load,0.496025
6111900,h25_load,0.523479
6112800,h25_load,0.553139
6113700,h25_load,0.581179
6114600,h25_load,0.607122
6115500,h25_load,0.629070
6116400,h25_load,0.641100
6117300,h25_load,0.643043
6118200,h25_load,0.638293
6119100,h25_load,0.627419
6120000,h25_load,0.614695
6120900,h25_load,0.595292
6121800,h25_load,0.572511
6122700,h25_load,0.552877
6123600,h25_load,0.538733
6124500,h25_load,0.521490
6125400,h25_load,0.504292
6126300,h25_load,0.498709
6127200,h25_load,0.489948
6128100,h25_load,0.463589
6129000,h25_load,0.441256
6129900,h25_load,0.413169
6130800,h25_load,0.390188
6131700,h25_load,0.365803
6132600,h25_load,0.345197
6133500,h25_load,0.325054
6134400,h25_load,0.301379
6135300,h25_load,0.283175
6136200,h25_load,0.274427
6137100,h25_load,0.263295
6138000,h25_load,0.254977
6138900,h25_load,0.247997
6139800,h25_load,0.244199
6140700,h25_load,0.237942
6141600,h25_load,0.237757
6142500,h25_load,0.235882
6143400,h25_load,0.234375
6144300,h25_load,0.233237
6145200,h25_load,0.234944
6146100,h25_load,0.234667
6147000,h25_load,0.235482
6147900,h25_load,0.236404
6148800,h25_load,0.241709
6149700,h25_load,0.244676
6150600,h25_load,0.249842
6151500,h25_load,0.261035
6152400,h25_load,0.272320
6153300,h25_load,0.278655
6154200,h25_load,0.292277
6155100,h25_load,0.307098
6156000,h25_load,0.334419
6156900,h25_load,0.357712
6157800,h25_load,0.370104
6158700,h25_load,0.377438
6159600,h25_load,0.380390
6160500,h25_load,0.378776
6161400,h25_load,0.375609
6162300,h25_load,0.368890
6163200,h25_load,0.360618
6164100,h25_load,0.356375
6165000,h25_load,0.347626
6165900,h25_load,0.341523
6166800,h25_load,0.339508
6167700,h25_load,0.339432
6168600,h25_load,0.339585
6169500,h25_load,0.338278
6170400,h25_load,0.335265
6171300,h25_load,0.337171
6172200,h25_load,0.340923
6173100,h25_load,0.347380
6174000,h25_load,0.356513
6174900,h25_load,0.369566
6175800,h25_load,0.379468
6176700,h25_load,0.385172
6177600,h25_load,0.386371
6178500,h25_load,0.386294
6179400,h25_load,0.386202
6180300,h25_load,0.387094
6181200,h25_load,0.383342
6182100,h25_load,0.382712
6183000,h25_load,0.382466
6183900,h25_load,0.377531
6184800,h25_load,0.372657
6185700,h25_load,0.371504
6186600,h25_load,0.371027
6187500,h25_load,0.371565
6188400,h25_load,0.378591
6189300,h25_load,0.377746
6190200,h25_load,0.380621
6191100,h25_load,0.385403
6192000,h25_load,0.398164
6192900,h25_load,0.405943
6193800,h25_load,0.416368
6194700,h25_load,0.429913
6195600,h25_load,0.452437
6196500,h25_load,0.473408
6197400,h25_load,0.494457
6198300,h25_load,0.521824
6199200,h25_load,0.551390
6200100,h25_load,0.579341
6201000,h25_load,0.605202
6201900,h25_load,0.627081
6202800,h25_load,0.639073
6203700,h25_load,0.641010
6204600,h25_load,0.636275
6205500,h25_load,0.625435
6206400,h25_load,0.612751
6207300,h25_load,0.593409
6208200,h25_load,0.570701
6209100,h25_load,0.551129
6210000,h25_load,0.537030
6210900,h25_load,0.519841
6211800,h25_load,0.502698
6212700,h25_load,0.497132
6213600,h25_load,0.488399
6214500,h25_load,0.462123
6215400,h25_load,0.439860
6216300,h25_load,0.411863
6217200,h25_load,0.388954
6218100,h25_load,0.364646
6219000,h25_load,0.344106
6219900,h25_load,0.324026
6220800,h25_load,0.300416
6221700,h25_load,0.282270
6222600,h25_load,0.273550
6223500,h25_load,0.262454
6224400,h25_load,0.254163
6225300,h25_load,0.247205
6226200,h25_load,0.243419
6227100,h25_load,0.237182
6228000,h25_load,0.236998
6228900,h25_load,0.235128
6229800,h25_load,0.233626
6230700,h25_load,0.232492
6231600,h25_load,0.234193
6232500,h25_load,0.233917
6233400,h25_load,0.234729
6234300,h25_load,0.235649
6235200,h25_load,0.240936
6236100,h25_load,0.243894
6237000,h25_load,0.249044
6237900,h25_load,0.260201
6238800,h25_load,0.271450
6239700,h25_load,0.277764
6240600,h25_load,0.291343
6241500,h25_load,0.306117
6242400,h25_load,0.333351
6243300,h25_load,0.356569
6244200,h25_load,0.368922
6245100,h25_load,0.376232
6246000,h25_load,0.379175
6246900,h25_load,0.377566
6247800,h25_load,0.374409
6248700,h25_load,0.367711
6249600,h25_load,0.359466
6250500,h25_load,0.355236
6251400,h25_load,0.346516
6252300,h25_load,0.340431
6253200,h25_load,0.338424
6254100,h25_load,0.338347
6255000,h25_load,0.338500
6255900,h25_load,0.337198
6256800,h25_load,0.334194
6257700,h25_load,0.336094
6258600,h25_load,0.339834
6259500,h25_load,0.346270
6260400,h25_load,0.355374
6261300,h25_load,0.368385
6262200,h25_load,0.378255
6263100,h25_load,0.383941
6264000,h25_load,0.385137
6264900,h25_load,0.385060
6265800,h25_load,0.384968
6266700,h25_load,0.385857
6267600,h25_load,0.382117
6268500,h25_load,0.381489
6269400,h25_load,0.381244
6270300,h25_load,0.376324
6271200,h25_load,0.371466
6272100,h25_load,0.370317
6273000,h25_load,0.369841
6273900,h25_load,0.370378
6274800,h25_load,0.377382
6275700,h25_load,0.376539
6276600,h25_load,0.379405
6277500,h25_load,0.384171
6278400,h25_load,0.396891
6279300,h25_load,0.404646
6280200,h25_load,0.415037
6281100,h25_load,0.428539
6282000,h25_load,0.450991
6282900,h25_load,0.471896
6283800,h25_load,0.492877
6284700,h25_load,0.520157
6285600,h25_load,0.549628
6286500,h25_load,0.577490
6287400,h25_load,0.603268
6288300,h25_load,0.625077
6289200,h25_load,0.637031
6290100,h25_load,0.638962
6291000,h25_load,0.634242
6291900,h25_load,0.623437
6292800,h25_load,0.610793
6293700,h25_load,0.591513
6294600,h25_load,0.568877
6295500,h25_load,0.549367
6296400,h25_load,0.535314
6297300,h25_load,0.518180
6298200,h25_load,0.501091
6299100,h25_load,0.495543
6300000,h25_load,0.486838
6300900,h25_load,0.460647
6301800,h25_load,0.438455
6302700,h25_load,0.410547
6303600,h25_load,0.387711
6304500,h25_load,0.363481
6305400,h25_load,0.343006
6306300,h25_load,0.322991
6307200,h25_load,0.333894
6308100,h25_load,0.312828
6309000,h25_load,0.302822
6309900,h25_load,0.290937
6310800,h25_load,0.279969
6311700,h25_load,0.271246
6312600,h25_load,0.264967
6313500,h25_load,0.256321
6314400,h25_load,0.254595
6315300,h25_load,0.251723
6316200,h25_load,0.248973
6317100,h25_load,0.246987
6318000,h25_load,0.245811
6318900,h25_load,0.244146
6319800,h25_load,0.243733
6320700,h25_load,0.243749
6321600,h25_load,0.247323
6322500,h25_load,0.246529
6323400,h25_load,0.247430
6324300,h25_load,0.253098
6325200,h25_load,0.255435
6326100,h25_load,0.253923
6327000,h25_load,0.256061
6327900,h25_load,0.262233
6328800,h25_load,0.274210
6329700,h25_load,0.287347
6330600,h25_load,0.302990
6331500,h25_load,0.320634
6332400,h25_load,0.345657
6333300,h25_load,0.370404
6334200,h25_load,0.397245
6335100,h25_load,0.420709
6336000,h25_load,0.440309
6336900,h25_load,0.460183
6337800,h25_load,0.468906
6338700,h25_load,0.477934
6339600,h25_load,0.485634
6340500,h25_load,0.498618
6341400,h25_load,0.505477
6342300,h25_load,0.508517
6343200,h25_load,0.514888
6344100,h25_load,0.520265
6345000,h25_load,0.526146
6345900,h25_load,0.532394
6346800,h25_load,0.545807
6347700,h25_load,0.558914
6348600,h25_load,0.568492
6349500,h25_load,0.570341
6350400,h25_load,0.559922
6351300,h25_load,0.553338
6352200,h25_load,0.544860
6353100,h25_load,0.537665
6354000,h25_load,0.528820
6354900,h25_load,0.523122
6355800,h25_load,0.518691
6356700,h25_load,0.512886
6357600,h25_load,0.507540
6358500,h25_load,0.506104
6359400,h25_load,0.503598
6360300,h25_load,0.501933
6361200,h25_load,0.499367
6362100,h25_load,0.500177
6363000,h25_load,0.497717
6363900,h25_load,0.495777
6364800,h25_load,0.499428
6365700,h25_load,0.503797
6366600,h25_load,0.508716
6367500,h25_load,0.514017
6368400,h25_load,0.526880
6369300,h25_load,0.539819
6370200,h25_load,0.556607
6371100,h25_load,0.576466
6372000,h25_load,0.594767
6372900,h25_load,0.614932
6373800,h25_load,0.629445
6374700,h25_load,0.639924
6375600,h25_load,0.645256
6376500,h25_load,0.642032
6377400,h25_load,0.633050
6378300,h25_load,0.617728
6379200,h25_load,0.604376
6380100,h25_load,0.585892
6381000,h25_load,0.563772
6381900,h25_load,0.544279
6382800,h25_load,0.533448
6383700,h25_load,0.519058
6384600,h25_load,0.504546
6385500,h25_load,0.500177
6386400,h25_load,0.499168
6387300,h25_load,0.478927
6388200,h25_load,0.459847
6389100,h25_load,0.437819
6390000,h25_load,0.417944
6390900,h25_load,0.398788
6391800,h25_load,0.381419
6392700,h25_load,0.362018
6393600,h25_load,0.345779
6394500,h25_load,0.326243
6395400,h25_load,0.312296
6396300,h25_load,0.300449
6397200,h25_load,0.289364
6398100,h25_load,0.279711
6399000,h25_load,0.276833
6399900,h25_load,0.268337
6400800,h25_load,0.266921
6401700,h25_load,0.261865
6402600,h25_load,0.258318
6403500,h25_load,0.253811
6404400,h25_load,0.255394
6405300,h25_load,0.252684
6406200,h25_load,0.250111
6407100,h25_load,0.248299
6408000,h25_load,0.248299
6408900,h25_load,0.247294
6409800,h25_load,0.248938
6410700,h25_load,0.254602
6411600,h25_load,0.257358
6412500,h25_load,0.254328
6413400,h25_load,0.257206
6414300,h25_load,0.263601
6415200,h25_load,0.269905
6416100,h25_load,0.279163
6417000,h25_load,0.289699
6417900,h25_load,0.302749
6418800,h25_load,0.325055
6419700,h25_load,0.346510
6420600,h25_load,0.371725
6421500,h25_load,0.398965
6422400,h25_load,0.427667
6423300,h25_load,0.454039
6424200,h25_load,0.472052
6425100,h25_load,0.491085
6426000,h25_load,0.510164
6426900,h25_load,0.529821
6427800,h25_load,0.545520
6428700,h25_load,0.558660
6429600,h25_load,0.571801
6430500,h25_load,0.586327
6431400,h25_load,0.599087
6432300,h25_load,0.613902
6433200,h25_load,0.633575
6434100,h25_load,0.653674
6435000,h25_load,0.666129
6435900,h25_load,0.664058
6436800,h25_load,0.645208
6437700,h25_load,0.628504
6438600,h25_load,0.611557
6439500,h25_load,0.594778
6440400,h25_load,0.576689
6441300,h25_load,0.562954
6442200,h25_load,0.551489
6443100,h25_load,0.538698
6444000,h25_load,0.524416
6444900,h25_load,0.517351
6445800,h25_load,0.512372
6446700,h25_load,0.504210
6447600,h25_load,0.500099
6448500,h25_load,0.495516
6449400,h25_load,0.491664
6450300,h25_load,0.488329
6451200,h25_load,0.487766
6452100,h25_load,0.490430
6453000,h25_load,0.498440
6453900,h25_load,0.507880
6454800,h25_load,0.522695
6455700,h25_load,0.540343
6456600,h25_load,0.559346
6457500,h25_load,0.579642
6458400,h25_load,0.601295
6459300,h25_load,0.620602
6460200,h25_load,0.635097
6461100,h25_load,0.646487
6462000,h25_load,0.647446
6462900,h25_load,0.643076
6463800,h25_load,0.636057
6464700,h25_load,0.625901
6465600,h25_load,0.618470
6466500,h25_load,0.600046
6467400,h25_load,0.575714
6468300,h25_load,0.554306
6469200,h25_load,0.538729
6470100,h25_load,0.519346
6471000,h25_load,0.502140
6471900,h25_load,0.497191
6472800,h25_load,0.487903
6473700,h25_load,0.459536
6474600,h25_load,0.437092
6475500,h25_load,0.411176
6476400,h25_load,0.387134
6477300,h25_load,0.364766
6478200,h25_load,0.343266
6479100,h25_load,0.323228
6480000,h25_load,0.297488
6480900,h25_load,0.279519
6481800,h25_load,0.270884
6482700,h25_load,0.259896
6483600,h25_load,0.251685
6484500,h25_load,0.244795
6485400,h25_load,0.241047
6486300,h25_load,0.234870
6487200,h25_load,0.234688
6488100,h25_load,0.232836
6489000,h25_load,0.231349
6489900,h25_load,0.230226
6490800,h25_load,0.231911
6491700,h25_load,0.231637
6492600,h25_load,0.232442
6493500,h25_load,0.233352
6494400,h25_load,0.238588
6495300,h25_load,0.241517
6496200,h25_load,0.246616
6497100,h25_load,0.257665
6498000,h25_load,0.268804
6498900,h25_load,0.275057
6499800,h25_load,0.288503
6500700,h25_load,0.303133
6501600,h25_load,0.330102
6502500,h25_load,0.353094
6503400,h25_load,0.365326
6504300,h25_load,0.372565
6505200,h25_load,0.375479
6506100,h25_load,0.373886
6507000,h25_load,0.370759
6507900,h25_load,0.364127
6508800,h25_load,0.355962
6509700,h25_load,0.351774
6510600,h25_load,0.343138
6511500,h25_load,0.337113
6512400,h25_load,0.335125
6513300,h25_load,0.335049
6514200,h25_load,0.335201
6515100,h25_load,0.333911
6516000,h25_load,0.330937
6516900,h25_load,0.332818
6517800,h25_load,0.336521
6518700,h25_load,0.342896
6519600,h25_load,0.351910
6520500,h25_load,0.364795
6521400,h25_load,0.374569
6522300,h25_load,0.380199
6523200,h25_load,0.381383
6524100,h25_load,0.381307
6525000,h25_load,0.381216
6525900,h25_load,0.382096
6526800,h25_load,0.378393
6527700,h25_load,0.377771
6528600,h25_load,0.377528
6529500,h25_load,0.372656
6530400,h25_load,0.367846
6531300,h25_load,0.366707
6532200,h25_load,0.366237
6533100,h25_load,0.366768
6534000,h25_load,0.373704
6534900,h25_load,0.372869
6535800,h25_load,0.375707
6536700,h25_load,0.380427
6537600,h25_load,0.393023
6538500,h25_load,0.400702
6539400,h25_load,0.410992
6540300,h25_load,0.424362
6541200,h25_load,0.446596
6542100,h25_load,0.467296
6543000,h25_load,0.488073
6543900,h25_load,0.515087
6544800,h25_load,0.544271
6545700,h25_load,0.571862
6546600,h25_load,0.597389
6547500,h25_load,0.618985
6548400,h25_load,0.630822
6549300,h25_load,0.632734
6550200,h25_load,0.628060
6551100,h25_load,0.617361
6552000,h25_load,0.604840
6552900,h25_load,0.585748
6553800,h25_load,0.563333
6554700,h25_load,0.544013
6555600,h25_load,0.530096
6556500,h25_load,0.513129
6557400,h25_load,0.496207
6558300,h25_load,0.490714
6559200,h25_load,0.482093
6560100,h25_load,0.456157
6561000,h25_load,0.434182
6561900,h25_load,0.406545
6562800,h25_load,0.383932
6563700,h25_load,0.359939
6564600,h25_load,0.339663
6565500,h25_load,0.319843
6566400,h25_load,0.296500
6567300,h25_load,0.278591
6568200,h25_load,0.269984
6569100,h25_load,0.259033
6570000,h25_load,0.250850
6570900,h25_load,0.243982
6571800,h25_load,0.240246
6572700,h25_load,0.234090
6573600,h25_load,0.233908
6574500,h25_load,0.232063
6575400,h25_load,0.230581
6576300,h25_load,0.229461
6577200,h25_load,0.231140
6578100,h25_load,0.230868
6579000,h25_load,0.231670
6579900,h25_load,0.232577
6580800,h25_load,0.237796
6581700,h25_load,0.240715
6582600,h25_load,0.245797
6583500,h25_load,0.256809
6584400,h25_load,0.267912
6585300,h25_load,0.274144
6586200,h25_load,0.287545
6587100,h25_load,0.302127
6588000,h25_load,0.329006
6588900,h25_load,0.351921
6589800,h25_load,0.364113
6590700,h25_load,0.371328
6591600,h25_load,0.374232
6592500,h25_load,0.372644
6593400,h25_load,0.369528
6594300,h25_load,0.362918
6595200,h25_load,0.354780
6596100,h25_load,0.350606
6597000,h25_load,0.341999
6597900,h25_load,0.335994
6598800,h25_load,0.334012
6599700,h25_load,0.333937
6600600,h25_load,0.334088
6601500,h25_load,0.332802
6602400,h25_load,0.329838
6603300,h25_load,0.331713
6604200,h25_load,0.335404
6605100,h25_load,0.341757
6606000,h25_load,0.350742
6606900,h25_load,0.363584
6607800,h25_load,0.373325
6608700,h25_load,0.378937
6609600,h25_load,0.380116
6610500,h25_load,0.380041
6611400,h25_load,0.379950
6612300,h25_load,0.380827
6613200,h25_load,0.377137
6614100,h25_load,0.376516
6615000,h25_load,0.376274
6615900,h25_load,0.371419
6616800,h25_load,0.366624
6617700,h25_load,0.365490
6618600,h25_load,0.365021
6619500,h25_load,0.365550
6620400,h25_load,0.372463
6621300,h25_load,0.371631
6622200,h25_load,0.374459
6623100,h25_load,0.379163
6624000,h25_load,0.391718
6624900,h25_load,0.399372
6625800,h25_load,0.409627
6626700,h25_load,0.422953
6627600,h25_load,0.445113
6628500,h25_load,0.465745
6629400,h25_load,0.486452
6630300,h25_load,0.513376
6631200,h25_load,0.542464
6632100,h25_load,0.569963
6633000,h25_load,0.595405
6633900,h25_load,0.616929
6634800,h25_load,0.628727
6635700,h25_load,0.630633
6636600,h25_load,0.625974
6637500,h25_load,0.615311
6638400,h25_load,0.602832
6639300,h25_load,0.583803
6640200,h25_load,0.561462
6641100,h25_load,0.542207
6642000,h25_load,0.528336
6642900,h25_load,0.511425
6643800,h25_load,0.494560
6644700,h25_load,0.489084
6645600,h25_load,0.480492
6646500,h25_load,0.454642
6647400,h25_load,0.432740
6648300,h25_load,0.405195
6649200,h25_load,0.382658
6650100,h25_load,0.358743
6651000,h25_load,0.338535
6651900,h25_load,0.318780
6652800,h25_load,0.295506
6653700,h25_load,0.277657
6654600,h25_load,0.269079
6655500,h25_load,0.258165
6656400,h25_load,0.250009
6657300,h25_load,0.243165
6658200,h25_load,0.239441
6659100,h25_load,0.233306
6660000,h25_load,0.233125
6660900,h25_load,0.231286
6661800,h25_load,0.229808
6662700,h25_load,0.228693
6663600,h25_load,0.230366
6664500,h25_load,0.230095
6665400,h25_load,0.230894
6666300,h25_load,0.231798
6667200,h25_load,0.236999
6668100,h25_load,0.239909
6669000,h25_load,0.244974
6669900,h25_load,0.255949
6670800,h25_load,0.267014
6671700,h25_load,0.273225
6672600,h25_load,0.286582
6673500,h25_load,0.301115
6674400,h25_load,0.327903
6675300,h25_load,0.350742
6676200,h25_load,0.362893
6677100,h25_load,0.370084
6678000,h25_load,0.372979
6678900,h25_load,0.371396
6679800,h25_load,0.368290
6680700,h25_load,0.361702
6681600,h25_load,0.353592
6682500,h25_load,0.349431
6683400,h25_load,0.340853
6684300,h25_load,0.334868
6685200,h25_load,0.332893
6686100,h25_load,0.332818
6687000,h25_load,0.332969
6687900,h25_load,0.331687
6688800,h25_load,0.328733
6689700,h25_load,0.330602
6690600,h25_load,0.334280
6691500,h25_load,0.340612
6692400,h25_load,0.349567
6693300,h25_load,0.362366
6694200,h25_load,0.372074
6695100,h25_load,0.377667
6696000,h25_load,0.378843
6696900,h25_load,0.378768
6697800,h25_load,0.378677
6698700,h25_load,0.379551
6699600,h25_load,0.375873
6700500,h25_load,0.375255
6701400,h25_load,0.375014
6702300,h25_load,0.370175
6703200,h25_load,0.365396
6704100,h25_load,0.364265
6705000,h25_load,0.363798
6705900,h25_load,0.364325
6706800,h25_load,0.371215
6707700,h25_load,0.370386
6708600,h25_load,0.373205
6709500,h25_load,0.377893
6710400,h25_load,0.390406
6711300,h25_load,0.398034
6712200,h25_load,0.408255
6713100,h25_load,0.421536
6714000,h25_load,0.443622
6714900,h25_load,0.464184
6715800,h25_load,0.484822
6716700,h25_load,0.511656
6717600,h25_load,0.540646
6718500,h25_load,0.568053
6719400,h25_load,0.593410
6720300,h25_load,0.614862
6721200,h25_load,0.626621
6722100,h25_load,0.628520
6723000,h25_load,0.623877
6723900,h25_load,0.613249
6724800,h25_load,0.600812
6725700,h25_load,0.581847
6726600,h25_load,0.559581
6727500,h25_load,0.540390
6728400,h25_load,0.526566
6729300,h25_load,0.509712
6730200,h25_load,0.492903
6731100,h25_load,0.487446
6732000,h25_load,0.478883
6732900,h25_load,0.453119
6733800,h25_load,0.431290
6734700,h25_load,0.403838
6735600,h25_load,0.381376
6736500,h25_load,0.357541
6737400,h25_load,0.337401
6738300,h25_load,0.317712
6739200,h25_load,0.294508
6740100,h25_load,0.276719
6741000,h25_load,0.268170
6741900,h25_load,0.257293
6742800,h25_load,0.249164
6743700,h25_load,0.242343
6744600,h25_load,0.238632
6745500,h25_load,0.232517
6746400,h25_load,0.232337
6747300,h25_load,0.230504
6748200,h25_load,0.229032
6749100,h25_load,0.227920
6750000,h25_load,0.229588
6750900,h25_load,0.229317
6751800,h25_load,0.230114
6752700,h25_load,0.231015
6753600,h25_load,0.236198
6754500,h25_load,0.239098
6755400,h25_load,0.244146
6756300,h25_load,0.255084
6757200,h25_load,0.266112
6758100,h25_load,0.272302
6759000,h25_load,0.285614
6759900,h25_load,0.300097
6760800,h25_load,0.326795
6761700,h25_load,0.349557
6762600,h25_load,0.361667
6763500,h25_load,0.368834
6764400,h25_load,0.371718
6765300,h25_load,0.370141
6766200,h25_load,0.367046
6767100,h25_load,0.360480
6768000,h25_load,0.352397
6768900,h25_load,0.348250
6769800,h25_load,0.339701
6770700,h25_load,0.333737
6771600,h25_load,0.331769
6772500,h25_load,0.331693
6773400,h25_load,0.331844
6774300,h25_load,0.330567
6775200,h25_load,0.327622
6776100,h25_load,0.329485
6777000,h25_load,0.333151
6777900,h25_load,0.339461
6778800,h25_load,0.348386
6779700,h25_load,0.361141
6780600,h25_load,0.370817
6781500,h25_load,0.376391
6782400,h25_load,0.377563
6783300,h25_load,0.377488
6784200,h25_load,0.377398
6785100,h25_load,0.378269
6786000,h25_load,0.374603
6786900,h25_load,0.373987
6787800,h25_load,0.373747
6788700,h25_load,0.368924
6789600,h25_load,0.364161
6790500,h25_load,0.363034
6791400,h25_load,0.362569
6792300,h25_load,0.363094
6793200,h25_load,0.369961
6794100,h25_load,0.369134
6795000,h25_load,0.371944
6795900,h25_load,0.376616
6796800,h25_load,0.389087
6797700,h25_load,0.396689
6798600,h25_load,0.406875
6799500,h25_load,0.420112
6800400,h25_load,0.442123
6801300,h25_load,0.462616
6802200,h25_load,0.483184
6803100,h25_load,0.509928
6804000,h25_load,0.538820
6804900,h25_load,0.566134
6805800,h25_load,0.591405
6806700,h25_load,0.612785
6807600,h25_load,0.624504
6808500,h25_load,0.626397
6809400,h25_load,0.621769
6810300,h25_load,0.611177
6811200,h25_load,0.598782
6812100,h25_load,0.579881
6813000,h25_load,0.557690
6813900,h25_load,0.538564
6814800,h25_load,0.524787
6815700,h25_load,0.507990
6816600,h25_load,0.491237
6817500,h25_load,0.485799
6818400,h25_load,0.477265
6819300,h25_load,0.451588
6820200,h25_load,0.429833
6821100,h25_load,0.402473
6822000,h25_load,0.380087
6822900,h25_load,0.356333
6823800,h25_load,0.336261
6824700,h25_load,0.316639
6825600,h25_load,0.293505
6826500,h25_load,0.275777
6827400,h25_load,0.267257
6828300,h25_load,0.256416
6829200,h25_load,0.248316
6830100,h25_load,0.241518
6831000,h25_load,0.237819
6831900,h25_load,0.231725
6832800,h25_load,0.231546
6833700,h25_load,0.229719
6834600,h25_load,0.228252
6835500,h25_load,0.227144
6836400,h25_load,0.228806
6837300,h25_load,0.228536
6838200,h25_load,0.229330
6839100,h25_load,0.230228
6840000,h25_load,0.235394
6840900,h25_load,0.238284
6841800,h25_load,0.243315
6842700,h25_load,0.254215
6843600,h25_load,0.265205
6844500,h25_load,0.271374
6845400,h25_load,0.284641
6846300,h25_load,0.299075
6847200,h25_load,0.325682
6848100,h25_load,0.348367
6849000,h25_load,0.360435
6849900,h25_load,0.367577
6850800,h25_load,0.370452
6851700,h25_load,0.368880
6852600,h25_load,0.365795
6853500,h25_load,0.359252
6854400,h25_load,0.351197
6855300,h25_load,0.347064
6856200,h25_load,0.338544
6857100,h25_load,0.332600
6858000,h25_load,0.330638
6858900,h25_load,0.330564
6859800,h25_load,0.330713
6860700,h25_load,0.329441
6861600,h25_load,0.326506
6862500,h25_load,0.328362
6863400,h25_load,0.332016
6864300,h25_load,0.338305
6865200,h25_load,0.347199
6866100,h25_load,0.359911
6867000,h25_load,0.369554
6867900,h25_load,0.375109
6868800,h25_load,0.376277
6869700,h25_load,0.376202
6870600,h25_load,0.376112
6871500,h25_load,0.376980
6872400,h25_load,0.373327
6873300,h25_load,0.372713
6874200,h25_load,0.372474
6875100,h25_load,0.367667
6876000,h25_load,0.362921
6876900,h25_load,0.361798
6877800,h25_load,0.361333
6878700,h25_load,0.361858
6879600,h25_load,0.368700
6880500,h25_load,0.367877
6881400,h25_load,0.370677
6882300,h25_load,0.375333
6883200,h25_load,0.387761
6884100,h25_load,0.395338
6885000,h25_load,0.405489
6885900,h25_load,0.418681
6886800,h25_load,0.440617
6887700,h25_load,0.461040
6888600,h25_load,0.481538
6889500,h25_load,0.508191
6890400,h25_load,0.536984
6891300,h25_load,0.564205
6892200,h25_load,0.589390
6893100,h25_load,0.610697
6894000,h25_load,0.622376
6894900,h25_load,0.624263
6895800,h25_load,0.619651
6896700,h25_load,0.609095
6897600,h25_load,0.596742
6898500,h25_load,0.577906
6899400,h25_load,0.555791
6900300,h25_load,0.536730
6901200,h25_load,0.522999
6902100,h25_load,0.506259
6903000,h25_load,0.489564
6903900,h25_load,0.484144
6904800,h25_load,0.475639
6905700,h25_load,0.450050
6906600,h25_load,0.428369
6907500,h25_load,0.401102
6908400,h25_load,0.378792
6909300,h25_load,0.355120
6910200,h25_load,0.335115
6911100,h25_load,0.315560
6912000,h25_load,0.326146
6912900,h25_load,0.305569
6913800,h25_load,0.295795
6914700,h25_load,0.284186
6915600,h25_load,0.273472
6916500,h25_load,0.264951
6917400,h25_load,0.258819
6918300,h25_load,0.250373
6919200,h25_load,0.248687
6920100,h25_load,0.245881
6921000,h25_load,0.243195
6921900,h25_load,0.241256
6922800,h25_load,0.240107
6923700,h25_load,0.238480
6924600,h25_load,0.238077
6925500,h25_load,0.238092
6926400,h25_load,0.241584
6927300,h25_load,0.240808
6928200,h25_load,0.241688
6929100,h25_load,0.247224
6930000,h25_load,0.249507
6930900,h25_load,0.248030
6931800,h25_load,0.250119
6932700,h25_load,0.256148
6933600,h25_load,0.267846
6934500,h25_load,0.280679
6935400,h25_load,0.295959
6936300,h25_load,0.313194
6937200,h25_load,0.337636
6938100,h25_load,0.361809
6939000,h25_load,0.388026
6939900,h25_load,0.410946
6940800,h25_load,0.430091
6941700,h25_load,0.449504
6942600,h25_load,0.458025
6943500,h25_load,0.466843
6944400,h25_load,0.474364
6945300,h25_load,0.487048
6946200,h25_load,0.493747
6947100,h25_load,0.496717
6948000,h25_load,0.502939
6948900,h25_load,0.508192
6949800,h25_load,0.513937
6950700,h25_load,0.520040
6951600,h25_load,0.533141
6952500,h25_load,0.545944
6953400,h25_load,0.555300
6954300,h25_load,0.557105
6955200,h25_load,0.546929
6956100,h25_load,0.540497
6957000,h25_load,0.532216
6957900,h25_load,0.525188
6958800,h25_load,0.516548
6959700,h25_load,0.510982
6960600,h25_load,0.506655
6961500,h25_load,0.500984
6962400,h25_load,0.495762
6963300,h25_load,0.494359
6964200,h25_load,0.491912
6965100,h25_load,0.490286
6966000,h25_load,0.487779
6966900,h25_load,0.488570
6967800,h25_load,0.486167
6968700,h25_load,0.484272
6969600,h25_load,0.487838
6970500,h25_load,0.492106
6971400,h25_load,0.496911
6972300,h25_load,0.502089
6973200,h25_load,0.514653
6974100,h25_load,0.527292
6975000,h25_load,0.543691
6975900,h25_load,0.563089
6976800,h25_load,0.580965
6977700,h25_load,0.600662
6978600,h25_load,0.614838
6979500,h25_load,0.625074
6980400,h25_load,0.630282
6981300,h25_load,0.627133
6982200,h25_load,0.618359
6983100,h25_load,0.603393
6984000,h25_load,0.590351
6984900,h25_load,0.572296
6985800,h25_load,0.550689
6986700,h25_load,0.531649
6987600,h25_load,0.521069
6988500,h25_load,0.507013
6989400,h25_load,0.492837
6990300,h25_load,0.488570
6991200,h25_load,0.487585
6992100,h25_load,0.467813
6993000,h25_load,0.449176
6993900,h25_load,0.427659
6994800,h25_load,0.408245
6995700,h25_load,0.389534
6996600,h25_load,0.372567
6997500,h25_load,0.353617
6998400,h25_load,0.337687
6999300,h25_load,0.318608
7000200,h25_load,0.304987
7001100,h25_load,0.293418
7002000,h25_load,0.282593
7002900,h25_load,0.273165
7003800,h25_load,0.270355
7004700,h25_load,0.262057
7005600,h25_load,0.260674
7006500,h25_load,0.255737
7007400,h25_load,0.252273
7008300,h25_load,0.247871
7009200,h25_load,0.249417
7010100,h25_load,0.246771
7011000,h25_load,0.244258
7011900,h25_load,0.242488
7012800,h25_load,0.242488
7013700,h25_load,0.241507
7014600,h25_load,0.243113
7015500,h25_load,0.248644
7016400,h25_load,0.251336
7017300,h25_load,0.248377
7018200,h25_load,0.251187
7019100,h25_load,0.257432
7020000,h25_load,0.263589
7020900,h25_load,0.272630
7021800,h25_load,0.282920
7022700,h25_load,0.295664
7023600,h25_load,0.317449
7024500,h25_load,0.338401
7025400,h25_load,0.363026
7026300,h25_load,0.389628
7027200,h25_load,0.417659
7028100,h25_load,0.443414
7029000,h25_load,0.461005
7029900,h25_load,0.479593
7030800,h25_load,0.498225
7031700,h25_load,0.517423
7032600,h25_load,0.532754
7033500,h25_load,0.545587
7034400,h25_load,0.558420
7035300,h25_load,0.572606
7036200,h25_load,0.585067
7037100,h25_load,0.599536
7038000,h25_load,0.618748
7038900,h25_load,0.638377
7039800,h25_load,0.650540
7040700,h25_load,0.648518
7041600,h25_load,0.630109
7042500,h25_load,0.613796
7043400,h25_load,0.597246
7044300,h25_load,0.580859
7045200,h25_load,0.563193
7046100,h25_load,0.549780
7047000,h25_load,0.538583
7047900,h25_load,0.526092
7048800,h25_load,0.512144
7049700,h25_load,0.505244
7050600,h25_load,0.500381
7051500,h25_load,0.492411
7052400,h25_load,0.488396
7053300,h25_load,0.483920
7054200,h25_load,0.480158
7055100,h25_load,0.476901
7056000,h25_load,0.476351
7056900,h25_load,0.478954
7057800,h25_load,0.486775
7058700,h25_load,0.495995
7059600,h25_load,0.510463
7060500,h25_load,0.527698
7061400,h25_load,0.546256
7062300,h25_load,0.566078
7063200,h25_load,0.587223
7064100,h25_load,0.606079
7065000,h25_load,0.620235
7065900,h25_load,0.631358
7066800,h25_load,0.632295
7067700,h25_load,0.628027
7068600,h25_load,0.621172
7069500,h25_load,0.611253
7070400,h25_load,0.603997
7071300,h25_load,0.586004
7072200,h25_load,0.562241
7073100,h25_load,0.541334
7074000,h25_load,0.526122
7074900,h25_load,0.507192
7075800,h25_load,0.490389
7076700,h25_load,0.485556
7077600,h25_load,0.476485
7078500,h25_load,0.448782
7079400,h25_load,0.426863
7080300,h25_load,0.401554
7081200,h25_load,0.378074
7082100,h25_load,0.356230
7083000,h25_load,0.335233
7083900,h25_load,0.315664
7084800,h25_load,0.290469
7085700,h25_load,0.272924
7086600,h25_load,0.264493
7087500,h25_load,0.253764
7088400,h25_load,0.245748
7089300,h25_load,0.239020
7090200,h25_load,0.235360
7091100,h25_load,0.229329
7092000,h25_load,0.229151
7092900,h25_load,0.227343
7093800,h25_load,0.225891
7094700,h25_load,0.224794
7095600,h25_load,0.226439
7096500,h25_load,0.226173
7097400,h25_load,0.226958
7098300,h25_load,0.227847
7099200,h25_load,0.232959
7100100,h25_load,0.235819
7101000,h25_load,0.240798
7101900,h25_load,0.251586
7102800,h25_load,0.262463
7103700,h25_load,0.268568
7104600,h25_load,0.281697
7105500,h25_load,0.295982
7106400,h25_load,0.322314
7107300,h25_load,0.344764
7108200,h25_load,0.356707
7109100,h25_load,0.363776
7110000,h25_load,0.366621
7110900,h25_load,0.365065
7111800,h25_load,0.362012
7112700,h25_load,0.355537
7113600,h25_load,0.347565
7114500,h25_load,0.343475
7115400,h25_load,0.335043
7116300,h25_load,0.329160
7117200,h25_load,0.327219
7118100,h25_load,0.327145
7119000,h25_load,0.327293
7119900,h25_load,0.326033
7120800,h25_load,0.323129
7121700,h25_load,0.324967
7122600,h25_load,0.328582
7123500,h25_load,0.334806
7124400,h25_load,0.343608
7125300,h25_load,0.356189
7126200,h25_load,0.365732
7127100,h25_load,0.371229
7128000,h25_load,0.372385
7128900,h25_load,0.372311
7129800,h25_load,0.372222
7130700,h25_load,0.373082
7131600,h25_load,0.369466
7132500,h25_load,0.368859
7133400,h25_load,0.368621
7134300,h25_load,0.363865
7135200,h25_load,0.359167
7136100,h25_load,0.358056
7137000,h25_load,0.357597
7137900,h25_load,0.358115
7138800,h25_load,0.364887
7139700,h25_load,0.364072
7140600,h25_load,0.366843
7141500,h25_load,0.371452
7142400,h25_load,0.383751
7143300,h25_load,0.391249
7144200,h25_load,0.401296
7145100,h25_load,0.414351
7146000,h25_load,0.436060
7146900,h25_load,0.456272
7147800,h25_load,0.476558
7148700,h25_load,0.502935
7149600,h25_load,0.531431
7150500,h25_load,0.558371
7151400,h25_load,0.583295
7152300,h25_load,0.604382
7153200,h25_load,0.615940
7154100,h25_load,0.617807
7155000,h25_load,0.613243
7155900,h25_load,0.602796
7156800,h25_load,0.590571
7157700,h25_load,0.571929
7158600,h25_load,0.550043
7159500,h25_load,0.531179
7160400,h25_load,0.517590
7161300,h25_load,0.501023
7162200,h25_load,0.484501
7163100,h25_load,0.479137
7164000,h25_load,0.470720
7164900,h25_load,0.445395
7165800,h25_load,0.423938
7166700,h25_load,0.396954
7167600,h25_load,0.374875
7168500,h25_load,0.351447
7169400,h25_load,0.331650
7170300,h25_load,0.312297
7171200,h25_load,0.289450
7172100,h25_load,0.271967
7173000,h25_load,0.263565
7173900,h25_load,0.252874
7174800,h25_load,0.244885
7175700,h25_load,0.238181
7176600,h25_load,0.234534
7177500,h25_load,0.228524
7178400,h25_load,0.228347
7179300,h25_load,0.226545
7180200,h25_load,0.225098
7181100,h25_load,0.224006
7182000,h25_load,0.225645
7182900,h25_load,0.225379
7183800,h25_load,0.226162
7184700,h25_load,0.227047
7185600,h25_load,0.232142
7186500,h25_load,0.234992
7187400,h25_load,0.239953
7188300,h25_load,0.250703
7189200,h25_load,0.261542
7190100,h25_load,0.267625
7191000,h25_load,0.280708
7191900,h25_load,0.294943
7192800,h25_load,0.321183
7193700,h25_load,0.343554
7194600,h25_load,0.355456
7195500,h25_load,0.362499
7196400,h25_load,0.365334
7197300,h25_load,0.363784
7198200,h25_load,0.360742
7199100,h25_load,0.354289
7200000,h25_load,0.346345
7200900,h25_load,0.342269
7201800,h25_load,0.333867
7202700,h25_load,0.328005
7203600,h25_load,0.326071
7204500,h25_load,0.325997
7205400,h25_load,0.326144
7206300,h25_load,0.324889
7207200,h25_load,0.321995
7208100,h25_load,0.323826
7209000,h25_load,0.327429
7209900,h25_load,0.333631
7210800,h25_load,0.342402
7211700,h25_load,0.354939
7212600,h25_load,0.364448
7213500,h25_load,0.369927
7214400,h25_load,0.371079
7215300,h25_load,0.371005
7216200,h25_load,0.370916
7217100,h25_load,0.371773
7218000,h25_load,0.368170
7218900,h25_load,0.367564
7219800,h25_load,0.367328
7220700,h25_load,0.362588
7221600,h25_load,0.357907
7222500,h25_load,0.356799
7223400,h25_load,0.356342
7224300,h25_load,0.356859
7225200,h25_load,0.363607
7226100,h25_load,0.362795
7227000,h25_load,0.365556
7227900,h25_load,0.370148
7228800,h25_load,0.382404
7229700,h25_load,0.389876
7230600,h25_load,0.399888
7231500,h25_load,0.412897
7232400,h25_load,0.434530
7233300,h25_load,0.454671
7234200,h25_load,0.474886
7235100,h25_load,0.501170
7236000,h25_load,0.529566
7236900,h25_load,0.556411
7237800,h25_load,0.581248
7238700,h25_load,0.602261
7239600,h25_load,0.613778
7240500,h25_load,0.615639
7241400,h25_load,0.611091
7242300,h25_load,0.600681
7243200,h25_load,0.588498
7244100,h25_load,0.569922
7245000,h25_load,0.548112
7245900,h25_load,0.529315
7246800,h25_load,0.515774
7247700,h25_load,0.499265
7248600,h25_load,0.482801
7249500,h25_load,0.477455
7250400,h25_load,0.469068
7251300,h25_load,0.443832
7252200,h25_load,0.422451
7253100,h25_load,0.395561
7254000,h25_load,0.373559
7254900,h25_load,0.350214
7255800,h25_load,0.330486
7256700,h25_load,0.311201
7257600,h25_load,0.288428
7258500,h25_load,0.271006
7259400,h25_load,0.262634
7260300,h25_load,0.251980
7261200,h25_load,0.244020
7262100,h25_load,0.237340
7263000,h25_load,0.233705
7263900,h25_load,0.227717
7264800,h25_load,0.227540
7265700,h25_load,0.225745
7266600,h25_load,0.224303
7267500,h25_load,0.223214
7268400,h25_load,0.224847
7269300,h25_load,0.224583
7270200,h25_load,0.225362
7271100,h25_load,0.226245
7272000,h25_load,0.231322
7272900,h25_load,0.234162
7273800,h25_load,0.239106
7274700,h25_load,0.249817
7275600,h25_load,0.260618
7276500,h25_load,0.266680
7277400,h25_load,0.279717
7278300,h25_load,0.293901
7279200,h25_load,0.320048
7280100,h25_load,0.342340
7281000,h25_load,0.354200
7281900,h25_load,0.361219
7282800,h25_load,0.364044
7283700,h25_load,0.362499
7284600,h25_load,0.359468
7285500,h25_load,0.353037
7286400,h25_load,0.345121
7287300,h25_load,0.341060
7288200,h25_load,0.332688
7289100,h25_load,0.326846
7290000,h25_load,0.324919
7290900,h25_load,0.324845
7291800,h25_load,0.324992
7292700,h25_load,0.323742
7293600,h25_load,0.320858
7294500,h25_load,0.322682
7295400,h25_load,0.326272
7296300,h25_load,0.332452
7297200,h25_load,0.341193
7298100,h25_load,0.353685
7299000,h25_load,0.363161
7299900,h25_load,0.368620
7300800,h25_load,0.369768
7301700,h25_load,0.369694
7302600,h25_load,0.369606
7303500,h25_load,0.370459
7304400,h25_load,0.366869
7305300,h25_load,0.366266
7306200,h25_load,0.366030
7307100,h25_load,0.361307
7308000,h25_load,0.356642
7308900,h25_load,0.355539
7309800,h25_load,0.355083
7310700,h25_load,0.355598
7311600,h25_load,0.362322
7312500,h25_load,0.361513
7313400,h25_load,0.364264
7314300,h25_load,0.368841
7315200,h25_load,0.381053
7316100,h25_load,0.388499
7317000,h25_load,0.398475
7317900,h25_load,0.411438
7318800,h25_load,0.432994
7319700,h25_load,0.453065
7320600,h25_load,0.473208
7321500,h25_load,0.499400
7322400,h25_load,0.527695
7323300,h25_load,0.554445
7324200,h25_load,0.579195
7325100,h25_load,0.600133
7326000,h25_load,0.611610
7326900,h25_load,0.613464
7327800,h25_load,0.608932
7328700,h25_load,0.598558
7329600,h25_load,0.586419
7330500,h25_load,0.567909
7331400,h25_load,0.546176
7332300,h25_load,0.527445
7333200,h25_load,0.513952
7334100,h25_load,0.497501
7335000,h25_load,0.481095
7335900,h25_load,0.475769
7336800,h25_load,0.467411
7337700,h25_load,0.442264
7338600,h25_load,0.420958
7339500,h25_load,0.394164
7340400,h25_load,0.372240
7341300,h25_load,0.348976
7342200,h25_load,0.329318
7343100,h25_load,0.310101
7344000,h25_load,0.287402
7344900,h25_load,0.270042
7345800,h25_load,0.261700
7346700,h25_load,0.251084
7347600,h25_load,0.243152
7348500,h25_load,0.236496
7349400,h25_load,0.232874
7350300,h25_load,0.226907
7351200,h25_load,0.226731
7352100,h25_load,0.224942
7353000,h25_load,0.223506
7353900,h25_load,0.222421
7354800,h25_load,0.224048
7355700,h25_load,0.223784
7356600,h25_load,0.224561
7357500,h25_load,0.225441
7358400,h25_load,0.230499
7359300,h25_load,0.233329
7360200,h25_load,0.238255
7361100,h25_load,0.248929
7362000,h25_load,0.259691
7362900,h25_load,0.265732
7363800,h25_load,0.278722
7364700,h25_load,0.292856
7365600,h25_load,0.318910
7366500,h25_load,0.341123
7367400,h25_load,0.352940
7368300,h25_load,0.359934
7369200,h25_load,0.362749
7370100,h25_load,0.361210
7371000,h25_load,0.358189
7371900,h25_load,0.351782
7372800,h25_load,0.343894
7373700,h25_load,0.339847
7374600,h25_load,0.331505
7375500,h25_load,0.325684
7376400,h25_load,0.323763
7377300,h25_load,0.323690
7378200,h25_load,0.323837
7379100,h25_load,0.322590
7380000,h25_load,0.319717
7380900,h25_load,0.321535
7381800,h25_load,0.325112
7382700,h25_load,0.331270
7383600,h25_load,0.339979
7384500,h25_load,0.352427
7385400,h25_load,0.361870
7386300,h25_load,0.367309
7387200,h25_load,0.368453
7388100,h25_load,0.368379
7389000,h25_load,0.368291
7389900,h25_load,0.369142
7390800,h25_load,0.365564
7391700,h25_load,0.364963
7392600,h25_load,0.364729
7393500,h25_load,0.360022
7394400,h25_load,0.355374
7395300,h25_load,0.354275
7396200,h25_load,0.353820
7397100,h25_load,0.354333
7398000,h25_load,0.361034
7398900,h25_load,0.360227
7399800,h25_load,0.362969
7400700,h25_load,0.367529
7401600,h25_load,0.379698
7402500,h25_load,0.387117
7403400,h25_load,0.397058
7404300,h25_load,0.409975
7405200,h25_load,0.431455
7406100,h25_load,0.451454
7407000,h25_load,0.471526
7407900,h25_load,0.497624
7408800,h25_load,0.525819
7409700,h25_load,0.552474
7410600,h25_load,0.577135
7411500,h25_load,0.597999
7412400,h25_load,0.609435
7413300,h25_load,0.611283
7414200,h25_load,0.606767
7415100,h25_load,0.596430
7416000,h25_load,0.584334
7416900,h25_load,0.565889
7417800,h25_load,0.544234
7418700,h25_load,0.525569
7419600,h25_load,0.512124
7420500,h25_load,0.495732
7421400,h25_load,0.479384
7422300,h25_load,0.474077
7423200,h25_load,0.465749
7424100,h25_load,0.440692
7425000,h25_load,0.419461
7425900,h25_load,0.392762
7426800,h25_load,0.370916
7427700,h25_load,0.347736
7428600,h25_load,0.328147
7429500,h25_load,0.308999
7430400,h25_load,0.286374
7431300,h25_load,0.269076
7432200,h25_load,0.260763
7433100,h25_load,0.250186
7434000,h25_load,0.242282
7434900,h25_load,0.235650
7435800,h25_load,0.232041
7436700,h25_load,0.226095
7437600,h25_load,0.225920
7438500,h25_load,0.224138
7439400,h25_load,0.222706
7440300,h25_load,0.221625
7441200,h25_load,0.223246
7442100,h25_load,0.222983
7443000,h25_load,0.223758
7443900,h25_load,0.224634
7444800,h25_load,0.229675
7445700,h25_load,0.232494
7446600,h25_load,0.237403
7447500,h25_load,0.248039
7448400,h25_load,0.258762
7449300,h25_load,0.264781
7450200,h25_load,0.277725
7451100,h25_load,0.291808
7452000,h25_load,0.317769
7452900,h25_load,0.339903
7453800,h25_load,0.351678
7454700,h25_load,0.358646
7455600,h25_load,0.361451
7456500,h25_load,0.359917
7457400,h25_load,0.356908
7458300,h25_load,0.350524
7459200,h25_load,0.342664
7460100,h25_load,0.338632
7461000,h25_load,0.330319
7461900,h25_load,0.324519
7462800,h25_load,0.322605
7463700,h25_load,0.322532
7464600,h25_load,0.322678
7465500,h25_load,0.321436
7466400,h25_load,0.318573
7467300,h25_load,0.320384
7468200,h25_load,0.323949
7469100,h25_load,0.330085
7470000,h25_load,0.338763
7470900,h25_load,0.351166
7471800,h25_load,0.360575
7472700,h25_load,0.365995
7473600,h25_load,0.367135
7474500,h25_load,0.367061
7475400,h25_load,0.366974
7476300,h25_load,0.367821
7477200,h25_load,0.364256
7478100,h25_load,0.363657
7479000,h25_load,0.363424
7479900,h25_load,0.358734
7480800,h25_load,0.354103
7481700,h25_load,0.353007
7482600,h25_load,0.352554
7483500,h25_load,0.353066
7484400,h25_load,0.359742
7485300,h25_load,0.358939
7486200,h25_load,0.361671
7487100,h25_load,0.366214
7488000,h25_load,0.378340
7488900,h25_load,0.385732
7489800,h25_load,0.395637
7490700,h25_load,0.408508
7491600,h25_load,0.429911
7492500,h25_load,0.449838
7493400,h25_load,0.469839
7494300,h25_load,0.495843
7495200,h25_load,0.523937
7496100,h25_load,0.550497
7497000,h25_load,0.575070
7497900,h25_load,0.595859
7498800,h25_load,0.607255
7499700,h25_load,0.609096
7500600,h25_load,0.604596
7501500,h25_load,0.594296
7502400,h25_load,0.582244
7503300,h25_load,0.563865
7504200,h25_load,0.542287
7505100,h25_load,0.523689
7506000,h25_load,0.510292
7506900,h25_load,0.493959
7507800,h25_load,0.477669
7508700,h25_load,0.472381
7509600,h25_load,0.464083
7510500,h25_load,0.439115
7511400,h25_load,0.417961
7512300,h25_load,0.391357
7513200,h25_load,0.369589
7514100,h25_load,0.346491
7515000,h25_load,0.326973
7515900,h25_load,0.307893
7516800,h25_load,0.318169
7517700,h25_load,0.298095
7518600,h25_load,0.288560
7519500,h25_load,0.277235
7520400,h25_load,0.266783
7521300,h25_load,0.258471
7522200,h25_load,0.252488
7523100,h25_load,0.244249
7524000,h25_load,0.242604
7524900,h25_load,0.239868
7525800,h25_load,0.237247
7526700,h25_load,0.235355
7527600,h25_load,0.234234
7528500,h25_load,0.232647
7529400,h25_load,0.232254
7530300,h25_load,0.232269
7531200,h25_load,0.235675
7532100,h25_load,0.234918
7533000,h25_load,0.235777
7533900,h25_load,0.241178
7534800,h25_load,0.243405
7535700,h25_load,0.241964
7536600,h25_load,0.244002
7537500,h25_load,0.249883
7538400,h25_load,0.261295
7539300,h25_load,0.273814
7540200,h25_load,0.288720
7541100,h25_load,0.305533
7542000,h25_load,0.329378
7542900,h25_load,0.352960
7543800,h25_load,0.378536
7544700,h25_load,0.400895
7545600,h25_load,0.419572
7546500,h25_load,0.438510
7547400,h25_load,0.446822
7548300,h25_load,0.455425
7549200,h25_load,0.462762
7550100,h25_load,0.475135
7551000,h25_load,0.481671
7551900,h25_load,0.484568
7552800,h25_load,0.490638
7553700,h25_load,0.495762
7554600,h25_load,0.501367
7555500,h25_load,0.507320
7556400,h25_load,0.520101
7557300,h25_load,0.532591
7558200,h25_load,0.541718
7559100,h25_load,0.543479
7560000,h25_load,0.533552
7560900,h25_load,0.527278
7561800,h25_load,0.519199
7562700,h25_load,0.512342
7563600,h25_load,0.503914
7564500,h25_load,0.498484
7565400,h25_load,0.494263
7566300,h25_load,0.488731
7567200,h25_load,0.483636
7568100,h25_load,0.482268
7569000,h25_load,0.479881
7569900,h25_load,0.478294
7570800,h25_load,0.475848
7571700,h25_load,0.476620
7572600,h25_load,0.474276
7573500,h25_load,0.472428
7574400,h25_load,0.475907
7575300,h25_load,0.480070
7576200,h25_load,0.484757
7577100,h25_load,0.489808
7578000,h25_load,0.502065
7578900,h25_load,0.514395
7579800,h25_load,0.530393
7580700,h25_load,0.549317
7581600,h25_load,0.566756
7582500,h25_load,0.585971
7583400,h25_load,0.599800
7584300,h25_load,0.609786
7585200,h25_load,0.614866
7586100,h25_load,0.611795
7587000,h25_load,0.603235
7587900,h25_load,0.588635
7588800,h25_load,0.575912
7589700,h25_load,0.558298
7590600,h25_load,0.537220
7591500,h25_load,0.518645
7592400,h25_load,0.508325
7593300,h25_load,0.494612
7594200,h25_load,0.480783
7595100,h25_load,0.476620
7596000,h25_load,0.475659
7596900,h25_load,0.456371
7597800,h25_load,0.438190
7598700,h25_load,0.417199
7599600,h25_load,0.398260
7600500,h25_load,0.380006
7601400,h25_load,0.363455
7602300,h25_load,0.344968
7603200,h25_load,0.329375
7604100,h25_load,0.310766
7605000,h25_load,0.297480
7605900,h25_load,0.286196
7606800,h25_load,0.275637
7607700,h25_load,0.266441
7608600,h25_load,0.263700
7609500,h25_load,0.255607
7610400,h25_load,0.254258
7611300,h25_load,0.249442
7612200,h25_load,0.246063
7613100,h25_load,0.241770
7614000,h25_load,0.243278
7614900,h25_load,0.240696
7615800,h25_load,0.238245
7616700,h25_load,0.236519
7617600,h25_load,0.236519
7618500,h25_load,0.235562
7619400,h25_load,0.237128
7620300,h25_load,0.242524
7621200,h25_load,0.245149
7622100,h25_load,0.242263
7623000,h25_load,0.245004
7623900,h25_load,0.251096
7624800,h25_load,0.257101
7625700,h25_load,0.265919
7626600,h25_load,0.275956
7627500,h25_load,0.288386
7628400,h25_load,0.309635
7629300,h25_load,0.330071
7630200,h25_load,0.354090
7631100,h25_load,0.380038
7632000,h25_load,0.407378
7632900,h25_load,0.432499
7633800,h25_load,0.449658
7634700,h25_load,0.467788
7635600,h25_load,0.485962
7636500,h25_load,0.504686
7637400,h25_load,0.519640
7638300,h25_load,0.532157
7639200,h25_load,0.544674
7640100,h25_load,0.558511
7641000,h25_load,0.570666
7641900,h25_load,0.584778
7642800,h25_load,0.603518
7643700,h25_load,0.622663
7644600,h25_load,0.634528
7645500,h25_load,0.632555
7646400,h25_load,0.614599
7647300,h25_load,0.598688
7648200,h25_load,0.582545
7649100,h25_load,0.566561
7650000,h25_load,0.549330
7650900,h25_load,0.536247
7651800,h25_load,0.525326
7652700,h25_load,0.513142
7653600,h25_load,0.499537
7654500,h25_load,0.492808
7655400,h25_load,0.488065
7656300,h25_load,0.480290
7657200,h25_load,0.476374
7658100,h25_load,0.472009
7659000,h25_load,0.468339
7659900,h25_load,0.465163
7660800,h25_load,0.464626
7661700,h25_load,0.467164
7662600,h25_load,0.474793
7663500,h25_load,0.483786
7664400,h25_load,0.497899
7665300,h25_load,0.514709
7666200,h25_load,0.532810
7667100,h25_load,0.552144
7668000,h25_load,0.572769
7668900,h25_load,0.591160
7669800,h25_load,0.604968
7670700,h25_load,0.615817
7671600,h25_load,0.616731
7672500,h25_load,0.612568
7673400,h25_load,0.605882
7674300,h25_load,0.596208
7675200,h25_load,0.589130
7676100,h25_load,0.571580
7677000,h25_load,0.548402
7677900,h25_load,0.528009
7678800,h25_load,0.513171
7679700,h25_load,0.494708
7680600,h25_load,0.478318
7681500,h25_load,0.473604
7682400,h25_load,0.464757
7683300,h25_load,0.437735
7684200,h25_load,0.416356
7685100,h25_load,0.391670
7686000,h25_load,0.368768
7686900,h25_load,0.347461
7687800,h25_load,0.326982
7688700,h25_load,0.307894
7689600,h25_load,0.283276
7690500,h25_load,0.266165
7691400,h25_load,0.257943
7692300,h25_load,0.247480
7693200,h25_load,0.239662
7694100,h25_load,0.233101
7695000,h25_load,0.229531
7695900,h25_load,0.223649
7696800,h25_load,0.223476
7697700,h25_load,0.221713
7698600,h25_load,0.220297
7699500,h25_load,0.219227
7700400,h25_load,0.220831
7701300,h25_load,0.220571
7702200,h25_load,0.221337
7703100,h25_load,0.222204
7704000,h25_load,0.227190
7704900,h25_load,0.229979
7705800,h25_load,0.234835
7706700,h25_load,0.245355
7707600,h25_load,0.255963
7708500,h25_load,0.261917
7709400,h25_load,0.274721
7710300,h25_load,0.288652
7711200,h25_load,0.314332
7712100,h25_load,0.336226
7713000,h25_load,0.347874
7713900,h25_load,0.354767
7714800,h25_load,0.357541
7715700,h25_load,0.356024
7716600,h25_load,0.353047
7717500,h25_load,0.346732
7718400,h25_load,0.338957
7719300,h25_load,0.334968
7720200,h25_load,0.326746
7721100,h25_load,0.321008
7722000,h25_load,0.319115
7722900,h25_load,0.319043
7723800,h25_load,0.319188
7724700,h25_load,0.317959
7725600,h25_load,0.315127
7726500,h25_load,0.316919
7727400,h25_load,0.320445
7728300,h25_load,0.326514
7729200,h25_load,0.335099
7730100,h25_load,0.347368
7731000,h25_load,0.356674
7731900,h25_load,0.362036
7732800,h25_load,0.363163
7733700,h25_load,0.363091
7734600,h25_load,0.363004
7735500,h25_load,0.363842
7736400,h25_load,0.360316
7737300,h25_load,0.359724
7738200,h25_load,0.359492
7739100,h25_load,0.354854
7740000,h25_load,0.350272
7740900,h25_load,0.349189
7741800,h25_load,0.348741
7742700,h25_load,0.349246
7743600,h25_load,0.355851
7744500,h25_load,0.355056
7745400,h25_load,0.357758
7746300,h25_load,0.362253
7747200,h25_load,0.374247
7748100,h25_load,0.381560
7749000,h25_load,0.391358
7749900,h25_load,0.404089
7750800,h25_load,0.425261
7751700,h25_load,0.444972
7752600,h25_load,0.464756
7753500,h25_load,0.490480
7754400,h25_load,0.518270
7755300,h25_load,0.544542
7756200,h25_load,0.568850
7757100,h25_load,0.589414
7758000,h25_load,0.600686
7758900,h25_load,0.602507
7759800,h25_load,0.598056
7760700,h25_load,0.587868
7761600,h25_load,0.575945
7762500,h25_load,0.557765
7763400,h25_load,0.536421
7764300,h25_load,0.518024
7765200,h25_load,0.504772
7766100,h25_load,0.488615
7767000,h25_load,0.472502
7767900,h25_load,0.467271
7768800,h25_load,0.459062
7769700,h25_load,0.434365
7770600,h25_load,0.413439
7771500,h25_load,0.387123
7772400,h25_load,0.365591
7773300,h25_load,0.342743
7774200,h25_load,0.323436
7775100,h25_load,0.304563
7776000,h25_load,0.305753
7776900,h25_load,0.286963
7777800,h25_load,0.276567
7778700,h25_load,0.264213
7779600,h25_load,0.254249
7780500,h25_load,0.245682
7781400,h25_load,0.238483
7782300,h25_load,0.232623
7783200,h25_load,0.230708
7784100,h25_load,0.229138
7785000,h25_load,0.227885
7785900,h25_load,0.226834
7786800,h25_load,0.228879
7787700,h25_load,0.228073
7788600,h25_load,0.229224
7789500,h25_load,0.230448
7790400,h25_load,0.236438
7791300,h25_load,0.240700
7792200,h25_load,0.247151
7793100,h25_load,0.259245
7794000,h25_load,0.274753
7794900,h25_load,0.283824
7795800,h25_load,0.298337
7796700,h25_load,0.312779
7797600,h25_load,0.340007
7798500,h25_load,0.359186
7799400,h25_load,0.371122
7800300,h25_load,0.380567
7801200,h25_load,0.387781
7802100,h25_load,0.387522
7803000,h25_load,0.383245
7803900,h25_load,0.375240
7804800,h25_load,0.369121
7805700,h25_load,0.364542
7806600,h25_load,0.357544
7807500,h25_load,0.352634
7808400,h25_load,0.352202
7809300,h25_load,0.352893
7810200,h25_load,0.350532
7811100,h25_load,0.349207
7812000,h25_load,0.346803
7812900,h25_load,0.346328
7813800,h25_load,0.350503
7814700,h25_load,0.354564
7815600,h25_load,0.362324
7816500,h25_load,0.374246
7817400,h25_load,0.382814
7818300,h25_load,0.389754
7819200,h25_load,0.393641
7820100,h25_load,0.394678
7821000,h25_load,0.391985
7821900,h25_load,0.389653
7822800,h25_load,0.387306
7823700,h25_load,0.385967
7824600,h25_load,0.382022
7825500,h25_load,0.374750
7826400,h25_load,0.369711
7827300,h25_load,0.366990
7828200,h25_load,0.363044
7829100,h25_load,0.363664
7830000,h25_load,0.368401
7830900,h25_load,0.368617
7831800,h25_load,0.370604
7832700,h25_load,0.375182
7833600,h25_load,0.385276
7834500,h25_load,0.393080
7835400,h25_load,0.403720
7836300,h25_load,0.416333
7837200,h25_load,0.436635
7838100,h25_load,0.454144
7839000,h25_load,0.474647
7839900,h25_load,0.496893
7840800,h25_load,0.517497
7841700,h25_load,0.535337
7842600,h25_load,0.550931
7843500,h25_load,0.564336
7844400,h25_load,0.571823
7845300,h25_load,0.579209
7846200,h25_load,0.584206
7847100,h25_load,0.583443
7848000,h25_load,0.590584
7848900,h25_load,0.594342
7849800,h25_load,0.594112
7850700,h25_load,0.589260
7851600,h25_load,0.580361
7852500,h25_load,0.563947
7853400,h25_load,0.543890
7854300,h25_load,0.533163
7855200,h25_load,0.518001
7856100,h25_load,0.486008
7857000,h25_load,0.460710
7857900,h25_load,0.432474
7858800,h25_load,0.405837
7859700,h25_load,0.379502
7860600,h25_load,0.357227
7861500,h25_load,0.334766
7862400,h25_load,0.304629
7863300,h25_load,0.285908
7864200,h25_load,0.275550
7865100,h25_load,0.263242
7866000,h25_load,0.253315
7866900,h25_load,0.244779
7867800,h25_load,0.237606
7868700,h25_load,0.231768
7869600,h25_load,0.229860
7870500,h25_load,0.228296
7871400,h25_load,0.227048
7872300,h25_load,0.226001
7873200,h25_load,0.228038
7874100,h25_load,0.227234
7875000,h25_load,0.228382
7875900,h25_load,0.229601
7876800,h25_load,0.235569
7877700,h25_load,0.239816
7878600,h25_load,0.246242
7879500,h25_load,0.258293
7880400,h25_load,0.273743
7881300,h25_load,0.282781
7882200,h25_load,0.297241
7883100,h25_load,0.311630
7884000,h25_load,0.338757
7884900,h25_load,0.357866
7885800,h25_load,0.369758
7886700,h25_load,0.379169
7887600,h25_load,0.386356
7888500,h25_load,0.386098
7889400,h25_load,0.381837
7890300,h25_load,0.373861
7891200,h25_load,0.367764
7892100,h25_load,0.363202
7893000,h25_load,0.356230
7893900,h25_load,0.351338
7894800,h25_load,0.350908
7895700,h25_load,0.351597
7896600,h25_load,0.349244
7897500,h25_load,0.347924
7898400,h25_load,0.345528
7899300,h25_load,0.345055
7900200,h25_load,0.349215
7901100,h25_load,0.353261
7902000,h25_load,0.360993
7902900,h25_load,0.372871
7903800,h25_load,0.381407
7904700,h25_load,0.388321
7905600,h25_load,0.392195
7906500,h25_load,0.393227
7907400,h25_load,0.390545
7908300,h25_load,0.388221
7909200,h25_load,0.385883
7910100,h25_load,0.384548
7911000,h25_load,0.380618
7911900,h25_load,0.373373
7912800,h25_load,0.368352
7913700,h25_load,0.365641
7914600,h25_load,0.361710
7915500,h25_load,0.362327
7916400,h25_load,0.367047
7917300,h25_load,0.367262
7918200,h25_load,0.369242
7919100,h25_load,0.373804
7920000,h25_load,0.383860
7920900,h25_load,0.391635
7921800,h25_load,0.402237
7922700,h25_load,0.414803
7923600,h25_load,0.435031
7924500,h25_load,0.452475
7925400,h25_load,0.472903
7926300,h25_load,0.495067
7927200,h25_load,0.515596
7928100,h25_load,0.533370
7929000,h25_load,0.548906
7929900,h25_load,0.562262
7930800,h25_load,0.569721
7931700,h25_load,0.577081
7932600,h25_load,0.582059
7933500,h25_load,0.581298
7934400,h25_load,0.588414
7935300,h25_load,0.592158
7936200,h25_load,0.591928
7937100,h25_load,0.587094
7938000,h25_load,0.578228
7938900,h25_load,0.561874
7939800,h25_load,0.541891
7940700,h25_load,0.531204
7941600,h25_load,0.516098
7942500,h25_load,0.484222
7943400,h25_load,0.459016
7944300,h25_load,0.430885
7945200,h25_load,0.404345
7946100,h25_load,0.378107
7947000,h25_load,0.355915
7947900,h25_load,0.333535
7948800,h25_load,0.303504
7949700,h25_load,0.284852
7950600,h25_load,0.274533
7951500,h25_load,0.262270
7952400,h25_load,0.252380
7953300,h25_load,0.243875
7954200,h25_load,0.236729
7955100,h25_load,0.230912
7956000,h25_load,0.229011
7956900,h25_load,0.227453
7957800,h25_load,0.226210
7958700,h25_load,0.225166
7959600,h25_load,0.227196
7960500,h25_load,0.226395
7961400,h25_load,0.227539
7962300,h25_load,0.228754
7963200,h25_load,0.234700
7964100,h25_load,0.238930
7965000,h25_load,0.245333
7965900,h25_load,0.257339
7966800,h25_load,0.272732
7967700,h25_load,0.281737
7968600,h25_load,0.296144
7969500,h25_load,0.310479
7970400,h25_load,0.337507
7971300,h25_load,0.356544
7972200,h25_load,0.368393
7973100,h25_load,0.377769
7974000,h25_load,0.384930
7974900,h25_load,0.384672
7975800,h25_load,0.380427
7976700,h25_load,0.372481
7977600,h25_load,0.366406
7978500,h25_load,0.361861
7979400,h25_load,0.354915
7980300,h25_load,0.350041
7981200,h25_load,0.349612
7982100,h25_load,0.350298
7983000,h25_load,0.347954
7983900,h25_load,0.346640
7984800,h25_load,0.344253
7985700,h25_load,0.343781
7986600,h25_load,0.347926
7987500,h25_load,0.351956
7988400,h25_load,0.359660
7989300,h25_load,0.371494
7990200,h25_load,0.379999
7991100,h25_load,0.386888
7992000,h25_load,0.390747
7992900,h25_load,0.391776
7993800,h25_load,0.389103
7994700,h25_load,0.386788
7995600,h25_load,0.384458
7996500,h25_load,0.383129
7997400,h25_load,0.379212
7998300,h25_load,0.371995
7999200,h25_load,0.366992
8000100,h25_load,0.364291
8001000,h25_load,0.360375
8001900,h25_load,0.360989
8002800,h25_load,0.365692
8003700,h25_load,0.365906
8004600,h25_load,0.367878
8005500,h25_load,0.372423
8006400,h25_load,0.382443
8007300,h25_load,0.390189
8008200,h25_load,0.400751
8009100,h25_load,0.413272
8010000,h25_load,0.433424
8010900,h25_load,0.450804
8011800,h25_load,0.471157
8012700,h25_load,0.493239
8013600,h25_load,0.513692
8014500,h25_load,0.531401
8015400,h25_load,0.546879
8016300,h25_load,0.560186
8017200,h25_load,0.567618
8018100,h25_load,0.574950
8019000,h25_load,0.579910
8019900,h25_load,0.579152
8020800,h25_load,0.586241
8021700,h25_load,0.589972
8022600,h25_load,0.589743
8023500,h25_load,0.584926
8024400,h25_load,0.576094
8025300,h25_load,0.559800
8026200,h25_load,0.539890
8027100,h25_load,0.529242
8028000,h25_load,0.514192
8028900,h25_load,0.482434
8029800,h25_load,0.457322
8030700,h25_load,0.429294
8031600,h25_load,0.402852
8032500,h25_load,0.376711
8033400,h25_load,0.354601
8034300,h25_load,0.332304
8035200,h25_load,0.302379
8036100,h25_load,0.283796
8037000,h25_load,0.273515
8037900,h25_load,0.261298
8038800,h25_load,0.251444
8039700,h25_load,0.242971
8040600,h25_load,0.235851
8041500,h25_load,0.230056
8042400,h25_load,0.228162
8043300,h25_load,0.226610
8044200,h25_load,0.225371
8045100,h25_load,0.224331
8046000,h25_load,0.226353
8046900,h25_load,0.225556
8047800,h25_load,0.226695
8048700,h25_load,0.227906
8049600,h25_load,0.233829
8050500,h25_load,0.238044
8051400,h25_load,0.244424
8052300,h25_load,0.256385
8053200,h25_load,0.271721
8054100,h25_load,0.280692
8055000,h25_load,0.295045
8055900,h25_load,0.309328
8056800,h25_load,0.336255
8057700,h25_load,0.355222
8058600,h25_load,0.367027
8059500,h25_load,0.376368
8060400,h25_load,0.383502
8061300,h25_load,0.383246
8062200,h25_load,0.379017
8063100,h25_load,0.371099
8064000,h25_load,0.365048
8064900,h25_load,0.360519
8065800,h25_load,0.353599
8066700,h25_load,0.348743
8067600,h25_load,0.348316
8068500,h25_load,0.349000
8069400,h25_load,0.346664
8070300,h25_load,0.345354
8071200,h25_load,0.342976
8072100,h25_load,0.342506
8073000,h25_load,0.346636
8073900,h25_load,0.350651
8074800,h25_load,0.358326
8075700,h25_load,0.370117
8076600,h25_load,0.378589
8077500,h25_load,0.385453
8078400,h25_load,0.389298
8079300,h25_load,0.390323
8080200,h25_load,0.387660
8081100,h25_load,0.385353
8082000,h25_load,0.383032
8082900,h25_load,0.381708
8083800,h25_load,0.377806
8084700,h25_load,0.370615
8085600,h25_load,0.365631
8086500,h25_load,0.362940
8087400,h25_load,0.359038
8088300,h25_load,0.359651
8089200,h25_load,0.364336
8090100,h25_load,0.364549
8091000,h25_load,0.366514
8091900,h25_load,0.371042
8092800,h25_load,0.381024
8093700,h25_load,0.388742
8094600,h25_load,0.399265
8095500,h25_load,0.411739
8096400,h25_load,0.431817
8097300,h25_load,0.449133
8098200,h25_load,0.469410
8099100,h25_load,0.491410
8100000,h25_load,0.511787
8100900,h25_load,0.529430
8101800,h25_load,0.544852
8102700,h25_load,0.558109
8103600,h25_load,0.565513
8104500,h25_load,0.572818
8105400,h25_load,0.577759
8106300,h25_load,0.577005
8107200,h25_load,0.584068
8108100,h25_load,0.587784
8109000,h25_load,0.587556
8109900,h25_load,0.582758
8110800,h25_load,0.573957
8111700,h25_load,0.557724
8112600,h25_load,0.537888
8113500,h25_load,0.527280
8114400,h25_load,0.512286
8115300,h25_load,0.480645
8116200,h25_load,0.455626
8117100,h25_load,0.427702
8118000,h25_load,0.401359
8118900,h25_load,0.375314
8119800,h25_load,0.353286
8120700,h25_load,0.331072
8121600,h25_load,0.339259
8122500,h25_load,0.318149
8123400,h25_load,0.304913
8124300,h25_load,0.290273
8125200,h25_load,0.278923
8126100,h25_load,0.267971
8127000,h25_load,0.259800
8127900,h25_load,0.251926
8128800,h25_load,0.248266
8129700,h25_load,0.244833
8130600,h25_load,0.242251
8131500,h25_load,0.240208
8132400,h25_load,0.239953
8133300,h25_load,0.238463
8134200,h25_load,0.237626
8135100,h25_load,0.237669
8136000,h25_load,0.240946
8136900,h25_load,0.241045
8137800,h25_load,0.243414
8138700,h25_load,0.249571
8139600,h25_load,0.252862
8140500,h25_load,0.254295
8141400,h25_load,0.258310
8142300,h25_load,0.264467
8143200,h25_load,0.277944
8144100,h25_load,0.288513
8145000,h25_load,0.302487
8145900,h25_load,0.323710
8146800,h25_load,0.352467
8147700,h25_load,0.377747
8148600,h25_load,0.404716
8149500,h25_load,0.427245
8150400,h25_load,0.449830
8151300,h25_load,0.469350
8152200,h25_load,0.480345
8153100,h25_load,0.491326
8154000,h25_load,0.499667
8154900,h25_load,0.508761
8155800,h25_load,0.514776
8156700,h25_load,0.517557
8157600,h25_load,0.522777
8158500,h25_load,0.527317
8159400,h25_load,0.532055
8160300,h25_load,0.537006
8161200,h25_load,0.548214
8162100,h25_load,0.560840
8163000,h25_load,0.568245
8163900,h25_load,0.571664
8164800,h25_load,0.563351
8165700,h25_load,0.556073
8166600,h25_load,0.546866
8167500,h25_load,0.540085
8168400,h25_load,0.530991
8169300,h25_load,0.521898
8170200,h25_load,0.514279
8171100,h25_load,0.507186
8172000,h25_load,0.500263
8172900,h25_load,0.497667
8173800,h25_load,0.495213
8174700,h25_load,0.492205
8175600,h25_load,0.490744
8176500,h25_load,0.487325
8177400,h25_load,0.482572
8178300,h25_load,0.479948
8179200,h25_load,0.481069
8180100,h25_load,0.483821
8181000,h25_load,0.488304
8181900,h25_load,0.492673
8182800,h25_load,0.501809
8183700,h25_load,0.511087
8184600,h25_load,0.526494
8185500,h25_load,0.536992
8186400,h25_load,0.549264
8187300,h25_load,0.558882
8188200,h25_load,0.563621
8189100,h25_load,0.567040
8190000,h25_load,0.566657
8190900,h25_load,0.566600
8191800,h25_load,0.566969
8192700,h25_load,0.561110
8193600,h25_load,0.567650
8194500,h25_load,0.570033
8195400,h25_load,0.572317
8196300,h25_load,0.570686
8197200,h25_load,0.564543
8198100,h25_load,0.551037
8199000,h25_load,0.533985
8199900,h25_load,0.526296
8200800,h25_load,0.517642
8201700,h25_load,0.493680
8202600,h25_load,0.473408
8203500,h25_load,0.451248
8204400,h25_load,0.430366
8205300,h25_load,0.409398
8206200,h25_load,0.389494
8207100,h25_load,0.366710
8208000,h25_load,0.352662
8208900,h25_load,0.330995
8209800,h25_load,0.316183
8210700,h25_load,0.301654
8211600,h25_load,0.288962
8212500,h25_load,0.278361
8213400,h25_load,0.272538
8214300,h25_load,0.263691
8215200,h25_load,0.259012
8216100,h25_load,0.254928
8217000,h25_load,0.250928
8217900,h25_load,0.247776
8218800,h25_load,0.246589
8219700,h25_load,0.245063
8220600,h25_load,0.243437
8221500,h25_load,0.242095
8222400,h25_load,0.244511
8223300,h25_load,0.244738
8224200,h25_load,0.247027
8225100,h25_load,0.253529
8226000,h25_load,0.257839
8226900,h25_load,0.258179
8227800,h25_load,0.261627
8228700,h25_load,0.265570
8229600,h25_load,0.273132
8230500,h25_load,0.280340
8231400,h25_load,0.292877
8232300,h25_load,0.308084
8233200,h25_load,0.332535
8234100,h25_load,0.356435
8235000,h25_load,0.383840
8235900,h25_load,0.412843
8236800,h25_load,0.443131
8237700,h25_load,0.472430
8238600,h25_load,0.493814
8239500,h25_load,0.512909
8240400,h25_load,0.532413
8241300,h25_load,0.550801
8242200,h25_load,0.564963
8243100,h25_load,0.577075
8244000,h25_load,0.589456
8244900,h25_load,0.601159
8245800,h25_load,0.609681
8246700,h25_load,0.620946
8247600,h25_load,0.638980
8248500,h25_load,0.658259
8249400,h25_load,0.670088
8250300,h25_load,0.667262
8251200,h25_load,0.649425
8252100,h25_load,0.630387
8253000,h25_load,0.611377
8253900,h25_load,0.592283
8254800,h25_load,0.570588
8255700,h25_load,0.553359
8256600,h25_load,0.539395
8257500,h25_load,0.525290
8258400,h25_load,0.512032
8259300,h25_load,0.501842
8260200,h25_load,0.494507
8261100,h25_load,0.485051
8262000,h25_load,0.479101
8262900,h25_load,0.473306
8263800,h25_load,0.466381
8264700,h25_load,0.461547
8265600,h25_load,0.459582
8266500,h25_load,0.459823
8267400,h25_load,0.467766
8268300,h25_load,0.474917
8269200,h25_load,0.487313
8270100,h25_load,0.502436
8271000,h25_load,0.519170
8271900,h25_load,0.536794
8272800,h25_load,0.551408
8273700,h25_load,0.561076
8274600,h25_load,0.568863
8275500,h25_load,0.574164
8276400,h25_load,0.576326
8277300,h25_load,0.578686
8278200,h25_load,0.577937
8279100,h25_load,0.574969
8280000,h25_load,0.582093
8280900,h25_load,0.582389
8281800,h25_load,0.577909
8282700,h25_load,0.572793
8283600,h25_load,0.564440
8284500,h25_load,0.548652
8285400,h25_load,0.529586
8286300,h25_load,0.520357
8287200,h25_load,0.504245
8288100,h25_load,0.474154
8289000,h25_load,0.448728
8289900,h25_load,0.422411
8290800,h25_load,0.397296
8291700,h25_load,0.373693
8292600,h25_load,0.351856
8293500,h25_load,0.330415
8294400,h25_load,0.299001
8295300,h25_load,0.280626
8296200,h25_load,0.270460
8297100,h25_load,0.258379
8298000,h25_load,0.248635
8298900,h25_load,0.240257
8299800,h25_load,0.233217
8300700,h25_load,0.227486
8301600,h25_load,0.225613
8302500,h25_load,0.224078
8303400,h25_load,0.222853
8304300,h25_load,0.221826
8305200,h25_load,0.223825
8306100,h25_load,0.223037
8307000,h25_load,0.224163
8307900,h25_load,0.225360
8308800,h25_load,0.231217
8309700,h25_load,0.235385
8310600,h25_load,0.241693
8311500,h25_load,0.253521
8312400,h25_load,0.268686
8313300,h25_load,0.277557
8314200,h25_load,0.291750
8315100,h25_load,0.305873
8316000,h25_load,0.332499
8316900,h25_load,0.351254
8317800,h25_load,0.362927
8318700,h25_load,0.372164
8319600,h25_load,0.379218
8320500,h25_load,0.378965
8321400,h25_load,0.374783
8322300,h25_load,0.366954
8323200,h25_load,0.360970
8324100,h25_load,0.356492
8325000,h25_load,0.349649
8325900,h25_load,0.344848
8326800,h25_load,0.344425
8327700,h25_load,0.345101
8328600,h25_load,0.342792
8329500,h25_load,0.341497
8330400,h25_load,0.339145
8331300,h25_load,0.338680
8332200,h25_load,0.342764
8333100,h25_load,0.346734
8334000,h25_load,0.354324
8334900,h25_load,0.365983
8335800,h25_load,0.374361
8336700,h25_load,0.381147
8337600,h25_load,0.384949
8338500,h25_load,0.385963
8339400,h25_load,0.383330
8340300,h25_load,0.381049
8341200,h25_load,0.378754
8342100,h25_load,0.377444
8343000,h25_load,0.373586
8343900,h25_load,0.366475
8344800,h25_load,0.361547
8345700,h25_load,0.358886
8346600,h25_load,0.355028
8347500,h25_load,0.355633
8348400,h25_load,0.360266
8349300,h25_load,0.360477
8350200,h25_load,0.362420
8351100,h25_load,0.366898
8352000,h25_load,0.376768
8352900,h25_load,0.384400
8353800,h25_load,0.394806
8354700,h25_load,0.407140
8355600,h25_load,0.426994
8356500,h25_load,0.444116
8357400,h25_load,0.464167
8358300,h25_load,0.485921
8359200,h25_load,0.506070
8360100,h25_load,0.523516
8361000,h25_load,0.538766
8361900,h25_load,0.551875
8362800,h25_load,0.559196
8363700,h25_load,0.566420
8364600,h25_load,0.571306
8365500,h25_load,0.570560
8366400,h25_load,0.577543
8367300,h25_load,0.581219
8368200,h25_load,0.580993
8369100,h25_load,0.576248
8370000,h25_load,0.567546
8370900,h25_load,0.551494
8371800,h25_load,0.531880
8372700,h25_load,0.521390
8373600,h25_load,0.506563
8374500,h25_load,0.475276
8375400,h25_load,0.450537
8376300,h25_load,0.422925
8377200,h25_load,0.396875
8378100,h25_load,0.371122
8379000,h25_load,0.349339
8379900,h25_load,0.327374
8380800,h25_load,0.297876
8381700,h25_load,0.279570
8382600,h25_load,0.269442
8383500,h25_load,0.257406
8384400,h25_load,0.247699
8385300,h25_load,0.239353
8386200,h25_load,0.232339
8387100,h25_load,0.226630
8388000,h25_load,0.224764
8388900,h25_load,0.223235
8389800,h25_load,0.222015
8390700,h25_load,0.220991
8391600,h25_load,0.222983
8392500,h25_load,0.222197
8393400,h25_load,0.223319
8394300,h25_load,0.224512
8395200,h25_load,0.230347
8396100,h25_load,0.234499
8397000,h25_load,0.240784
8397900,h25_load,0.252567
8398800,h25_load,0.267675
8399700,h25_load,0.276512
8400600,h25_load,0.290652
8401500,h25_load,0.304721
8402400,h25_load,0.331248
8403300,h25_load,0.349932
8404200,h25_load,0.361561
8405100,h25_load,0.370763
8406000,h25_load,0.377791
8406900,h25_load,0.377539
8407800,h25_load,0.373372
8408700,h25_load,0.365573
8409600,h25_load,0.359611
8410500,h25_load,0.355151
8411400,h25_load,0.348333
8412300,h25_load,0.343550
8413200,h25_load,0.343129
8414100,h25_load,0.343802
8415000,h25_load,0.341502
8415900,h25_load,0.340211
8416800,h25_load,0.337869
8417700,h25_load,0.337406
8418600,h25_load,0.341474
8419500,h25_load,0.345429
8420400,h25_load,0.352990
8421300,h25_load,0.364605
8422200,h25_load,0.372952
8423100,h25_load,0.379713
8424000,h25_load,0.383500
8424900,h25_load,0.384510
8425800,h25_load,0.381887
8426700,h25_load,0.379615
8427600,h25_load,0.377328
8428500,h25_load,0.376024
8429400,h25_load,0.372180
8430300,h25_load,0.365096
8431200,h25_load,0.360187
8432100,h25_load,0.357535
8433000,h25_load,0.353692
8433900,h25_load,0.354295
8434800,h25_load,0.358910
8435700,h25_load,0.359120
8436600,h25_load,0.361056
8437500,h25_load,0.365517
8438400,h25_load,0.375350
8439300,h25_load,0.382953
8440200,h25_load,0.393320
8441100,h25_load,0.405608
8442000,h25_load,0.425387
8442900,h25_load,0.442444
8443800,h25_load,0.462420
8444700,h25_load,0.484092
8445600,h25_load,0.504166
8446500,h25_load,0.521546
8447400,h25_load,0.536738
8448300,h25_load,0.549797
8449200,h25_load,0.557092
8450100,h25_load,0.564288
8451000,h25_load,0.569156
8451900,h25_load,0.568412
8452800,h25_load,0.575370
8453700,h25_load,0.579031
8454600,h25_load,0.578807
8455500,h25_load,0.574079
8456400,h25_load,0.565410
8457300,h25_load,0.549419
8458200,h25_load,0.529878
8459100,h25_load,0.519428
8460000,h25_load,0.504657
8460900,h25_load,0.473487
8461800,h25_load,0.448841
8462700,h25_load,0.421333
8463600,h25_load,0.395382
8464500,h25_load,0.369725
8465400,h25_load,0.348025
8466300,h25_load,0.326142
8467200,h25_load,0.296751
8468100,h25_load,0.278514
8469000,h25_load,0.268425
8469900,h25_load,0.256435
8470800,h25_load,0.246764
8471700,h25_load,0.238449
8472600,h25_load,0.231462
8473500,h25_load,0.225774
8474400,h25_load,0.223916
8475300,h25_load,0.222392
8476200,h25_load,0.221177
8477100,h25_load,0.220156
8478000,h25_load,0.222141
8478900,h25_load,0.221358
8479800,h25_load,0.222476
8480700,h25_load,0.223664
8481600,h25_load,0.229477
8482500,h25_load,0.233614
8483400,h25_load,0.239875
8484300,h25_load,0.251613
8485200,h25_load,0.266664
8486100,h25_load,0.275468
8487000,h25_load,0.289554
8487900,h25_load,0.303571
8488800,h25_load,0.329997
8489700,h25_load,0.348611
8490600,h25_load,0.360196
8491500,h25_load,0.369364
8492400,h25_load,0.376365
8493300,h25_load,0.376113
8494200,h25_load,0.371963
8495100,h25_load,0.364193
8496000,h25_load,0.358254
8496900,h25_load,0.353810
8497800,h25_load,0.347018
8498700,h25_load,0.342253
8499600,h25_load,0.341834
8500500,h25_load,0.342504
8501400,h25_load,0.340212
8502300,h25_load,0.338927
8503200,h25_load,0.336593
8504100,h25_load,0.336132
8505000,h25_load,0.340184
8505900,h25_load,0.344125
8506800,h25_load,0.351658
8507700,h25_load,0.363229
8508600,h25_load,0.371544
8509500,h25_load,0.378279
8510400,h25_load,0.382052
8511300,h25_load,0.383059
8512200,h25_load,0.380445
8513100,h25_load,0.378182
8514000,h25_load,0.375904
8514900,h25_load,0.374604
8515800,h25_load,0.370775
8516700,h25_load,0.363718
8517600,h25_load,0.358827
8518500,h25_load,0.356185
8519400,h25_load,0.352356
8520300,h25_load,0.352957
8521200,h25_load,0.357555
8522100,h25_load,0.357765
8523000,h25_load,0.359693
8523900,h25_load,0.364137
8524800,h25_load,0.373933
8525700,h25_load,0.381507
8526600,h25_load,0.391835
8527500,h25_load,0.404077
8528400,h25_load,0.423781
8529300,h25_load,0.440774
8530200,h25_load,0.460674
8531100,h25_load,0.482265
8532000,h25_load,0.502262
8532900,h25_load,0.519577
8533800,h25_load,0.534711
8534700,h25_load,0.547722
8535600,h25_load,0.554989
8536500,h25_load,0.562158
8537400,h25_load,0.567007
8538300,h25_load,0.566266
8539200,h25_load,0.573198
8540100,h25_load,0.576845
8541000,h25_load,0.576621
8541900,h25_load,0.571912
8542800,h25_load,0.563276
8543700,h25_load,0.547344
8544600,h25_load,0.527878
8545500,h25_load,0.517467
8546400,h25_load,0.502751
8547300,h25_load,0.471700
8548200,h25_load,0.447146
8549100,h25_load,0.419742
8550000,h25_load,0.393889
8550900,h25_load,0.368329
8551800,h25_load,0.346711
8552700,h25_load,0.324910
8553600,h25_load,0.295628
8554500,h25_load,0.277460
8555400,h25_load,0.267408
8556300,h25_load,0.255464
8557200,h25_load,0.245830
8558100,h25_load,0.237546
8559000,h25_load,0.230585
8559900,h25_load,0.224919
8560800,h25_load,0.223068
8561700,h25_load,0.221550
8562600,h25_load,0.220339
8563500,h25_load,0.219323
8564400,h25_load,0.221300
8565300,h25_load,0.220520
8566200,h25_load,0.221634
8567100,h25_load,0.222817
8568000,h25_load,0.228609
8568900,h25_load,0.232729
8569800,h25_load,0.238966
8570700,h25_load,0.250661
8571600,h25_load,0.265654
8572500,h25_load,0.274425
8573400,h25_load,0.288458
8574300,h25_load,0.302422
8575200,h25_load,0.328748
8576100,h25_load,0.347291
8577000,h25_load,0.358832
8577900,h25_load,0.367965
8578800,h25_load,0.374940
8579700,h25_load,0.374689
8580600,h25_load,0.370554
8581500,h25_load,0.362814
8582400,h25_load,0.356897
8583300,h25_load,0.352470
8584200,h25_load,0.345704
8585100,h25_load,0.340957
8586000,h25_load,0.340539
8586900,h25_load,0.341207
8587800,h25_load,0.338924
8588700,h25_load,0.337644
8589600,h25_load,0.335319
8590500,h25_load,0.334859
8591400,h25_load,0.338896
8592300,h25_load,0.342822
8593200,h25_load,0.350326
8594100,h25_load,0.361853
8595000,h25_load,0.370137
8595900,h25_load,0.376847
8596800,h25_load,0.380606
8597700,h25_load,0.381608
8598600,h25_load,0.379005
8599500,h25_load,0.376750
8600400,h25_load,0.374480
8601300,h25_load,0.373186
8602200,h25_load,0.369371
8603100,h25_load,0.362341
8604000,h25_load,0.357468
8604900,h25_load,0.354837
8605800,h25_load,0.351022
8606700,h25_load,0.351621
8607600,h25_load,0.356201
8608500,h25_load,0.356410
8609400,h25_load,0.358331
8610300,h25_load,0.362758
8611200,h25_load,0.372517
8612100,h25_load,0.380063
8613000,h25_load,0.390351
8613900,h25_load,0.402547
8614800,h25_load,0.422176
8615700,h25_load,0.439105
8616600,h25_load,0.458930
8617500,h25_load,0.480439
8618400,h25_load,0.500361
8619300,h25_load,0.517610
8620200,h25_load,0.532687
8621100,h25_load,0.545648
8622000,h25_load,0.552887
8622900,h25_load,0.560029
8623800,h25_load,0.564860
8624700,h25_load,0.564122
8625600,h25_load,0.571027
8626500,h25_load,0.574661
8627400,h25_load,0.574438
8628300,h25_load,0.569746
8629200,h25_load,0.561143
8630100,h25_load,0.545272
8631000,h25_load,0.525879
8631900,h25_load,0.515507
8632800,h25_load,0.500848
8633700,h25_load,0.469914
8634600,h25_load,0.445453
8635500,h25_load,0.418153
8636400,h25_load,0.392398
8637300,h25_load,0.366935
8638200,h25_load,0.345398
8639100,h25_load,0.323680
8640000,h25_load,0.294505
8640900,h25_load,0.276407
8641800,h25_load,0.266393
8642700,h25_load,0.254494
8643600,h25_load,0.244897
8644500,h25_load,0.236645
8645400,h25_load,0.229710
8646300,h25_load,0.224065
8647200,h25_load,0.222221
8648100,h25_load,0.220709
8649000,h25_load,0.219503
8649900,h25_load,0.218490
8650800,h25_load,0.220460
8651700,h25_load,0.219683
8652600,h25_load,0.220792
8653500,h25_load,0.221971
8654400,h25_load,0.227741
8655300,h25_load,0.231846
8656200,h25_load,0.238059
8657100,h25_load,0.249709
8658000,h25_load,0.264646
8658900,h25_load,0.273383
8659800,h25_load,0.287363
8660700,h25_load,0.301273
8661600,h25_load,0.327500
8662500,h25_load,0.345973
8663400,h25_load,0.357470
8664300,h25_load,0.366568
8665200,h25_load,0.373516
8666100,h25_load,0.373267
8667000,h25_load,0.369148
8667900,h25_load,0.361437
8668800,h25_load,0.355542
8669700,h25_load,0.351132
8670600,h25_load,0.344392
8671500,h25_load,0.339663
8672400,h25_load,0.339246
8673300,h25_load,0.339912
8674200,h25_load,0.337638
8675100,h25_load,0.336362
8676000,h25_load,0.334046
8676900,h25_load,0.333588
8677800,h25_load,0.337610
8678700,h25_load,0.341521
8679600,h25_load,0.348996
8680500,h25_load,0.360480
8681400,h25_load,0.368732
8682300,h25_load,0.375416
8683200,h25_load,0.379161
8684100,h25_load,0.380160
8685000,h25_load,0.377566
8685900,h25_load,0.375319
8686800,h25_load,0.373059
8687700,h25_load,0.371769
8688600,h25_load,0.367969
8689500,h25_load,0.360965
8690400,h25_load,0.356111
8691300,h25_load,0.353490
8692200,h25_load,0.349690
8693100,h25_load,0.350286
8694000,h25_load,0.354849
8694900,h25_load,0.355057
8695800,h25_load,0.356971
8696700,h25_load,0.361381
8697600,h25_load,0.371103
8698500,h25_load,0.378620
8699400,h25_load,0.388869
8700300,h25_load,0.401018
8701200,h25_load,0.420574
8702100,h25_load,0.437438
8703000,h25_load,0.457187
8703900,h25_load,0.478615
8704800,h25_load,0.498461
8705700,h25_load,0.515645
8706600,h25_load,0.530665
8707500,h25_load,0.543577
8708400,h25_load,0.550788
8709300,h25_load,0.557903
8710200,h25_load,0.562716
8711100,h25_load,0.561981
8712000,h25_load,0.568860
8712900,h25_load,0.572479
8713800,h25_load,0.572257
8714700,h25_load,0.567584
8715600,h25_load,0.559013
8716500,h25_load,0.543202
8717400,h25_load,0.523883
8718300,h25_load,0.513550
8719200,h25_load,0.498947
8720100,h25_load,0.468130
8721000,h25_load,0.443762
8721900,h25_load,0.416565
8722800,h25_load,0.390908
8723700,h25_load,0.365542
8724600,h25_load,0.344087
8725500,h25_load,0.322451
8726400,h25_load,0.330398
8727300,h25_load,0.309840
8728200,h25_load,0.296949
8729100,h25_load,0.282691
8730000,h25_load,0.271638
8730900,h25_load,0.260972
8731800,h25_load,0.253014
8732700,h25_load,0.245346
8733600,h25_load,0.241782
8734500,h25_load,0.238438
8735400,h25_load,0.235924
8736300,h25_load,0.233934
8737200,h25_load,0.233685
8738100,h25_load,0.232235
8739000,h25_load,0.231420
8739900,h25_load,0.231461
8740800,h25_load,0.234653
8741700,h25_load,0.234749
8742600,h25_load,0.237057
8743500,h25_load,0.243053
8744400,h25_load,0.246258
8745300,h25_load,0.247654
8746200,h25_load,0.251563
8747100,h25_load,0.257560
8748000,h25_load,0.270685
8748900,h25_load,0.280978
8749800,h25_load,0.294587
8750700,h25_load,0.315256
8751600,h25_load,0.343261
8752500,h25_load,0.367881
8753400,h25_load,0.394146
8754300,h25_load,0.416086
8755200,h25_load,0.438081
8756100,h25_load,0.457092
8757000,h25_load,0.467799
8757900,h25_load,0.478493
8758800,h25_load,0.486617
8759700,h25_load,0.495473
8760600,h25_load,0.501331
8761500,h25_load,0.504039
8762400,h25_load,0.509123
8763300,h25_load,0.513544
8764200,h25_load,0.518159
8765100,h25_load,0.522981
8766000,h25_load,0.533895
8766900,h25_load,0.546192
8767800,h25_load,0.553404
8768700,h25_load,0.556733
8769600,h25_load,0.548637
8770500,h25_load,0.541550
8771400,h25_load,0.532583
8772300,h25_load,0.525979
8773200,h25_load,0.517123
8774100,h25_load,0.508267
8775000,h25_load,0.500847
8775900,h25_load,0.493939
8776800,h25_load,0.487197
8777700,h25_load,0.484669
8778600,h25_load,0.482278
8779500,h25_load,0.479349
8780400,h25_load,0.477926
8781300,h25_load,0.474597
8782200,h25_load,0.469968
8783100,h25_load,0.467412
8784000,h25_load,0.468504
8784900,h25_load,0.471184
8785800,h25_load,0.475550
8786700,h25_load,0.479805
8787600,h25_load,0.488703
8788500,h25_load,0.497739
8789400,h25_load,0.512743
8790300,h25_load,0.522967
8791200,h25_load,0.534918
8792100,h25_load,0.544285
8793000,h25_load,0.548900
8793900,h25_load,0.552229
8794800,h25_load,0.551856
8795700,h25_load,0.551801
8796600,h25_load,0.552160
8797500,h25_load,0.546454
8798400,h25_load,0.552823
8799300,h25_load,0.555145
8800200,h25_load,0.557369
8801100,h25_load,0.555780
8802000,h25_load,0.549798
8802900,h25_load,0.536645
8803800,h25_load,0.520038
8804700,h25_load,0.512550
8805600,h25_load,0.504122
8806500,h25_load,0.480786
8807400,h25_load,0.461043
8808300,h25_load,0.439462
8809200,h25_load,0.419125
8810100,h25_load,0.398705
8811000,h25_load,0.379321
8811900,h25_load,0.357132
8812800,h25_load,0.343425
8813700,h25_load,0.322325
8814600,h25_load,0.307901
8815500,h25_load,0.293752
8816400,h25_load,0.281393
8817300,h25_load,0.271070
8818200,h25_load,0.265400
8819100,h25_load,0.256784
8820000,h25_load,0.252228
8820900,h25_load,0.248251
8821800,h25_load,0.244356
8822700,h25_load,0.241286
8823600,h25_load,0.240130
8824500,h25_load,0.238644
8825400,h25_load,0.237061
8826300,h25_load,0.235753
8827200,h25_load,0.238107
8828100,h25_load,0.238327
8829000,h25_load,0.240557
8829900,h25_load,0.246888
8830800,h25_load,0.251086
8831700,h25_load,0.251416
8832600,h25_load,0.254774
8833500,h25_load,0.258614
8834400,h25_load,0.265978
8835300,h25_load,0.272997
8836200,h25_load,0.285205
8837100,h25_load,0.300015
8838000,h25_load,0.323825
8838900,h25_load,0.347099
8839800,h25_load,0.373787
8840700,h25_load,0.402029
8841600,h25_load,0.431524
8842500,h25_load,0.460056
8843400,h25_load,0.480880
8844300,h25_load,0.499474
8845200,h25_load,0.518468
8846100,h25_load,0.536374
8847000,h25_load,0.550165
8847900,h25_load,0.561960
8848800,h25_load,0.574017
8849700,h25_load,0.585413
8850600,h25_load,0.593712
8851500,h25_load,0.604682
8852400,h25_load,0.622244
8853300,h25_load,0.641017
8854200,h25_load,0.652537
8855100,h25_load,0.649784
8856000,h25_load,0.632415
8856900,h25_load,0.613876
8857800,h25_load,0.595364
8858700,h25_load,0.576769
8859600,h25_load,0.555643
8860500,h25_load,0.538865
8861400,h25_load,0.525267
8862300,h25_load,0.511531
8863200,h25_load,0.498621
8864100,h25_load,0.488697
8865000,h25_load,0.481554
8865900,h25_load,0.472346
8866800,h25_load,0.466552
8867700,h25_load,0.460909
8868600,h25_load,0.454165
8869500,h25_load,0.449458
8870400,h25_load,0.447545
8871300,h25_load,0.447779
8872200,h25_load,0.455514
8873100,h25_load,0.462478
8874000,h25_load,0.474549
8874900,h25_load,0.489275
8875800,h25_load,0.505571
8876700,h25_load,0.522734
8877600,h25_load,0.536966
8878500,h25_load,0.546380
8879400,h25_load,0.553963
8880300,h25_load,0.559125
8881200,h25_load,0.561231
8882100,h25_load,0.563529
8883000,h25_load,0.562800
8883900,h25_load,0.559909
8884800,h25_load,0.566846
8885700,h25_load,0.567135
8886600,h25_load,0.562772
8887500,h25_load,0.557790
8888400,h25_load,0.549656
8889300,h25_load,0.534282
8890200,h25_load,0.515715
8891100,h25_load,0.506727
8892000,h25_load,0.491037
8892900,h25_load,0.461735
8893800,h25_load,0.436974
8894700,h25_load,0.411347
8895600,h25_load,0.386889
8896500,h25_load,0.363905
8897400,h25_load,0.342640
8898300,h25_load,0.321761
8899200,h25_load,0.291149
8900100,h25_load,0.273257
8901000,h25_load,0.263357
8901900,h25_load,0.251594
8902800,h25_load,0.242106
8903700,h25_load,0.233948
8904600,h25_load,0.227092
8905500,h25_load,0.221512
8906400,h25_load,0.219689
8907300,h25_load,0.218194
8908200,h25_load,0.217001
8909100,h25_load,0.216000
8910000,h25_load,0.217947
8910900,h25_load,0.217179
8911800,h25_load,0.218276
8912700,h25_load,0.219442
8913600,h25_load,0.225145
8914500,h25_load,0.229204
8915400,h25_load,0.235346
8916300,h25_load,0.246863
8917200,h25_load,0.261630
8918100,h25_load,0.270268
8919000,h25_load,0.284088
8919900,h25_load,0.297840
8920800,h25_load,0.323767
8921700,h25_load,0.342030
8922600,h25_load,0.353396
8923500,h25_load,0.362391
8924400,h25_load,0.369260
8925300,h25_load,0.369013
8926200,h25_load,0.364941
8927100,h25_load,0.357318
8928000,h25_load,0.351491
8928900,h25_load,0.347131
8929800,h25_load,0.340467
8930700,h25_load,0.335792
8931600,h25_load,0.335380
8932500,h25_load,0.336039
8933400,h25_load,0.333790
8934300,h25_load,0.332529
8935200,h25_load,0.330239
8936100,h25_load,0.329786
8937000,h25_load,0.333763
8937900,h25_load,0.337629
8938800,h25_load,0.345019
8939700,h25_load,0.356372
8940600,h25_load,0.364530
8941500,h25_load,0.371138
8942400,h25_load,0.374840
8943300,h25_load,0.375827
8944200,h25_load,0.373263
8945100,h25_load,0.371042
8946000,h25_load,0.368807
8946900,h25_load,0.367532
8947800,h25_load,0.363776
8948700,h25_load,0.356852
8949600,h25_load,0.352053
8950500,h25_load,0.349461
8951400,h25_load,0.345705
8952300,h25_load,0.346294
8953200,h25_load,0.350805
8954100,h25_load,0.351011
8955000,h25_load,0.352903
8955900,h25_load,0.357263
8956800,h25_load,0.366874
8957700,h25_load,0.374305
8958600,h25_load,0.384438
8959500,h25_load,0.396448
8960400,h25_load,0.415781
8961300,h25_load,0.432453
8962200,h25_load,0.451977
8963100,h25_load,0.473161
8964000,h25_load,0.492781
8964900,h25_load,0.509768
8965800,h25_load,0.524617
8966700,h25_load,0.537382
8967600,h25_load,0.544512
8968500,h25_load,0.551545
8969400,h25_load,0.556303
8970300,h25_load,0.555576
8971200,h25_load,0.562377
8972100,h25_load,0.565955
8973000,h25_load,0.565736
8973900,h25_load,0.561115
8974800,h25_load,0.552642
8975700,h25_load,0.537012
8976600,h25_load,0.517913
8977500,h25_load,0.507698
8978400,h25_load,0.493261
8979300,h25_load,0.462795
8980200,h25_load,0.438705
8981100,h25_load,0.411818
8982000,h25_load,0.386453
8982900,h25_load,0.361376
8983800,h25_load,0.340166
8984700,h25_load,0.318777
8985600,h25_load,0.290035
8986500,h25_load,0.272211
8987400,h25_load,0.262350
8988300,h25_load,0.250631
8989200,h25_load,0.241179
8990100,h25_load,0.233052
8991000,h25_load,0.226223
8991900,h25_load,0.220664
8992800,h25_load,0.218848
8993700,h25_load,0.217359
8994600,h25_load,0.216171
8995500,h25_load,0.215174
8996400,h25_load,0.217113
8997300,h25_load,0.216348
8998200,h25_load,0.217441
8999100,h25_load,0.218602
9000000,h25_load,0.224284
9000900,h25_load,0.228327
9001800,h25_load,0.234446
9002700,h25_load,0.245919
9003600,h25_load,0.260629
9004500,h25_load,0.269233
9005400,h25_load,0.283001
9006300,h25_load,0.296700
9007200,h25_load,0.322528
9008100,h25_load,0.340721
9009000,h25_load,0.352044
9009900,h25_load,0.361004
9010800,h25_load,0.367847
9011700,h25_load,0.367601
9012600,h25_load,0.363544
9013500,h25_load,0.355950
9014400,h25_load,0.350145
9015300,h25_load,0.345802
9016200,h25_load,0.339164
9017100,h25_load,0.334507
9018000,h25_load,0.334097
9018900,h25_load,0.334753
9019800,h25_load,0.332513
9020700,h25_load,0.331256
9021600,h25_load,0.328975
9022500,h25_load,0.328524
9023400,h25_load,0.332485
9024300,h25_load,0.336337
9025200,h25_load,0.343699
9026100,h25_load,0.355008
9027000,h25_load,0.363135
9027900,h25_load,0.369718
9028800,h25_load,0.373406
9029700,h25_load,0.374389
9030600,h25_load,0.371835
9031500,h25_load,0.369622
9032400,h25_load,0.367396
9033300,h25_load,0.366126
9034200,h25_load,0.362383
9035100,h25_load,0.355486
9036000,h25_load,0.350705
9036900,h25_load,0.348124
9037800,h25_load,0.344382
9038700,h25_load,0.344969
9039600,h25_load,0.349463
9040500,h25_load,0.349667
9041400,h25_load,0.351552
9042300,h25_load,0.355896
9043200,h25_load,0.365470
9044100,h25_load,0.372873
9045000,h25_load,0.382966
9045900,h25_load,0.394931
9046800,h25_load,0.414189
9047700,h25_load,0.430798
9048600,h25_load,0.450248
9049500,h25_load,0.471350
9050400,h25_load,0.490895
9051300,h25_load,0.507817
9052200,h25_load,0.522609
9053100,h25_load,0.535325
9054000,h25_load,0.542428
9054900,h25_load,0.549434
9055800,h25_load,0.554174
9056700,h25_load,0.553450
9057600,h25_load,0.560225
9058500,h25_load,0.563789
9059400,h25_load,0.563571
9060300,h25_load,0.558968
9061200,h25_load,0.550527
9062100,h25_load,0.534957
9063000,h25_load,0.515931
9063900,h25_load,0.505755
9064800,h25_load,0.491373
9065700,h25_load,0.461024
9066600,h25_load,0.437026
9067500,h25_load,0.410242
9068400,h25_load,0.384974
9069300,h25_load,0.359993
9070200,h25_load,0.338864
9071100,h25_load,0.317557
9072000,h25_load,0.288923
9072900,h25_load,0.271168
9073800,h25_load,0.261344
9074700,h25_load,0.249670
9075600,h25_load,0.240255
9076500,h25_load,0.232159
9077400,h25_load,0.225356
9078300,h25_load,0.219819
9079200,h25_load,0.218009
9080100,h25_load,0.216526
9081000,h25_load,0.215342
9081900,h25_load,0.214349
9082800,h25_load,0.216281
9083700,h25_load,0.215519
9084600,h25_load,0.216608
9085500,h25_load,0.217764
9086400,h25_load,0.223424
9087300,h25_load,0.227452
9088200,h25_load,0.233547
9089100,h25_load,0.244976
9090000,h25_load,0.259630
9090900,h25_load,0.268202
9091800,h25_load,0.281916
9092700,h25_load,0.295563
9093600,h25_load,0.321292
9094500,h25_load,0.339415
9095400,h25_load,0.350695
9096300,h25_load,0.359620
9097200,h25_load,0.366437
9098100,h25_load,0.366192
9099000,h25_load,0.362151
9099900,h25_load,0.354586
9100800,h25_load,0.348804
9101700,h25_load,0.344477
9102600,h25_load,0.337864
9103500,h25_load,0.333225
9104400,h25_load,0.332816
9105300,h25_load,0.333470
9106200,h25_load,0.331238
9107100,h25_load,0.329986
9108000,h25_load,0.327714
9108900,h25_load,0.327265
9109800,h25_load,0.331211
9110700,h25_load,0.335048
9111600,h25_load,0.342381
9112500,h25_load,0.353647
9113400,h25_load,0.361743
9114300,h25_load,0.368301
9115200,h25_load,0.371975
9116100,h25_load,0.372954
9117000,h25_load,0.370410
9117900,h25_load,0.368206
9118800,h25_load,0.365988
9119700,h25_load,0.364723
9120600,h25_load,0.360995
9121500,h25_load,0.354123
9122400,h25_load,0.349361
9123300,h25_load,0.346790
9124200,h25_load,0.343062
9125100,h25_load,0.343647
9126000,h25_load,0.348123
9126900,h25_load,0.348327
9127800,h25_load,0.350205
9128700,h25_load,0.354532
9129600,h25_load,0.364069
9130500,h25_load,0.371444
9131400,h25_load,0.381499
9132300,h25_load,0.393418
9133200,h25_load,0.412602
9134100,h25_load,0.429147
9135000,h25_load,0.448522
9135900,h25_load,0.469543
9136800,h25_load,0.489013
9137700,h25_load,0.505871
9138600,h25_load,0.520607
9139500,h25_load,0.533274
9140400,h25_load,0.540349
9141300,h25_load,0.547329
9142200,h25_load,0.552050
9143100,h25_load,0.551329
9144000,h25_load,0.558077
9144900,h25_load,0.561629
9145800,h25_load,0.561411
9146700,h25_load,0.556826
9147600,h25_load,0.548417
9148500,h25_load,0.532906
9149400,h25_load,0.513953
9150300,h25_load,0.503817
9151200,h25_load,0.489490
9152100,h25_load,0.459257
9153000,h25_load,0.435351
9153900,h25_load,0.408670
9154800,h25_load,0.383499
9155700,h25_load,0.358613
9156600,h25_load,0.337565
9157500,h25_load,0.316340
9158400,h25_load,0.287815
9159300,h25_load,0.270127
9160200,h25_load,0.260341
9161100,h25_load,0.248712
9162000,h25_load,0.239333
9162900,h25_load,0.231268
9163800,h25_load,0.224492
9164700,h25_load,0.218975
9165600,h25_load,0.217172
9166500,h25_load,0.215695
9167400,h25_load,0.214516
9168300,h25_load,0.213527
9169200,h25_load,0.215451
9170100,h25_load,0.214692
9171000,h25_load,0.215776
9171900,h25_load,0.216929
9172800,h25_load,0.222567
9173700,h25_load,0.226579
9174600,h25_load,0.232651
9175500,h25_load,0.244036
9176400,h25_load,0.258634
9177300,h25_load,0.267172
9178200,h25_load,0.280835
9179100,h25_load,0.294429
9180000,h25_load,0.320059
9180900,h25_load,0.338113
9181800,h25_load,0.349349
9182700,h25_load,0.358240
9183600,h25_load,0.365031
9184500,h25_load,0.364787
9185400,h25_load,0.360761
9186300,h25_load,0.353225
9187200,h25_load,0.347465
9188100,h25_load,0.343155
9189000,h25_load,0.336568
9189900,h25_load,0.331946
9190800,h25_load,0.331539
9191700,h25_load,0.332190
9192600,h25_load,0.329967
9193500,h25_load,0.328720
9194400,h25_load,0.326457
9195300,h25_load,0.326009
9196200,h25_load,0.329940
9197100,h25_load,0.333762
9198000,h25_load,0.341068
9198900,h25_load,0.352290
9199800,h25_load,0.360355
9200700,h25_load,0.366888
9201600,h25_load,0.370547
9202500,h25_load,0.371523
9203400,h25_load,0.368989
9204300,h25_load,0.366793
9205200,h25_load,0.364584
9206100,h25_load,0.363323
9207000,h25_load,0.359609
9207900,h25_load,0.352765
9208800,h25_load,0.348021
9209700,h25_load,0.345459
9210600,h25_load,0.341745
9211500,h25_load,0.342328
9212400,h25_load,0.346787
9213300,h25_load,0.346991
9214200,h25_load,0.348861
9215100,h25_load,0.353171
9216000,h25_load,0.362672
9216900,h25_load,0.370019
9217800,h25_load,0.380035
9218700,h25_load,0.391908
9219600,h25_load,0.411019
9220500,h25_load,0.427500
9221400,h25_load,0.446801
9222300,h25_load,0.467742
9223200,h25_load,0.487137
9224100,h25_load,0.503930
9225000,h25_load,0.518609
9225900,h25_load,0.531228
9226800,h25_load,0.538275
9227700,h25_load,0.545229
9228600,h25_load,0.549932
9229500,h25_load,0.549213
9230400,h25_load,0.555936
9231300,h25_load,0.559474
9232200,h25_load,0.559257
9233100,h25_load,0.554689
9234000,h25_load,0.546313
9234900,h25_load,0.530862
9235800,h25_load,0.511981
9236700,h25_load,0.501884
9237600,h25_load,0.487611
9238500,h25_load,0.457495
9239400,h25_load,0.433681
9240300,h25_load,0.407102
9241200,h25_load,0.382027
9242100,h25_load,0.357237
9243000,h25_load,0.336270
9243900,h25_load,0.315126
9244800,h25_load,0.336895
9245700,h25_load,0.316197
9246600,h25_load,0.302047
9247500,h25_load,0.288168
9248400,h25_load,0.276043
9249300,h25_load,0.265917
9250200,h25_load,0.260354
9251100,h25_load,0.251902
9252000,h25_load,0.247433
9252900,h25_load,0.243531
9253800,h25_load,0.239710
9254700,h25_load,0.236699
9255600,h25_load,0.235565
9256500,h25_load,0.234107
9257400,h25_load,0.232554
9258300,h25_load,0.231271
9259200,h25_load,0.233580
9260100,h25_load,0.233796
9261000,h25_load,0.235983
9261900,h25_load,0.242194
9262800,h25_load,0.246312
9263700,h25_load,0.246636
9264600,h25_load,0.249931
9265500,h25_load,0.253698
9266400,h25_load,0.260921
9267300,h25_load,0.267807
9268200,h25_load,0.279783
9269100,h25_load,0.294311
9270000,h25_load,0.317669
9270900,h25_load,0.340500
9271800,h25_load,0.366680
9272700,h25_load,0.394386
9273600,h25_load,0.423320
9274500,h25_load,0.451309
9275400,h25_load,0.471737
9276300,h25_load,0.489978
9277200,h25_load,0.508611
9278100,h25_load,0.526176
9279000,h25_load,0.539705
9279900,h25_load,0.551276
9280800,h25_load,0.563104
9281700,h25_load,0.574283
9282600,h25_load,0.582425
9283500,h25_load,0.593185
9284400,h25_load,0.610414
9285300,h25_load,0.628830
9286200,h25_load,0.640131
9287100,h25_load,0.637431
9288000,h25_load,0.620391
9288900,h25_load,0.602205
9289800,h25_load,0.584045
9290700,h25_load,0.565804
9291600,h25_load,0.545079
9292500,h25_load,0.528620
9293400,h25_load,0.515280
9294300,h25_load,0.501806
9295200,h25_load,0.489141
9296100,h25_load,0.479406
9297000,h25_load,0.472399
9297900,h25_load,0.463366
9298800,h25_load,0.457682
9299700,h25_load,0.452146
9300600,h25_load,0.445530
9301500,h25_load,0.440913
9302400,h25_load,0.439036
9303300,h25_load,0.439266
9304200,h25_load,0.446854
9305100,h25_load,0.453685
9306000,h25_load,0.465527
9306900,h25_load,0.479973
9307800,h25_load,0.495959
9308700,h25_load,0.512796
9309600,h25_load,0.526757
9310500,h25_load,0.535992
9311400,h25_load,0.543432
9312300,h25_load,0.548495
9313200,h25_load,0.550560
9314100,h25_load,0.552815
9315000,h25_load,0.552100
9315900,h25_load,0.549264
9316800,h25_load,0.556069
9317700,h25_load,0.556353
9318600,h25_load,0.552073
9319500,h25_load,0.547185
9320400,h25_load,0.539206
9321300,h25_load,0.524124
9322200,h25_load,0.505910
9323100,h25_load,0.497094
9324000,h25_load,0.481702
9324900,h25_load,0.452956
9325800,h25_load,0.428667
9326700,h25_load,0.403527
9327600,h25_load,0.379534
9328500,h25_load,0.356986
9329400,h25_load,0.336126
9330300,h25_load,0.315644
9331200,h25_load,0.321640
9332100,h25_load,0.301626
9333000,h25_load,0.289078
9333900,h25_load,0.275197
9334800,h25_load,0.264437
9335700,h25_load,0.254054
9336600,h25_load,0.246307
9337500,h25_load,0.238842
9338400,h25_load,0.235372
9339300,h25_load,0.232117
9340200,h25_load,0.229670
9341100,h25_load,0.227733
9342000,h25_load,0.227491
9342900,h25_load,0.226079
9343800,h25_load,0.225285
9344700,h25_load,0.225325
9345600,h25_load,0.228432
9346500,h25_load,0.228526
9347400,h25_load,0.230772
9348300,h25_load,0.236610
9349200,h25_load,0.239730
9350100,h25_load,0.241089
9351000,h25_load,0.244895
9351900,h25_load,0.250732
9352800,h25_load,0.263509
9353700,h25_load,0.273530
9354600,h25_load,0.286778
9355500,h25_load,0.306899
9356400,h25_load,0.334161
9357300,h25_load,0.358129
9358200,h25_load,0.383697
9359100,h25_load,0.405056
9360000,h25_load,0.426468
9360900,h25_load,0.444975
9361800,h25_load,0.455398
9362700,h25_load,0.465809
9363600,h25_load,0.473717
9364500,h25_load,0.482338
9365400,h25_load,0.488041
9366300,h25_load,0.490677
9367200,h25_load,0.495627
9368100,h25_load,0.499931
9369000,h25_load,0.504423
9369900,h25_load,0.509117
9370800,h25_load,0.519742
9371700,h25_load,0.531713
9372600,h25_load,0.538734
9373500,h25_load,0.541975
9374400,h25_load,0.534093
9375300,h25_load,0.527194
9376200,h25_load,0.518465
9377100,h25_load,0.512036
9378000,h25_load,0.503414
9378900,h25_load,0.494793
9379800,h25_load,0.487570
9380700,h25_load,0.480846
9381600,h25_load,0.474282
9382500,h25_load,0.471821
9383400,h25_load,0.469494
9384300,h25_load,0.466642
9385200,h25_load,0.465257
9386100,h25_load,0.462016
9387000,h25_load,0.457510
9387900,h25_load,0.455022
9388800,h25_load,0.456084
9389700,h25_load,0.458694
9390600,h25_load,0.462944
9391500,h25_load,0.467086
9392400,h25_load,0.475748
9393300,h25_load,0.484544
9394200,h25_load,0.499151
9395100,h25_load,0.509104
9396000,h25_load,0.520738
9396900,h25_load,0.529857
9397800,h25_load,0.534349
9398700,h25_load,0.537590
9399600,h25_load,0.537227
9400500,h25_load,0.537173
9401400,h25_load,0.537523
9402300,h25_load,0.531968
9403200,h25_load,0.538169
9404100,h25_load,0.540428
9405000,h25_load,0.542594
9405900,h25_load,0.541047
9406800,h25_load,0.535223
9407700,h25_load,0.522419
9408600,h25_load,0.506252
9409500,h25_load,0.498962
9410400,h25_load,0.490758
9411300,h25_load,0.468041
9412200,h25_load,0.448821
9413100,h25_load,0.427813
9414000,h25_load,0.408015
9414900,h25_load,0.388136
9415800,h25_load,0.369266
9416700,h25_load,0.347665
9417600,h25_load,0.334310
9418500,h25_load,0.313771
9419400,h25_load,0.299730
9420300,h25_load,0.285956
9421200,h25_load,0.273925
9422100,h25_load,0.263876
9423000,h25_load,0.258356
9423900,h25_load,0.249969
9424800,h25_load,0.245534
9425700,h25_load,0.241662
9426600,h25_load,0.237870
9427500,h25_load,0.234883
9428400,h25_load,0.233757
9429300,h25_load,0.232310
9430200,h25_load,0.230769
9431100,h25_load,0.229497
9432000,h25_load,0.231788
9432900,h25_load,0.232002
9433800,h25_load,0.234173
9434700,h25_load,0.240336
9435600,h25_load,0.244422
9436500,h25_load,0.244744
9437400,h25_load,0.248013
9438300,h25_load,0.251751
9439200,h25_load,0.258919
9440100,h25_load,0.265752
9441000,h25_load,0.277636
9441900,h25_load,0.292052
9442800,h25_load,0.315231
9443700,h25_load,0.337887
9444600,h25_load,0.363866
9445500,h25_load,0.391359
9446400,h25_load,0.420072
9447300,h25_load,0.447846
9448200,h25_load,0.468117
9449100,h25_load,0.486218
9450000,h25_load,0.504708
9450900,h25_load,0.522139
9451800,h25_load,0.535564
9452700,h25_load,0.547046
9453600,h25_load,0.558782
9454500,h25_load,0.569876
9455400,h25_load,0.577955
9456300,h25_load,0.588634
9457200,h25_load,0.605730
9458100,h25_load,0.624005
9459000,h25_load,0.635219
9459900,h25_load,0.632539
9460800,h25_load,0.615631
9461700,h25_load,0.597583
9462600,h25_load,0.579563
9463500,h25_load,0.561462
9464400,h25_load,0.540896
9465300,h25_load,0.524564
9466200,h25_load,0.511326
9467100,h25_load,0.497955
9468000,h25_load,0.485388
9468900,h25_load,0.475727
9469800,h25_load,0.468774
9470700,h25_load,0.459810
9471600,h25_load,0.454170
9472500,h25_load,0.448677
9473400,h25_load,0.442112
9474300,h25_load,0.437529
9475200,h25_load,0.435667
9476100,h25_load,0.435895
9477000,h25_load,0.443425
9477900,h25_load,0.450204
9478800,h25_load,0.461954
9479700,h25_load,0.476290
9480600,h25_load,0.492154
9481500,h25_load,0.508861
9482400,h25_load,0.522715
9483300,h25_load,0.531879
9484200,h25_load,0.539261
9485100,h25_load,0.544286
9486000,h25_load,0.546336
9486900,h25_load,0.548573
9487800,h25_load,0.547863
9488700,h25_load,0.545049
9489600,h25_load,0.551802
9490500,h25_load,0.552083
9491400,h25_load,0.547836
9492300,h25_load,0.542986
9493200,h25_load,0.535068
9494100,h25_load,0.520102
9495000,h25_load,0.502028
9495900,h25_load,0.493279
9496800,h25_load,0.478005
9497700,h25_load,0.449481
9498600,h25_load,0.425377
9499500,h25_load,0.400430
9500400,h25_load,0.376621
9501300,h25_load,0.354247
9502200,h25_load,0.333546
9503100,h25_load,0.313222
9504000,h25_load,0.333024
9504900,h25_load,0.312564
9505800,h25_load,0.298577
9506700,h25_load,0.284857
9507600,h25_load,0.272871
9508500,h25_load,0.262861
9509400,h25_load,0.257363
9510300,h25_load,0.249008
9511200,h25_load,0.244590
9512100,h25_load,0.240733
9513000,h25_load,0.236956
9513900,h25_load,0.233979
9514800,h25_load,0.232858
9515700,h25_load,0.231417
9516600,h25_load,0.229882
9517500,h25_load,0.228614
9518400,h25_load,0.230896
9519300,h25_load,0.231110
9520200,h25_load,0.233272
9521100,h25_load,0.239411
9522000,h25_load,0.243482
9522900,h25_load,0.243802
9523800,h25_load,0.247059
9524700,h25_load,0.250783
9525600,h25_load,0.257923
9526500,h25_load,0.264730
9527400,h25_load,0.276568
9528300,h25_load,0.290929
9529200,h25_load,0.314019
9530100,h25_load,0.336588
9531000,h25_load,0.362467
9531900,h25_load,0.389854
9532800,h25_load,0.418456
9533700,h25_load,0.446124
9534600,h25_load,0.466317
9535500,h25_load,0.484348
9536400,h25_load,0.502767
9537300,h25_load,0.520130
9538200,h25_load,0.533504
9539100,h25_load,0.544942
9540000,h25_load,0.556633
9540900,h25_load,0.567684
9541800,h25_load,0.575732
9542700,h25_load,0.586370
9543600,h25_load,0.603400
9544500,h25_load,0.621605
9545400,h25_load,0.632776
9546300,h25_load,0.630106
9547200,h25_load,0.613263
9548100,h25_load,0.595285
9549000,h25_load,0.577334
9549900,h25_load,0.559303
9550800,h25_load,0.538816
9551700,h25_load,0.522546
9552600,h25_load,0.509360
9553500,h25_load,0.496040
9554400,h25_load,0.483521
9555300,h25_load,0.473898
9556200,h25_load,0.466971
9557100,h25_load,0.458042
9558000,h25_load,0.452423
9558900,h25_load,0.446951
9559800,h25_load,0.440411
9560700,h25_load,0.435847
9561600,h25_load,0.433991
9562500,h25_load,0.434218
9563400,h25_load,0.441719
9564300,h25_load,0.448473
9565200,h25_load,0.460178
9566100,h25_load,0.474458
9567000,h25_load,0.490261
9567900,h25_load,0.506904
9568800,h25_load,0.520704
9569700,h25_load,0.529833
9570600,h25_load,0.537187
9571500,h25_load,0.542192
9572400,h25_load,0.544234
9573300,h25_load,0.546463
9574200,h25_load,0.545756
9575100,h25_load,0.542953
9576000,h25_load,0.549680
9576900,h25_load,0.549960
9577800,h25_load,0.545729
9578700,h25_load,0.540898
9579600,h25_load,0.533010
9580500,h25_load,0.518102
9581400,h25_load,0.500097
9582300,h25_load,0.491382
9583200,h25_load,0.476167
9584100,h25_load,0.447752
9585000,h25_load,0.423741
9585900,h25_load,0.398890
9586800,h25_load,0.375173
9587700,h25_load,0.352884
9588600,h25_load,0.332264
9589500,h25_load,0.312017
9590400,h25_load,0.282325
9591300,h25_load,0.264975
9592200,h25_load,0.255376
9593100,h25_load,0.243968
9594000,h25_load,0.234768
9594900,h25_load,0.226857
9595800,h25_load,0.220210
9596700,h25_load,0.214798
9597600,h25_load,0.213030
9598500,h25_load,0.211581
9599400,h25_load,0.210424
9600300,h25_load,0.209454
9601200,h25_load,0.211342
9602100,h25_load,0.210597
9603000,h25_load,0.211661
9603900,h25_load,0.212791
9604800,h25_load,0.218322
9605700,h25_load,0.222257
9606600,h25_load,0.228213
9607500,h25_load,0.239381
9608400,h25_load,0.253700
9609300,h25_load,0.262076
9610200,h25_load,0.275478
9611100,h25_load,0.288813
9612000,h25_load,0.313955
9612900,h25_load,0.331664
9613800,h25_load,0.342686
9614700,h25_load,0.351407
9615600,h25_load,0.358068
9616500,h25_load,0.357829
9617400,h25_load,0.353880
9618300,h25_load,0.346488
9619200,h25_load,0.340838
9620100,h25_load,0.336610
9621000,h25_load,0.330148
9621900,h25_load,0.325615
9622800,h25_load,0.325216
9623700,h25_load,0.325854
9624600,h25_load,0.323673
9625500,h25_load,0.322450
9626400,h25_load,0.320230
9627300,h25_load,0.319791
9628200,h25_load,0.323647
9629100,h25_load,0.327396
9630000,h25_load,0.334562
9630900,h25_load,0.345571
9631800,h25_load,0.353481
9632700,h25_load,0.359890
9633600,h25_load,0.363479
9634500,h25_load,0.364437
9635400,h25_load,0.361951
9636300,h25_load,0.359797
9637200,h25_load,0.357630
9638100,h25_load,0.356393
9639000,h25_load,0.352750
9639900,h25_load,0.346036
9640800,h25_load,0.341383
9641700,h25_load,0.338870
9642600,h25_load,0.335227
9643500,h25_load,0.335799
9644400,h25_load,0.340173
9645300,h25_load,0.340372
9646200,h25_load,0.342207
9647100,h25_load,0.346435
9648000,h25_load,0.355755
9648900,h25_load,0.362961
9649800,h25_load,0.372786
9650700,h25_load,0.384433
9651600,h25_load,0.403179
9652500,h25_load,0.419346
9653400,h25_load,0.438279
9654300,h25_load,0.458820
9655200,h25_load,0.477845
9656100,h25_load,0.494318
9657000,h25_load,0.508717
9657900,h25_load,0.521095
9658800,h25_load,0.528009
9659700,h25_load,0.534829
9660600,h25_load,0.539442
9661500,h25_load,0.538738
9662400,h25_load,0.545332
9663300,h25_load,0.548802
9664200,h25_load,0.548590
9665100,h25_load,0.544109
9666000,h25_load,0.535893
9666900,h25_load,0.520736
9667800,h25_load,0.502216
9668700,h25_load,0.492311
9669600,h25_load,0.478311
9670500,h25_load,0.448769
9671400,h25_load,0.425409
9672300,h25_load,0.399337
9673200,h25_load,0.374741
9674100,h25_load,0.350424
9675000,h25_load,0.329856
9675900,h25_load,0.309115
9676800,h25_load,0.281240
9677700,h25_load,0.263956
9678600,h25_load,0.254394
9679500,h25_load,0.243030
9680400,h25_load,0.233865
9681300,h25_load,0.225985
9682200,h25_load,0.219363
9683100,h25_load,0.213973
9684000,h25_load,0.212211
9684900,h25_load,0.210768
9685800,h25_load,0.209615
9686700,h25_load,0.208648
9687600,h25_load,0.210529
9688500,h25_load,0.209787
9689400,h25_load,0.210847
9690300,h25_load,0.211973
9691200,h25_load,0.217482
9692100,h25_load,0.221403
9693000,h25_load,0.227336
9693900,h25_load,0.238461
9694800,h25_load,0.252725
9695700,h25_load,0.261069
9696600,h25_load,0.274419
9697500,h25_load,0.287703
9698400,h25_load,0.312748
9699300,h25_load,0.330389
9700200,h25_load,0.341368
9701100,h25_load,0.350056
9702000,h25_load,0.356692
9702900,h25_load,0.356453
9703800,h25_load,0.352520
9704700,h25_load,0.345156
9705600,h25_load,0.339527
9706500,h25_load,0.335316
9707400,h25_load,0.328879
9708300,h25_load,0.324363
9709200,h25_load,0.323965
9710100,h25_load,0.324601
9711000,h25_load,0.322429
9711900,h25_load,0.321211
9712800,h25_load,0.318999
9713700,h25_load,0.318562
9714600,h25_load,0.322402
9715500,h25_load,0.326137
9716400,h25_load,0.333276
9717300,h25_load,0.344242
9718200,h25_load,0.352122
9719100,h25_load,0.358506
9720000,h25_load,0.362082
9720900,h25_load,0.363036
9721800,h25_load,0.360559
9722700,h25_load,0.358413
9723600,h25_load,0.356255
9724500,h25_load,0.355023
9725400,h25_load,0.351394
9726300,h25_load,0.344706
9727200,h25_load,0.340070
9728100,h25_load,0.337567
9729000,h25_load,0.333938
9729900,h25_load,0.334508
9730800,h25_load,0.338865
9731700,h25_load,0.339064
9732600,h25_load,0.340891
9733500,h25_load,0.345103
9734400,h25_load,0.354387
9735300,h25_load,0.361565
9736200,h25_load,0.371353
9737100,h25_load,0.382955
9738000,h25_load,0.401629
9738900,h25_load,0.417734
9739800,h25_load,0.436594
9740700,h25_load,0.457056
9741600,h25_load,0.476008
9742500,h25_load,0.492418
9743400,h25_load,0.506761
9744300,h25_load,0.519091
9745200,h25_load,0.525978
9746100,h25_load,0.532773
9747000,h25_load,0.537368
9747900,h25_load,0.536666
9748800,h25_load,0.543236
9749700,h25_load,0.546692
9750600,h25_load,0.546480
9751500,h25_load,0.542017
9752400,h25_load,0.533832
9753300,h25_load,0.518734
9754200,h25_load,0.500285
9755100,h25_load,0.490418
9756000,h25_load,0.476472
9756900,h25_load,0.447043
9757800,h25_load,0.423773
9758700,h25_load,0.397801
9759600,h25_load,0.373300
9760500,h25_load,0.349076
9761400,h25_load,0.328588
9762300,h25_load,0.307927
9763200,h25_load,0.280159
9764100,h25_load,0.262942
9765000,h25_load,0.253416
9765900,h25_load,0.242096
9766800,h25_load,0.232967
9767700,h25_load,0.225117
9768600,h25_load,0.218520
9769500,h25_load,0.213150
9770400,h25_load,0.211396
9771300,h25_load,0.209958
9772200,h25_load,0.208810
9773100,h25_load,0.207847
9774000,h25_load,0.209720
9774900,h25_load,0.208981
9775800,h25_load,0.210037
9776700,h25_load,0.211158
9777600,h25_load,0.216647
9778500,h25_load,0.220552
9779400,h25_load,0.226462
9780300,h25_load,0.237545
9781200,h25_load,0.251754
9782100,h25_load,0.260066
9783000,h25_load,0.273364
9783900,h25_load,0.286597
9784800,h25_load,0.311546
9785700,h25_load,0.329119
9786600,h25_load,0.340056
9787500,h25_load,0.348711
9788400,h25_load,0.355321
9789300,h25_load,0.355083
9790200,h25_load,0.351165
9791100,h25_load,0.343830
9792000,h25_load,0.338222
9792900,h25_load,0.334027
9793800,h25_load,0.327615
9794700,h25_load,0.323116
9795600,h25_load,0.322720
9796500,h25_load,0.323354
9797400,h25_load,0.321190
9798300,h25_load,0.319976
9799200,h25_load,0.317773
9800100,h25_load,0.317338
9801000,h25_load,0.321164
9801900,h25_load,0.324884
9802800,h25_load,0.331995
9803700,h25_load,0.342919
9804600,h25_load,0.350769
9805500,h25_load,0.357128
9806400,h25_load,0.360691
9807300,h25_load,0.361641
9808200,h25_load,0.359173
9809100,h25_load,0.357036
9810000,h25_load,0.354886
9810900,h25_load,0.353659
9811800,h25_load,0.350044
9812700,h25_load,0.343381
9813600,h25_load,0.338763
9814500,h25_load,0.336270
9815400,h25_load,0.332655
9816300,h25_load,0.333222
9817200,h25_load,0.337563
9818100,h25_load,0.337761
9819000,h25_load,0.339581
9819900,h25_load,0.343777
9820800,h25_load,0.353025
9821700,h25_load,0.360176
9822600,h25_load,0.369926
9823500,h25_load,0.381483
9824400,h25_load,0.400086
9825300,h25_load,0.416129
9826200,h25_load,0.434916
9827100,h25_load,0.455299
9828000,h25_load,0.474179
9828900,h25_load,0.490525
9829800,h25_load,0.504814
9830700,h25_load,0.517097
9831600,h25_load,0.523957
9832500,h25_load,0.530725
9833400,h25_load,0.535303
9834300,h25_load,0.534604
9835200,h25_load,0.541148
9836100,h25_load,0.544591
9837000,h25_load,0.544380
9837900,h25_load,0.539934
9838800,h25_load,0.531781
9839700,h25_load,0.516740
9840600,h25_load,0.498362
9841500,h25_load,0.488533
9842400,h25_load,0.474641
9843300,h25_load,0.445325
9844200,h25_load,0.422145
9845100,h25_load,0.396273
9846000,h25_load,0.371865
9846900,h25_load,0.347735
9847800,h25_load,0.327325
9848700,h25_load,0.306743
9849600,h25_load,0.279083
9850500,h25_load,0.261932
9851400,h25_load,0.252443
9852300,h25_load,0.241167
9853200,h25_load,0.232072
9854100,h25_load,0.224252
9855000,h25_load,0.217681
9855900,h25_load,0.212332
9856800,h25_load,0.210584
9857700,h25_load,0.209151
9858600,h25_load,0.208008
9859500,h25_load,0.207049
9860400,h25_load,0.208915
9861300,h25_load,0.208179
9862200,h25_load,0.209230
9863100,h25_load,0.210347
9864000,h25_load,0.215815
9864900,h25_load,0.219705
9865800,h25_load,0.225593
9866700,h25_load,0.236633
9867600,h25_load,0.250787
9868500,h25_load,0.259067
9869400,h25_load,0.272315
9870300,h25_load,0.285497
9871200,h25_load,0.310349
9872100,h25_load,0.327855
9873000,h25_load,0.338751
9873900,h25_load,0.347372
9874800,h25_load,0.353957
9875700,h25_load,0.353720
9876600,h25_load,0.349817
9877500,h25_load,0.342509
9878400,h25_load,0.336924
9879300,h25_load,0.332744
9880200,h25_load,0.326357
9881100,h25_load,0.321875
9882000,h25_load,0.321481
9882900,h25_load,0.322112
9883800,h25_load,0.319957
9884700,h25_load,0.318748
9885600,h25_load,0.316553
9886500,h25_load,0.316119
9887400,h25_load,0.319930
9888300,h25_load,0.323637
9889200,h25_load,0.330720
9890100,h25_load,0.341603
9891000,h25_load,0.349422
9891900,h25_load,0.355757
9892800,h25_load,0.359306
9893700,h25_load,0.360252
9894600,h25_load,0.357794
9895500,h25_load,0.355665
9896400,h25_load,0.353523
9897300,h25_load,0.352301
9898200,h25_load,0.348700
9899100,h25_load,0.342063
9900000,h25_load,0.337463
9900900,h25_load,0.334979
9901800,h25_load,0.331378
9902700,h25_load,0.331943
9903600,h25_load,0.336267
9904500,h25_load,0.336464
9905400,h25_load,0.338277
9906300,h25_load,0.342457
9907200,h25_load,0.351670
9908100,h25_load,0.358793
9909000,h25_load,0.368505
9909900,h25_load,0.380018
9910800,h25_load,0.398549
9911700,h25_load,0.414531
9912600,h25_load,0.433246
9913500,h25_load,0.453551
9914400,h25_load,0.472358
9915300,h25_load,0.488642
9916200,h25_load,0.502875
9917100,h25_load,0.515111
9918000,h25_load,0.521945
9918900,h25_load,0.528687
9919800,h25_load,0.533248
9920700,h25_load,0.532551
9921600,h25_load,0.539070
9922500,h25_load,0.542500
9923400,h25_load,0.542290
9924300,h25_load,0.537861
9925200,h25_load,0.529739
9926100,h25_load,0.514756
9927000,h25_load,0.496449
9927900,h25_load,0.486657
9928800,h25_load,0.472818
9929700,h25_load,0.443615
9930600,h25_load,0.420524
9931500,h25_load,0.394751
9932400,h25_load,0.370437
9933300,h25_load,0.346400
9934200,h25_load,0.326068
9935100,h25_load,0.305566
9936000,h25_load,0.313087
9936900,h25_load,0.293605
9937800,h25_load,0.281390
9938700,h25_load,0.267879
9939600,h25_load,0.257406
9940500,h25_load,0.247298
9941400,h25_load,0.239757
9942300,h25_load,0.232491
9943200,h25_load,0.229113
9944100,h25_load,0.225945
9945000,h25_load,0.223562
9945900,h25_load,0.221677
9946800,h25_load,0.221441
9947700,h25_load,0.220067
9948600,h25_load,0.219294
9949500,h25_load,0.219333
9950400,h25_load,0.222358
9951300,h25_load,0.222449
9952200,h25_load,0.224636
9953100,h25_load,0.230318
9954000,h25_load,0.233355
9954900,h25_load,0.234677
9955800,h25_load,0.238383
9956700,h25_load,0.244065
9957600,h25_load,0.256502
9958500,h25_load,0.266256
9959400,h25_load,0.279152
9960300,h25_load,0.298738
9961200,h25_load,0.325275
9962100,h25_load,0.348606
9963000,h25_load,0.373494
9963900,h25_load,0.394284
9964800,h25_load,0.415127
9965700,h25_load,0.433142
9966600,h25_load,0.443288
9967500,h25_load,0.453422
9968400,h25_load,0.461120
9969300,h25_load,0.469512
9970200,h25_load,0.475063
9971100,h25_load,0.477629
9972000,h25_load,0.482447
9972900,h25_load,0.486637
9973800,h25_load,0.491009
9974700,h25_load,0.495579
9975600,h25_load,0.505921
9976500,h25_load,0.517574
9977400,h25_load,0.524408
9978300,h25_load,0.527563
9979200,h25_load,0.519891
9980100,h25_load,0.513175
9981000,h25_load,0.504678
9981900,h25_load,0.498420
9982800,h25_load,0.490028
9983700,h25_load,0.481635
9984600,h25_load,0.474605
9985500,h25_load,0.468059
9986400,h25_load,0.461670
9987300,h25_load,0.459274
9988200,h25_load,0.457009
9989100,h25_load,0.454234
9990000,h25_load,0.452885
9990900,h25_load,0.449730
9991800,h25_load,0.445344
9992700,h25_load,0.442922
9993600,h25_load,0.443956
9994500,h25_load,0.446496
9995400,h25_load,0.450633
9996300,h25_load,0.454666
9997200,h25_load,0.463097
9998100,h25_load,0.471659
9999000,h25_load,0.485877
9999900,h25_load,0.495566
10000800,h25_load,0.506890
10001700,h25_load,0.515767
10002600,h25_load,0.520140
10003500,h25_load,0.523295
10004400,h25_load,0.522941
10005300,h25_load,0.522889
10006200,h25_load,0.523229
10007100,h25_load,0.517822
10008000,h25_load,0.523858
10008900,h25_load,0.526057
10009800,h25_load,0.528165
10010700,h25_load,0.526659
10011600,h25_load,0.520991
10012500,h25_load,0.508527
10013400,h25_load,0.492790
10014300,h25_load,0.485694
10015200,h25_load,0.477708
10016100,h25_load,0.455595
10017000,h25_load,0.436886
10017900,h25_load,0.416436
10018800,h25_load,0.397165
10019700,h25_load,0.377814
10020600,h25_load,0.359446
10021500,h25_load,0.338420
10022400,h25_load,0.325425
10023300,h25_load,0.305431
10024200,h25_load,0.291763
10025100,h25_load,0.278356
10026000,h25_load,0.266644
10026900,h25_load,0.256863
10027800,h25_load,0.251490
10028700,h25_load,0.243325
10029600,h25_load,0.239008
10030500,h25_load,0.235239
10031400,h25_load,0.231548
10032300,h25_load,0.228640
10033200,h25_load,0.227544
10034100,h25_load,0.226136
10035000,h25_load,0.224636
10035900,h25_load,0.223397
10036800,h25_load,0.225627
10037700,h25_load,0.225836
10038600,h25_load,0.227949
10039500,h25_load,0.233948
10040400,h25_load,0.237926
10041300,h25_load,0.238239
10042200,h25_load,0.241421
10043100,h25_load,0.245060
10044000,h25_load,0.252037
10044900,h25_load,0.258689
10045800,h25_load,0.270257
10046700,h25_load,0.284290
10047600,h25_load,0.306853
10048500,h25_load,0.328907
10049400,h25_load,0.354196
10050300,h25_load,0.380958
10051200,h25_load,0.408907
10052100,h25_load,0.435943
10053000,h25_load,0.455676
10053900,h25_load,0.473295
10054800,h25_load,0.491293
10055700,h25_load,0.508261
10056600,h25_load,0.521329
10057500,h25_load,0.532506
10058400,h25_load,0.543931
10059300,h25_load,0.554730
10060200,h25_load,0.562594
10061100,h25_load,0.572989
10062000,h25_load,0.589630
10062900,h25_load,0.607420
10063800,h25_load,0.618336
10064700,h25_load,0.615727
10065600,h25_load,0.599268
10066500,h25_load,0.581701
10067400,h25_load,0.564159
10068300,h25_load,0.546539
10069200,h25_load,0.526520
10070100,h25_load,0.510622
10071000,h25_load,0.497736
10071900,h25_load,0.484720
10072800,h25_load,0.472487
10073700,h25_load,0.463083
10074600,h25_load,0.456315
10075500,h25_load,0.447590
10076400,h25_load,0.442099
10077300,h25_load,0.436752
10078200,h25_load,0.430361
10079100,h25_load,0.425901
10080000,h25_load,0.424088
10080900,h25_load,0.424310
10081800,h25_load,0.431639
10082700,h25_load,0.438238
10083600,h25_load,0.449676
10084500,h25_load,0.463631
10085400,h25_load,0.479073
10086300,h25_load,0.495336
10087200,h25_load,0.508822
10088100,h25_load,0.517743
10089000,h25_load,0.524929
10089900,h25_load,0.529820
10090800,h25_load,0.531815
10091700,h25_load,0.533993
10092600,h25_load,0.533302
10093500,h25_load,0.530563
10094400,h25_load,0.537136
10095300,h25_load,0.537410
10096200,h25_load,0.533276
10097100,h25_load,0.528554
10098000,h25_load,0.520847
10098900,h25_load,0.506279
10099800,h25_load,0.488685
10100700,h25_load,0.480169
10101600,h25_load,0.465301
10102500,h25_load,0.437534
10103400,h25_load,0.414072
10104300,h25_load,0.389787
10105200,h25_load,0.366612
10106100,h25_load,0.344831
10107000,h25_load,0.324681
10107900,h25_load,0.304897
10108800,h25_load,0.275888
10109700,h25_load,0.258933
10110600,h25_load,0.249553
10111500,h25_load,0.238406
10112400,h25_load,0.229415
10113300,h25_load,0.221685
10114200,h25_load,0.215189
10115100,h25_load,0.209901
10116000,h25_load,0.208173
10116900,h25_load,0.206757
10117800,h25_load,0.205627
10118700,h25_load,0.204678
10119600,h25_load,0.206523
10120500,h25_load,0.205796
10121400,h25_load,0.206835
10122300,h25_load,0.207939
10123200,h25_load,0.213344
10124100,h25_load,0.217190
10125000,h25_load,0.223010
10125900,h25_load,0.233924
10126800,h25_load,0.247916
10127700,h25_load,0.256101
10128600,h25_load,0.269197
10129500,h25_load,0.282228
10130400,h25_load,0.306797
10131300,h25_load,0.324102
10132200,h25_load,0.334873
10133100,h25_load,0.343395
10134000,h25_load,0.349904
10134900,h25_load,0.349671
10135800,h25_load,0.345812
10136700,h25_load,0.338588
10137600,h25_load,0.333067
10138500,h25_load,0.328935
10139400,h25_load,0.322621
10140300,h25_load,0.318191
10141200,h25_load,0.317801
10142100,h25_load,0.318424
10143000,h25_load,0.316294
10143900,h25_load,0.315099
10144800,h25_load,0.312929
10145700,h25_load,0.312500
10146600,h25_load,0.316268
10147500,h25_load,0.319932
10148400,h25_load,0.326934
10149300,h25_load,0.337692
10150200,h25_load,0.345422
10151100,h25_load,0.351684
10152000,h25_load,0.355192
10152900,h25_load,0.356128
10153800,h25_load,0.353698
10154700,h25_load,0.351593
10155600,h25_load,0.349476
10156500,h25_load,0.348267
10157400,h25_load,0.344708
10158300,h25_load,0.338147
10159200,h25_load,0.333599
10160100,h25_load,0.331144
10161000,h25_load,0.327584
10161900,h25_load,0.328143
10162800,h25_load,0.332417
10163700,h25_load,0.332612
10164600,h25_load,0.334405
10165500,h25_load,0.338536
10166400,h25_load,0.347644
10167300,h25_load,0.354686
10168200,h25_load,0.364287
10169100,h25_load,0.375668
10170000,h25_load,0.393987
10170900,h25_load,0.409785
10171800,h25_load,0.428286
10172700,h25_load,0.448359
10173600,h25_load,0.466951
10174500,h25_load,0.483048
10175400,h25_load,0.497118
10176300,h25_load,0.509214
10177200,h25_load,0.515970
10178100,h25_load,0.522635
10179000,h25_load,0.527143
10179900,h25_load,0.526455
10180800,h25_load,0.532899
10181700,h25_load,0.536290
10182600,h25_load,0.536082
10183500,h25_load,0.531704
10184400,h25_load,0.523674
10185300,h25_load,0.508863
10186200,h25_load,0.490765
10187100,h25_load,0.481086
10188000,h25_load,0.467405
10188900,h25_load,0.438537
10189800,h25_load,0.415710
10190700,h25_load,0.390232
10191600,h25_load,0.366197
10192500,h25_load,0.342434
10193400,h25_load,0.322335
10194300,h25_load,0.302067
10195200,h25_load,0.274835
10196100,h25_load,0.257945
10197000,h25_load,0.248600
10197900,h25_load,0.237496
10198800,h25_load,0.228539
10199700,h25_load,0.220839
10200600,h25_load,0.214367
10201500,h25_load,0.209100
10202400,h25_load,0.207378
10203300,h25_load,0.205968
10204200,h25_load,0.204842
10205100,h25_load,0.203897
10206000,h25_load,0.205735
10206900,h25_load,0.205010
10207800,h25_load,0.206045
10208700,h25_load,0.207145
10209600,h25_load,0.212529
10210500,h25_load,0.216360
10211400,h25_load,0.222159
10212300,h25_load,0.233030
10213200,h25_load,0.246970
10214100,h25_load,0.255123
10215000,h25_load,0.268169
10215900,h25_load,0.281151
10216800,h25_load,0.305625
10217700,h25_load,0.322865
10218600,h25_load,0.333594
10219500,h25_load,0.342084
10220400,h25_load,0.348568
10221300,h25_load,0.348335
10222200,h25_load,0.344492
10223100,h25_load,0.337295
10224000,h25_load,0.331795
10224900,h25_load,0.327679
10225800,h25_load,0.321389
10226700,h25_load,0.316976
10227600,h25_load,0.316587
10228500,h25_load,0.317209
10229400,h25_load,0.315086
10230300,h25_load,0.313895
10231200,h25_load,0.311734
10232100,h25_load,0.311307
10233000,h25_load,0.315060
10233900,h25_load,0.318710
10234800,h25_load,0.325686
10235700,h25_load,0.336402
10236600,h25_load,0.344103
10237500,h25_load,0.350342
10238400,h25_load,0.353836
10239300,h25_load,0.354768
10240200,h25_load,0.352348
10241100,h25_load,0.350251
10242000,h25_load,0.348141
10242900,h25_load,0.346938
10243800,h25_load,0.343391
10244700,h25_load,0.336855
10245600,h25_load,0.332326
10246500,h25_load,0.329879
10247400,h25_load,0.326333
10248300,h25_load,0.326890
10249200,h25_load,0.331148
10250100,h25_load,0.331342
10251000,h25_load,0.333128
10251900,h25_load,0.337244
10252800,h25_load,0.346316
10253700,h25_load,0.353331
10254600,h25_load,0.362896
10255500,h25_load,0.374233
10256400,h25_load,0.392482
10257300,h25_load,0.408221
10258200,h25_load,0.426651
10259100,h25_load,0.446647
10260000,h25_load,0.465168
10260900,h25_load,0.481204
10261800,h25_load,0.495220
10262700,h25_load,0.507270
10263600,h25_load,0.514000
10264500,h25_load,0.520639
10265400,h25_load,0.525131
10266300,h25_load,0.524445
10267200,h25_load,0.530864
10268100,h25_load,0.534242
10269000,h25_load,0.534035
10269900,h25_load,0.529673
10270800,h25_load,0.521675
10271700,h25_load,0.506920
10272600,h25_load,0.488891
10273500,h25_load,0.479249
10274400,h25_load,0.465621
10275300,h25_load,0.436862
10276200,h25_load,0.414122
10277100,h25_load,0.388742
10278000,h25_load,0.364798
10278900,h25_load,0.341126
10279800,h25_load,0.321104
10280700,h25_load,0.300914
10281600,h25_load,0.273788
10282500,h25_load,0.256962
10283400,h25_load,0.247653
10284300,h25_load,0.236591
10285200,h25_load,0.227668
10286100,h25_load,0.219997
10287000,h25_load,0.213550
10287900,h25_load,0.208303
10288800,h25_load,0.206588
10289700,h25_load,0.205183
10290600,h25_load,0.204061
10291500,h25_load,0.203120
10292400,h25_load,0.204951
10293300,h25_load,0.204229
10294200,h25_load,0.205260
10295100,h25_load,0.206356
10296000,h25_load,0.211720
10296900,h25_load,0.215536
10297800,h25_load,0.221312
10298700,h25_load,0.232142
10299600,h25_load,0.246028
10300500,h25_load,0.254151
10301400,h25_load,0.267148
10302300,h25_load,0.280079
10303200,h25_load,0.304461
10304100,h25_load,0.321634
10305000,h25_load,0.332323
10305900,h25_load,0.340781
10306800,h25_load,0.347240
10307700,h25_load,0.347008
10308600,h25_load,0.343179
10309500,h25_load,0.336010
10310400,h25_load,0.330531
10311300,h25_load,0.326431
10312200,h25_load,0.320164
10313100,h25_load,0.315768
10314000,h25_load,0.315381
10314900,h25_load,0.316000
10315800,h25_load,0.313885
10316700,h25_load,0.312699
10317600,h25_load,0.310546
10318500,h25_load,0.310121
10319400,h25_load,0.313860
10320300,h25_load,0.317496
10321200,h25_load,0.324445
10322100,h25_load,0.335121
10323000,h25_load,0.342792
10323900,h25_load,0.349007
10324800,h25_load,0.352488
10325700,h25_load,0.353416
10326600,h25_load,0.351005
10327500,h25_load,0.348916
10328400,h25_load,0.346815
10329300,h25_load,0.345616
10330200,h25_load,0.342083
10331100,h25_load,0.335572
10332000,h25_load,0.331059
10332900,h25_load,0.328622
10333800,h25_load,0.325090
10334700,h25_load,0.325644
10335600,h25_load,0.329886
10336500,h25_load,0.330079
10337400,h25_load,0.331859
10338300,h25_load,0.335959
10339200,h25_load,0.344997
10340100,h25_load,0.351985
10341000,h25_load,0.361513
10341900,h25_load,0.372807
10342800,h25_load,0.390987
10343700,h25_load,0.406665
10344600,h25_load,0.425025
10345500,h25_load,0.444945
10346400,h25_load,0.463395
10347300,h25_load,0.479370
10348200,h25_load,0.493333
10349100,h25_load,0.505337
10350000,h25_load,0.512041
10350900,h25_load,0.518656
10351800,h25_load,0.523130
10352700,h25_load,0.522446
10353600,h25_load,0.528841
10354500,h25_load,0.532206
10355400,h25_load,0.532000
10356300,h25_load,0.527655
10357200,h25_load,0.519687
10358100,h25_load,0.504989
10359000,h25_load,0.487029
10359900,h25_load,0.477423
10360800,h25_load,0.463846
10361700,h25_load,0.435198
10362600,h25_load,0.412544
10363500,h25_load,0.387261
10364400,h25_load,0.363408
10365300,h25_load,0.339827
10366200,h25_load,0.319881
10367100,h25_load,0.299767
10368000,h25_load,0.326179
10368900,h25_load,0.309237
10369800,h25_load,0.294916
10370700,h25_load,0.282136
10371600,h25_load,0.271064
10372500,h25_load,0.260647
10373400,h25_load,0.254071
10374300,h25_load,0.245645
10375200,h25_load,0.242499
10376100,h25_load,0.238453
10377000,h25_load,0.235036
10377900,h25_load,0.232390
10378800,h25_load,0.231838
10379700,h25_load,0.229616
10380600,h25_load,0.226264
10381500,h25_load,0.224183
10382400,h25_load,0.224658
10383300,h25_load,0.223862
10384200,h25_load,0.224530
10385100,h25_load,0.227368
10386000,h25_load,0.230130
10386900,h25_load,0.226315
10387800,h25_load,0.230386
10388700,h25_load,0.234625
10389600,h25_load,0.246711
10390500,h25_load,0.254302
10391400,h25_load,0.265618
10392300,h25_load,0.279644
10393200,h25_load,0.302635
10394100,h25_load,0.323366
10395000,h25_load,0.348283
10395900,h25_load,0.372109
10396800,h25_load,0.398838
10397700,h25_load,0.422459
10398600,h25_load,0.440672
10399500,h25_load,0.457960
10400400,h25_load,0.475313
10401300,h25_load,0.490687
10402200,h25_load,0.503403
10403100,h25_load,0.514398
10404000,h25_load,0.524377
10404900,h25_load,0.534486
10405800,h25_load,0.543682
10406700,h25_load,0.553495
10407600,h25_load,0.571554
10408500,h25_load,0.590422
10409400,h25_load,0.603112
10410300,h25_load,0.601969
10411200,h25_load,0.588444
10412100,h25_load,0.575497
10413000,h25_load,0.558672
10413900,h25_load,0.543258
10414800,h25_load,0.527011
10415700,h25_load,0.514796
10416600,h25_load,0.502594
10417500,h25_load,0.489300
10418400,h25_load,0.479115
10419300,h25_load,0.472191
10420200,h25_load,0.464716
10421100,h25_load,0.459797
10422000,h25_load,0.452270
10422900,h25_load,0.447479
10423800,h25_load,0.443986
10424700,h25_load,0.439593
10425600,h25_load,0.438283
10426500,h25_load,0.440415
10427400,h25_load,0.447685
10428300,h25_load,0.454852
10429200,h25_load,0.466463
10430100,h25_load,0.479037
10431000,h25_load,0.496274
10431900,h25_load,0.511212
10432800,h25_load,0.522528
10433700,h25_load,0.532534
10434600,h25_load,0.537633
10435500,h25_load,0.541987
10436400,h25_load,0.542642
10437300,h25_load,0.540009
10438200,h25_load,0.537312
10439100,h25_load,0.533381
10440000,h25_load,0.530877
10440900,h25_load,0.523979
10441800,h25_load,0.515322
10442700,h25_load,0.510120
10443600,h25_load,0.505150
10444500,h25_load,0.496634
10445400,h25_load,0.487116
10446300,h25_load,0.483417
10447200,h25_load,0.470316
10448100,h25_load,0.441841
10449000,h25_load,0.420044
10449900,h25_load,0.394844
10450800,h25_load,0.369964
10451700,h25_load,0.346973
10452600,h25_load,0.326089
10453500,h25_load,0.306694
10454400,h25_load,0.284226
10455300,h25_load,0.267349
10456200,h25_load,0.257177
10457100,h25_load,0.246556
10458000,h25_load,0.237920
10458900,h25_load,0.229436
10459800,h25_load,0.222885
10460700,h25_load,0.217396
10461600,h25_load,0.215707
10462500,h25_load,0.213736
10463400,h25_load,0.212981
10464300,h25_load,0.212546
10465200,h25_load,0.214235
10466100,h25_load,0.212764
10467000,h25_load,0.212073
10467900,h25_load,0.211676
10468800,h25_load,0.216781
10469700,h25_load,0.219916
10470600,h25_load,0.224817
10471500,h25_load,0.233083
10472400,h25_load,0.244266
10473300,h25_load,0.248463
10474200,h25_load,0.261924
10475100,h25_load,0.273811
10476000,h25_load,0.300925
10476900,h25_load,0.320143
10477800,h25_load,0.332158
10478700,h25_load,0.342433
10479600,h25_load,0.350187
10480500,h25_load,0.350955
10481400,h25_load,0.348306
10482300,h25_load,0.341576
10483200,h25_load,0.336189
10484100,h25_load,0.331339
10485000,h25_load,0.325466
10485900,h25_load,0.320578
10486800,h25_load,0.320591
10487700,h25_load,0.319580
10488600,h25_load,0.318211
10489500,h25_load,0.314974
10490400,h25_load,0.314142
10491300,h25_load,0.314769
10492200,h25_load,0.318442
10493100,h25_load,0.326029
10494000,h25_load,0.332798
10494900,h25_load,0.343124
10495800,h25_load,0.352721
10496700,h25_load,0.358312
10497600,h25_load,0.364070
10498500,h25_load,0.364646
10499400,h25_load,0.364006
10500300,h25_load,0.363085
10501200,h25_load,0.361946
10502100,h25_load,0.360334
10503000,h25_load,0.355331
10503900,h25_load,0.350251
10504800,h25_load,0.346732
10505700,h25_load,0.344058
10506600,h25_load,0.341346
10507500,h25_load,0.342817
10508400,h25_load,0.346387
10509300,h25_load,0.346361
10510200,h25_load,0.347999
10511100,h25_load,0.351672
10512000,h25_load,0.360705
10512900,h25_load,0.368510
10513800,h25_load,0.376879
10514700,h25_load,0.390416
10515600,h25_load,0.408317
10516500,h25_load,0.425092
10517400,h25_load,0.443364
10518300,h25_load,0.462864
10519200,h25_load,0.480586
10520100,h25_load,0.496619
10521000,h25_load,0.508212
10521900,h25_load,0.519165
10522800,h25_load,0.523707
10523700,h25_load,0.526496
10524600,h25_load,0.528761
10525500,h25_load,0.526804
10526400,h25_load,0.524488
10527300,h25_load,0.519523
10528200,h25_load,0.514110
10529100,h25_load,0.509773
10530000,h25_load,0.505908
10530900,h25_load,0.498116
10531800,h25_load,0.488596
10532700,h25_load,0.486357
10533600,h25_load,0.474751
10534500,h25_load,0.447459
10535400,h25_load,0.424529
10536300,h25_load,0.397876
10537200,h25_load,0.373616
10538100,h25_load,0.349880
10539000,h25_load,0.329753
10539900,h25_load,0.310099
10540800,h25_load,0.313821
10541700,h25_load,0.294203
10542600,h25_load,0.281367
10543500,h25_load,0.267129
10544400,h25_load,0.257071
10545300,h25_load,0.246835
10546200,h25_load,0.238231
10547100,h25_load,0.230608
10548000,h25_load,0.227689
10548900,h25_load,0.224145
10549800,h25_load,0.222335
10550700,h25_load,0.220461
10551600,h25_load,0.219862
10552500,h25_load,0.218320
10553400,h25_load,0.216612
10554300,h25_load,0.215821
10555200,h25_load,0.218129
10556100,h25_load,0.218001
10557000,h25_load,0.219212
10557900,h25_load,0.222934
10558800,h25_load,0.224477
10559700,h25_load,0.222424
10560600,h25_load,0.226567
10561500,h25_load,0.233209
10562400,h25_load,0.249831
10563300,h25_load,0.260207
10564200,h25_load,0.274216
10565100,h25_load,0.292342
10566000,h25_load,0.317263
10566900,h25_load,0.338984
10567800,h25_load,0.362796
10568700,h25_load,0.381610
10569600,h25_load,0.401292
10570500,h25_load,0.416104
10571400,h25_load,0.429234
10572300,h25_load,0.441560
10573200,h25_load,0.449616
10574100,h25_load,0.459827
10575000,h25_load,0.464186
10575900,h25_load,0.467322
10576800,h25_load,0.471223
10577700,h25_load,0.477252
10578600,h25_load,0.482861
10579500,h25_load,0.490853
10580400,h25_load,0.501637
10581300,h25_load,0.513798
10582200,h25_load,0.522377
10583100,h25_load,0.525334
10584000,h25_load,0.521510
10584900,h25_load,0.515481
10585800,h25_load,0.506991
10586700,h25_load,0.500184
10587600,h25_load,0.490343
10588500,h25_load,0.485907
10589400,h25_load,0.476538
10590300,h25_load,0.471618
10591200,h25_load,0.465601
10592100,h25_load,0.463817
10593000,h25_load,0.466251
10593900,h25_load,0.462771
10594800,h25_load,0.461254
10595700,h25_load,0.458756
10596600,h25_load,0.451745
10597500,h25_load,0.448852
10598400,h25_load,0.452128
10599300,h25_load,0.455773
10600200,h25_load,0.460222
10601100,h25_load,0.462198
10602000,h25_load,0.471337
10602900,h25_load,0.480528
10603800,h25_load,0.492842
10604700,h25_load,0.503269
10605600,h25_load,0.510892
10606500,h25_load,0.519228
10607400,h25_load,0.524365
10608300,h25_load,0.525092
10609200,h25_load,0.523613
10610100,h25_load,0.521854
10611000,h25_load,0.520388
10611900,h25_load,0.517214
10612800,h25_load,0.514639
10613700,h25_load,0.508763
10614600,h25_load,0.503282
10615500,h25_load,0.501446
10616400,h25_load,0.498527
10617300,h25_load,0.491299
10618200,h25_load,0.486150
10619100,h25_load,0.483830
10620000,h25_load,0.476819
10620900,h25_load,0.459419
10621800,h25_load,0.443510
10622700,h25_load,0.423995
10623600,h25_load,0.403497
10624500,h25_load,0.383918
10625400,h25_load,0.366926
10626300,h25_load,0.347079
10627200,h25_load,0.322493
10628100,h25_load,0.305743
10629000,h25_load,0.291583
10629900,h25_load,0.278948
10630800,h25_load,0.268001
10631700,h25_load,0.257702
10632600,h25_load,0.251200
10633500,h25_load,0.242870
10634400,h25_load,0.239758
10635300,h25_load,0.235758
10636200,h25_load,0.232380
10637100,h25_load,0.229764
10638000,h25_load,0.229218
10638900,h25_load,0.227021
10639800,h25_load,0.223707
10640700,h25_load,0.221650
10641600,h25_load,0.222119
10642500,h25_load,0.221332
10643400,h25_load,0.221992
10644300,h25_load,0.224799
10645200,h25_load,0.227529
10646100,h25_load,0.223758
10647000,h25_load,0.227783
10647900,h25_load,0.231974
10648800,h25_load,0.243924
10649700,h25_load,0.251429
10650600,h25_load,0.262617
10651500,h25_load,0.276484
10652400,h25_load,0.299215
10653300,h25_load,0.319712
10654200,h25_load,0.344348
10655100,h25_load,0.367905
10656000,h25_load,0.394331
10656900,h25_load,0.417685
10657800,h25_load,0.435692
10658700,h25_load,0.452785
10659600,h25_load,0.469942
10660500,h25_load,0.485143
10661400,h25_load,0.497715
10662300,h25_load,0.508585
10663200,h25_load,0.518452
10664100,h25_load,0.528446
10665000,h25_load,0.537539
10665900,h25_load,0.547241
10666800,h25_load,0.565096
10667700,h25_load,0.583751
10668600,h25_load,0.596297
10669500,h25_load,0.595167
10670400,h25_load,0.581795
10671300,h25_load,0.568994
10672200,h25_load,0.552359
10673100,h25_load,0.537120
10674000,h25_load,0.521055
10674900,h25_load,0.508979
10675800,h25_load,0.496915
10676700,h25_load,0.483771
10677600,h25_load,0.473701
10678500,h25_load,0.466856
10679400,h25_load,0.459465
10680300,h25_load,0.454601
10681200,h25_load,0.447160
10682100,h25_load,0.442423
10683000,h25_load,0.438969
10683900,h25_load,0.434626
10684800,h25_load,0.433330
10685700,h25_load,0.435438
10686600,h25_load,0.442626
10687500,h25_load,0.449712
10688400,h25_load,0.461192
10689300,h25_load,0.473624
10690200,h25_load,0.490667
10691100,h25_load,0.505436
10692000,h25_load,0.516624
10692900,h25_load,0.526516
10693800,h25_load,0.531558
10694700,h25_load,0.535863
10695600,h25_load,0.536510
10696500,h25_load,0.533907
10697400,h25_load,0.531240
10698300,h25_load,0.527354
10699200,h25_load,0.524878
10700100,h25_load,0.518059
10701000,h25_load,0.509499
10701900,h25_load,0.504356
10702800,h25_load,0.499442
10703700,h25_load,0.491022
10704600,h25_load,0.481612
10705500,h25_load,0.477955
10706400,h25_load,0.465002
10707300,h25_load,0.436848
10708200,h25_load,0.415298
10709100,h25_load,0.390382
10710000,h25_load,0.365784
10710900,h25_load,0.343053
10711800,h25_load,0.322404
10712700,h25_load,0.303228
10713600,h25_load,0.281025
10714500,h25_load,0.264338
10715400,h25_load,0.254280
10716300,h25_load,0.243779
10717200,h25_load,0.235239
10718100,h25_load,0.226852
10719000,h25_load,0.220374
10719900,h25_load,0.214947
10720800,h25_load,0.213277
10721700,h25_load,0.211328
10722600,h25_load,0.210582
10723500,h25_load,0.210152
10724400,h25_load,0.211822
10725300,h25_load,0.210367
10726200,h25_load,0.209684
10727100,h25_load,0.209291
10728000,h25_load,0.214339
10728900,h25_load,0.217439
10729800,h25_load,0.222284
10730700,h25_load,0.230457
10731600,h25_load,0.241515
10732500,h25_load,0.245664
10733400,h25_load,0.258973
10734300,h25_load,0.270727
10735200,h25_load,0.297535
10736100,h25_load,0.316537
10737000,h25_load,0.328417
10737900,h25_load,0.338576
10738800,h25_load,0.346242
10739700,h25_load,0.347002
10740600,h25_load,0.344383
10741500,h25_load,0.337728
10742400,h25_load,0.332402
10743300,h25_load,0.327607
10744200,h25_load,0.321800
10745100,h25_load,0.316967
10746000,h25_load,0.316980
10746900,h25_load,0.315980
10747800,h25_load,0.314627
10748700,h25_load,0.311426
10749600,h25_load,0.310604
10750500,h25_load,0.311224
10751400,h25_load,0.314854
10752300,h25_load,0.322357
10753200,h25_load,0.329049
10754100,h25_load,0.339259
10755000,h25_load,0.348747
10755900,h25_load,0.354276
10756800,h25_load,0.359969
10757700,h25_load,0.360539
10758600,h25_load,0.359906
10759500,h25_load,0.358995
10760400,h25_load,0.357869
10761300,h25_load,0.356275
10762200,h25_load,0.351328
10763100,h25_load,0.346306
10764000,h25_load,0.342827
10764900,h25_load,0.340182
10765800,h25_load,0.337500
10766700,h25_load,0.338955
10767600,h25_load,0.342485
10768500,h25_load,0.342460
10769400,h25_load,0.344079
10770300,h25_load,0.347710
10771200,h25_load,0.356642
10772100,h25_load,0.364359
10773000,h25_load,0.372633
10773900,h25_load,0.386018
10774800,h25_load,0.403718
10775700,h25_load,0.420304
10776600,h25_load,0.438370
10777500,h25_load,0.457650
10778400,h25_load,0.475173
10779300,h25_load,0.491025
10780200,h25_load,0.502487
10781100,h25_load,0.513316
10782000,h25_load,0.517808
10782900,h25_load,0.520566
10783800,h25_load,0.522805
10784700,h25_load,0.520869
10785600,h25_load,0.518579
10786500,h25_load,0.513671
10787400,h25_load,0.508319
10788300,h25_load,0.504030
10789200,h25_load,0.500210
10790100,h25_load,0.492505
10791000,h25_load,0.483092
10791900,h25_load,0.480878
10792800,h25_load,0.469404
10793700,h25_load,0.442418
10794600,h25_load,0.419747
10795500,h25_load,0.393394
10796400,h25_load,0.369407
10797300,h25_load,0.345939
10798200,h25_load,0.326038
10799100,h25_load,0.306606
10800000,h25_load,0.279973
10800900,h25_load,0.263348
10801800,h25_load,0.253328
10802700,h25_load,0.242867
10803600,h25_load,0.234359
10804500,h25_load,0.226003
10805400,h25_load,0.219549
10806300,h25_load,0.214142
10807200,h25_load,0.212478
10808100,h25_load,0.210537
10809000,h25_load,0.209794
10809900,h25_load,0.209365
10810800,h25_load,0.211029
10811700,h25_load,0.209579
10812600,h25_load,0.208899
10813500,h25_load,0.208508
10814400,h25_load,0.213537
10815300,h25_load,0.216625
10816200,h25_load,0.221452
10817100,h25_load,0.229595
10818000,h25_load,0.240611
10818900,h25_load,0.244745
10819800,h25_load,0.258004
10820700,h25_load,0.269713
10821600,h25_load,0.296421
10822500,h25_load,0.315352
10823400,h25_load,0.327187
10824300,h25_load,0.337309
10825200,h25_load,0.344947
10826100,h25_load,0.345703
10827000,h25_load,0.343094
10827900,h25_load,0.336464
10828800,h25_load,0.331158
10829700,h25_load,0.326381
10830600,h25_load,0.320596
10831500,h25_load,0.315781
10832400,h25_load,0.315793
10833300,h25_load,0.314798
10834200,h25_load,0.313449
10835100,h25_load,0.310260
10836000,h25_load,0.309441
10836900,h25_load,0.310059
10837800,h25_load,0.313676
10838700,h25_load,0.321150
10839600,h25_load,0.327818
10840500,h25_load,0.337989
10841400,h25_load,0.347442
10842300,h25_load,0.352950
10843200,h25_load,0.358622
10844100,h25_load,0.359189
10845000,h25_load,0.358559
10845900,h25_load,0.357651
10846800,h25_load,0.356530
10847700,h25_load,0.354942
10848600,h25_load,0.350013
10849500,h25_load,0.345010
10850400,h25_load,0.341543
10851300,h25_load,0.338909
10852200,h25_load,0.336237
10853100,h25_load,0.337687
10854000,h25_load,0.341203
10854900,h25_load,0.341178
10855800,h25_load,0.342791
10856700,h25_load,0.346409
10857600,h25_load,0.355307
10858500,h25_load,0.362995
10859400,h25_load,0.371239
10860300,h25_load,0.384574
10861200,h25_load,0.402207
10862100,h25_load,0.418730
10863000,h25_load,0.436729
10863900,h25_load,0.455937
10864800,h25_load,0.473394
10865700,h25_load,0.489187
10866600,h25_load,0.500606
10867500,h25_load,0.511395
10868400,h25_load,0.515870
10869300,h25_load,0.518617
10870200,h25_load,0.520848
10871100,h25_load,0.518920
10872000,h25_load,0.516638
10872900,h25_load,0.511748
10873800,h25_load,0.506417
10874700,h25_load,0.502144
10875600,h25_load,0.498337
10876500,h25_load,0.490662
10877400,h25_load,0.481284
10878300,h25_load,0.479078
10879200,h25_load,0.467647
10880100,h25_load,0.440762
10881000,h25_load,0.418176
10881900,h25_load,0.391922
10882800,h25_load,0.368024
10883700,h25_load,0.344644
10884600,h25_load,0.324818
10885500,h25_load,0.305458
10886400,h25_load,0.278929
10887300,h25_load,0.262366
10888200,h25_load,0.252384
10889100,h25_load,0.241961
10890000,h25_load,0.233485
10890900,h25_load,0.225160
10891800,h25_load,0.218731
10892700,h25_load,0.213344
10893600,h25_load,0.211686
10894500,h25_load,0.209752
10895400,h25_load,0.209012
10896300,h25_load,0.208585
10897200,h25_load,0.210242
10898100,h25_load,0.208798
10899000,h25_load,0.208120
10899900,h25_load,0.207731
10900800,h25_load,0.212741
10901700,h25_load,0.215818
10902600,h25_load,0.220627
10903500,h25_load,0.228739
10904400,h25_load,0.239714
10905300,h25_load,0.243832
10906200,h25_load,0.257042
10907100,h25_load,0.268708
10908000,h25_load,0.295316
10908900,h25_load,0.314177
10909800,h25_load,0.325968
10910700,h25_load,0.336051
10911600,h25_load,0.343661
10912500,h25_load,0.344414
10913400,h25_load,0.341815
10914300,h25_load,0.335210
10915200,h25_load,0.329923
10916100,h25_load,0.325164
10917000,h25_load,0.319400
10917900,h25_load,0.314604
10918800,h25_load,0.314616
10919700,h25_load,0.313624
10920600,h25_load,0.312281
10921500,h25_load,0.309104
10922400,h25_load,0.308287
10923300,h25_load,0.308903
10924200,h25_load,0.312507
10925100,h25_load,0.319953
10926000,h25_load,0.326596
10926900,h25_load,0.336729
10927800,h25_load,0.346147
10928700,h25_load,0.351634
10929600,h25_load,0.357285
10930500,h25_load,0.357850
10931400,h25_load,0.357222
10932300,h25_load,0.356318
10933200,h25_load,0.355200
10934100,h25_load,0.353618
10935000,h25_load,0.348708
10935900,h25_load,0.343723
10936800,h25_load,0.340270
10937700,h25_load,0.337646
10938600,h25_load,0.334984
10939500,h25_load,0.336428
10940400,h25_load,0.339931
10941300,h25_load,0.339906
10942200,h25_load,0.341513
10943100,h25_load,0.345117
10944000,h25_load,0.353982
10944900,h25_load,0.361642
10945800,h25_load,0.369854
10946700,h25_load,0.383140
10947600,h25_load,0.400707
10948500,h25_load,0.417169
10949400,h25_load,0.435101
10950300,h25_load,0.454238
10951200,h25_load,0.471629
10952100,h25_load,0.487363
10953000,h25_load,0.498740
10953900,h25_load,0.509489
10954800,h25_load,0.513946
10955700,h25_load,0.516684
10956600,h25_load,0.518906
10957500,h25_load,0.516985
10958400,h25_load,0.514712
10959300,h25_load,0.509840
10960200,h25_load,0.504529
10961100,h25_load,0.500272
10962000,h25_load,0.496479
10962900,h25_load,0.488832
10963800,h25_load,0.479490
10964700,h25_load,0.477292
10965600,h25_load,0.465903
10966500,h25_load,0.439119
10967400,h25_load,0.416617
10968300,h25_load,0.390461
10969200,h25_load,0.366652
10970100,h25_load,0.343359
10971000,h25_load,0.323607
10971900,h25_load,0.304319
10972800,h25_load,0.277894
10973700,h25_load,0.261392
10974600,h25_load,0.251447
10975500,h25_load,0.241063
10976400,h25_load,0.232618
10977300,h25_load,0.224324
10978200,h25_load,0.217919
10979100,h25_load,0.212552
10980000,h25_load,0.210900
10980900,h25_load,0.208974
10981800,h25_load,0.208236
10982700,h25_load,0.207810
10983600,h25_load,0.209462
10984500,h25_load,0.208023
10985400,h25_load,0.207347
10986300,h25_load,0.206960
10987200,h25_load,0.211951
10988100,h25_load,0.215016
10989000,h25_load,0.219808
10989900,h25_load,0.227890
10990800,h25_load,0.238824
10991700,h25_load,0.242927
10992600,h25_load,0.256088
10993500,h25_load,0.267710
10994400,h25_load,0.294220
10995300,h25_load,0.313010
10996200,h25_load,0.324758
10997100,h25_load,0.334803
10998000,h25_load,0.342385
10998900,h25_load,0.343135
10999800,h25_load,0.340546
11000700,h25_load,0.333965
11001600,h25_load,0.328698
11002500,h25_load,0.323957
11003400,h25_load,0.318215
11004300,h25_load,0.313436
11005200,h25_load,0.313448
11006100,h25_load,0.312460
11007000,h25_load,0.311121
11007900,h25_load,0.307956
11008800,h25_load,0.307143
11009700,h25_load,0.307756
11010600,h25_load,0.311346
11011500,h25_load,0.318765
11012400,h25_load,0.325383
11013300,h25_load,0.335479
11014200,h25_load,0.344862
11015100,h25_load,0.350329
11016000,h25_load,0.355959
11016900,h25_load,0.356521
11017800,h25_load,0.355896
11018700,h25_load,0.354995
11019600,h25_load,0.353882
11020500,h25_load,0.352305
11021400,h25_load,0.347414
11022300,h25_load,0.342447
11023200,h25_load,0.339007
11024100,h25_load,0.336392
11025000,h25_load,0.333740
11025900,h25_load,0.335179
11026800,h25_load,0.338669
11027700,h25_load,0.338644
11028600,h25_load,0.340245
11029500,h25_load,0.343836
11030400,h25_load,0.352668
11031300,h25_load,0.360300
11032200,h25_load,0.368481
11033100,h25_load,0.381717
11034000,h25_load,0.399219
11034900,h25_load,0.415621
11035800,h25_load,0.433485
11036700,h25_load,0.452551
11037600,h25_load,0.469878
11038500,h25_load,0.485554
11039400,h25_load,0.496888
11040300,h25_load,0.507597
11041200,h25_load,0.512038
11042100,h25_load,0.514766
11043000,h25_load,0.516980
11043900,h25_load,0.515066
11044800,h25_load,0.512801
11045700,h25_load,0.507947
11046600,h25_load,0.502656
11047500,h25_load,0.498414
11048400,h25_load,0.494636
11049300,h25_load,0.487018
11050200,h25_load,0.477710
11051100,h25_load,0.475520
11052000,h25_load,0.464174
11052900,h25_load,0.437489
11053800,h25_load,0.415070
11054700,h25_load,0.389011
11055600,h25_load,0.365291
11056500,h25_load,0.342084
11057400,h25_load,0.322406
11058300,h25_load,0.303190
11059200,h25_load,0.276867
11060100,h25_load,0.260426
11061000,h25_load,0.250517
11061900,h25_load,0.240172
11062800,h25_load,0.231759
11063700,h25_load,0.223495
11064600,h25_load,0.217113
11065500,h25_load,0.211766
11066400,h25_load,0.210121
11067300,h25_load,0.208201
11068200,h25_load,0.207466
11069100,h25_load,0.207042
11070000,h25_load,0.208688
11070900,h25_load,0.207254
11071800,h25_load,0.206581
11072700,h25_load,0.206195
11073600,h25_load,0.211168
11074500,h25_load,0.214222
11075400,h25_load,0.218995
11076300,h25_load,0.227047
11077200,h25_load,0.237941
11078100,h25_load,0.242029
11079000,h25_load,0.255142
11079900,h25_load,0.266721
11080800,h25_load,0.293132
11081700,h25_load,0.311854
11082600,h25_load,0.323557
11083500,h25_load,0.333566
11084400,h25_load,0.341119
11085300,h25_load,0.341867
11086200,h25_load,0.339287
11087100,h25_load,0.332731
11088000,h25_load,0.327484
11088900,h25_load,0.322760
11089800,h25_load,0.317039
11090700,h25_load,0.312277
11091600,h25_load,0.312290
11092500,h25_load,0.311305
11093400,h25_load,0.309971
11094300,h25_load,0.306818
11095200,h25_load,0.306008
11096100,h25_load,0.306619
11097000,h25_load,0.310196
11097900,h25_load,0.317587
11098800,h25_load,0.324181
11099700,h25_load,0.334239
11100600,h25_load,0.343587
11101500,h25_load,0.349034
11102400,h25_load,0.354643
11103300,h25_load,0.355204
11104200,h25_load,0.354581
11105100,h25_load,0.353683
11106000,h25_load,0.352574
11106900,h25_load,0.351003
11107800,h25_load,0.346130
11108700,h25_load,0.341182
11109600,h25_load,0.337754
11110500,h25_load,0.335149
11111400,h25_load,0.332507
11112300,h25_load,0.333940
11113200,h25_load,0.337418
11114100,h25_load,0.337393
11115000,h25_load,0.338988
11115900,h25_load,0.342565
11116800,h25_load,0.351365
11117700,h25_load,0.358968
11118600,h25_load,0.367120
11119500,h25_load,0.380307
11120400,h25_load,0.397744
11121300,h25_load,0.414085
11122200,h25_load,0.431883
11123100,h25_load,0.450879
11124000,h25_load,0.468142
11124900,h25_load,0.483759
11125800,h25_load,0.495052
11126700,h25_load,0.505721
11127600,h25_load,0.510146
11128500,h25_load,0.512863
11129400,h25_load,0.515069
11130300,h25_load,0.513162
11131200,h25_load,0.510906
11132100,h25_load,0.506070
11133000,h25_load,0.500798
11133900,h25_load,0.496573
11134800,h25_load,0.492808
11135700,h25_load,0.485218
11136600,h25_load,0.475944
11137500,h25_load,0.473763
11138400,h25_load,0.462458
11139300,h25_load,0.435872
11140200,h25_load,0.413536
11141100,h25_load,0.387573
11142000,h25_load,0.363941
11142900,h25_load,0.340820
11143800,h25_load,0.321214
11144700,h25_load,0.302069
11145600,h25_load,0.305727
11146500,h25_load,0.286615
11147400,h25_load,0.274110
11148300,h25_load,0.260238
11149200,h25_load,0.250440
11150100,h25_load,0.240469
11151000,h25_load,0.232086
11151900,h25_load,0.224660
11152800,h25_load,0.221816
11153700,h25_load,0.218364
11154600,h25_load,0.216600
11155500,h25_load,0.214775
11156400,h25_load,0.214191
11157300,h25_load,0.212689
11158200,h25_load,0.211025
11159100,h25_load,0.210255
11160000,h25_load,0.212502
11160900,h25_load,0.212378
11161800,h25_load,0.213558
11162700,h25_load,0.217184
11163600,h25_load,0.218687
11164500,h25_load,0.216687
11165400,h25_load,0.220723
11166300,h25_load,0.227193
11167200,h25_load,0.243387
11168100,h25_load,0.253495
11169000,h25_load,0.267143
11169900,h25_load,0.284802
11170800,h25_load,0.309080
11171700,h25_load,0.330241
11172600,h25_load,0.353438
11173500,h25_load,0.371767
11174400,h25_load,0.390941
11175300,h25_load,0.405371
11176200,h25_load,0.418162
11177100,h25_load,0.430171
11178000,h25_load,0.438019
11178900,h25_load,0.447966
11179800,h25_load,0.452213
11180700,h25_load,0.455268
11181600,h25_load,0.459068
11182500,h25_load,0.464942
11183400,h25_load,0.470406
11184300,h25_load,0.478193
11185200,h25_load,0.488698
11186100,h25_load,0.500546
11187000,h25_load,0.508903
11187900,h25_load,0.511784
11188800,h25_load,0.508059
11189700,h25_load,0.502185
11190600,h25_load,0.493914
11191500,h25_load,0.487283
11192400,h25_load,0.477696
11193300,h25_load,0.473374
11194200,h25_load,0.464247
11195100,h25_load,0.459453
11196000,h25_load,0.453592
11196900,h25_load,0.451853
11197800,h25_load,0.454225
11198700,h25_load,0.450835
11199600,h25_load,0.449357
11200500,h25_load,0.446923
11201400,h25_load,0.440093
11202300,h25_load,0.437274
11203200,h25_load,0.440466
11204100,h25_load,0.444017
11205000,h25_load,0.448351
11205900,h25_load,0.450276
11206800,h25_load,0.459180
11207700,h25_load,0.468134
11208600,h25_load,0.480130
11209500,h25_load,0.490288
11210400,h25_load,0.497714
11211300,h25_load,0.505836
11212200,h25_load,0.510840
11213100,h25_load,0.511548
11214000,h25_load,0.510108
11214900,h25_load,0.508394
11215800,h25_load,0.506966
11216700,h25_load,0.503874
11217600,h25_load,0.501365
11218500,h25_load,0.495640
11219400,h25_load,0.490300
11220300,h25_load,0.488512
11221200,h25_load,0.485668
11222100,h25_load,0.478627
11223000,h25_load,0.473610
11223900,h25_load,0.471350
11224800,h25_load,0.464520
11225700,h25_load,0.447569
11226600,h25_load,0.432071
11227500,h25_load,0.413058
11228400,h25_load,0.393090
11229300,h25_load,0.374015
11230200,h25_load,0.357462
11231100,h25_load,0.338126
11232000,h25_load,0.314210
11232900,h25_load,0.297890
11233800,h25_load,0.284094
11234700,h25_load,0.271783
11235600,h25_load,0.261117
11236500,h25_load,0.251083
11237400,h25_load,0.244748
11238300,h25_load,0.236631
11239200,h25_load,0.233600
11240100,h25_load,0.229703
11241000,h25_load,0.226411
11241900,h25_load,0.223863
11242800,h25_load,0.223331
11243700,h25_load,0.221190
11244600,h25_load,0.217961
11245500,h25_load,0.215956
11246400,h25_load,0.216414
11247300,h25_load,0.215647
11248200,h25_load,0.216290
11249100,h25_load,0.219025
11250000,h25_load,0.221685
11250900,h25_load,0.218010
11251800,h25_load,0.221933
11252700,h25_load,0.226016
11253600,h25_load,0.237658
11254500,h25_load,0.244971
11255400,h25_load,0.255871
11256300,h25_load,0.269383
11257200,h25_load,0.291530
11258100,h25_load,0.311500
11259000,h25_load,0.335503
11259900,h25_load,0.358455
11260800,h25_load,0.384203
11261700,h25_load,0.406957
11262600,h25_load,0.424501
11263500,h25_load,0.441155
11264400,h25_load,0.457871
11265300,h25_load,0.472681
11266200,h25_load,0.484931
11267100,h25_load,0.495522
11268000,h25_load,0.505136
11268900,h25_load,0.514873
11269800,h25_load,0.523732
11270700,h25_load,0.533185
11271600,h25_load,0.550581
11272500,h25_load,0.568757
11273400,h25_load,0.580981
11274300,h25_load,0.579880
11275200,h25_load,0.566852
11276100,h25_load,0.554380
11277000,h25_load,0.538171
11277900,h25_load,0.523324
11278800,h25_load,0.507672
11279700,h25_load,0.495905
11280600,h25_load,0.484151
11281500,h25_load,0.471345
11282400,h25_load,0.461533
11283300,h25_load,0.454865
11284200,h25_load,0.447663
11285100,h25_load,0.442925
11286000,h25_load,0.435674
11286900,h25_load,0.431059
11287800,h25_load,0.427694
11288700,h25_load,0.423462
11289600,h25_load,0.422200
11290500,h25_load,0.424254
11291400,h25_load,0.431257
11292300,h25_load,0.438161
11293200,h25_load,0.449346
11294100,h25_load,0.461459
11295000,h25_load,0.478064
11295900,h25_load,0.492453
11296800,h25_load,0.503354
11297700,h25_load,0.512992
11298600,h25_load,0.517904
11299500,h25_load,0.522099
11300400,h25_load,0.522730
11301300,h25_load,0.520193
11302200,h25_load,0.517595
11303100,h25_load,0.513809
11304000,h25_load,0.511396
11304900,h25_load,0.504752
11305800,h25_load,0.496413
11306700,h25_load,0.491402
11307600,h25_load,0.486613
11308500,h25_load,0.478410
11309400,h25_load,0.469242
11310300,h25_load,0.465678
11311200,h25_load,0.453058
11312100,h25_load,0.425627
11313000,h25_load,0.404631
11313900,h25_load,0.380355
11314800,h25_load,0.356389
11315700,h25_load,0.334241
11316600,h25_load,0.314123
11317500,h25_load,0.295440
11318400,h25_load,0.273839
11319300,h25_load,0.257578
11320200,h25_load,0.247778
11321100,h25_load,0.237546
11322000,h25_load,0.229224
11322900,h25_load,0.221051
11323800,h25_load,0.214739
11324700,h25_load,0.209450
11325600,h25_load,0.207823
11326500,h25_load,0.205925
11327400,h25_load,0.205197
11328300,h25_load,0.204778
11329200,h25_load,0.206405
11330100,h25_load,0.204988
11331000,h25_load,0.204322
11331900,h25_load,0.203940
11332800,h25_load,0.208859
11333700,h25_load,0.211879
11334600,h25_load,0.216601
11335500,h25_load,0.224564
11336400,h25_load,0.235339
11337300,h25_load,0.239382
11338200,h25_load,0.252351
11339100,h25_load,0.263804
11340000,h25_load,0.289927
11340900,h25_load,0.308443
11341800,h25_load,0.320019
11342700,h25_load,0.329918
11343600,h25_load,0.337389
11344500,h25_load,0.338129
11345400,h25_load,0.335577
11346300,h25_load,0.329092
11347200,h25_load,0.323902
11348100,h25_load,0.319230
11349000,h25_load,0.313571
11349900,h25_load,0.308862
11350800,h25_load,0.308875
11351700,h25_load,0.307901
11352600,h25_load,0.306582
11353500,h25_load,0.303463
11354400,h25_load,0.302661
11355300,h25_load,0.303265
11356200,h25_load,0.306803
11357100,h25_load,0.314114
11358000,h25_load,0.320635
11358900,h25_load,0.330584
11359800,h25_load,0.339830
11360700,h25_load,0.345217
11361600,h25_load,0.350765
11362500,h25_load,0.351319
11363400,h25_load,0.350703
11364300,h25_load,0.349815
11365200,h25_load,0.348718
11366100,h25_load,0.347165
11367000,h25_load,0.342345
11367900,h25_load,0.337451
11368800,h25_load,0.334060
11369700,h25_load,0.331484
11370600,h25_load,0.328870
11371500,h25_load,0.330288
11372400,h25_load,0.333728
11373300,h25_load,0.333703
11374200,h25_load,0.335281
11375100,h25_load,0.338819
11376000,h25_load,0.347522
11376900,h25_load,0.355042
11377800,h25_load,0.363105
11378700,h25_load,0.376148
11379600,h25_load,0.393394
11380500,h25_load,0.409556
11381400,h25_load,0.427160
11382300,h25_load,0.445948
11383200,h25_load,0.463022
11384100,h25_load,0.478469
11385000,h25_load,0.489638
11385900,h25_load,0.500191
11386800,h25_load,0.504567
11387700,h25_load,0.507254
11388600,h25_load,0.509437
11389500,h25_load,0.507550
11390400,h25_load,0.505319
11391300,h25_load,0.500536
11392200,h25_load,0.495321
11393100,h25_load,0.491142
11394000,h25_load,0.487419
11394900,h25_load,0.479911
11395800,h25_load,0.470739
11396700,h25_load,0.468582
11397600,h25_load,0.457401
11398500,h25_load,0.431105
11399400,h25_load,0.409014
11400300,h25_load,0.383335
11401200,h25_load,0.359961
11402100,h25_load,0.337093
11403000,h25_load,0.317701
11403900,h25_load,0.298766
11404800,h25_load,0.272848
11405700,h25_load,0.256646
11406600,h25_load,0.246881
11407500,h25_load,0.236686
11408400,h25_load,0.228395
11409300,h25_load,0.220251
11410200,h25_load,0.213962
11411100,h25_load,0.208692
11412000,h25_load,0.207071
11412900,h25_load,0.205179
11413800,h25_load,0.204455
11414700,h25_load,0.204037
11415600,h25_load,0.205659
11416500,h25_load,0.204246
11417400,h25_load,0.203583
11418300,h25_load,0.203202
11419200,h25_load,0.208103
11420100,h25_load,0.211112
11421000,h25_load,0.215817
11421900,h25_load,0.223752
11422800,h25_load,0.234487
11423700,h25_load,0.238516
11424600,h25_load,0.251438
11425500,h25_load,0.262849
11426400,h25_load,0.288878
11427300,h25_load,0.307327
11428200,h25_load,0.318861
11429100,h25_load,0.328724
11430000,h25_load,0.336168
11430900,h25_load,0.336905
11431800,h25_load,0.334362
11432700,h25_load,0.327901
11433600,h25_load,0.322730
11434500,h25_load,0.318075
11435400,h25_load,0.312437
11436300,h25_load,0.307745
11437200,h25_load,0.307757
11438100,h25_load,0.306787
11439000,h25_load,0.305472
11439900,h25_load,0.302365
11440800,h25_load,0.301566
11441700,h25_load,0.302168
11442600,h25_load,0.305693
11443500,h25_load,0.312977
11444400,h25_load,0.319475
11445300,h25_load,0.329388
11446200,h25_load,0.338600
11447100,h25_load,0.343968
11448000,h25_load,0.349495
11448900,h25_load,0.350048
11449800,h25_load,0.349434
11450700,h25_load,0.348550
11451600,h25_load,0.347456
11452500,h25_load,0.345909
11453400,h25_load,0.341106
11454300,h25_load,0.336229
11455200,h25_load,0.332852
11456100,h25_load,0.330284
11457000,h25_load,0.327680
11457900,h25_load,0.329093
11458800,h25_load,0.332520
11459700,h25_load,0.332495
11460600,h25_load,0.334068
11461500,h25_load,0.337593
11462400,h25_load,0.346265
11463300,h25_load,0.353758
11464200,h25_load,0.361791
11465100,h25_load,0.374787
11466000,h25_load,0.391971
11466900,h25_load,0.408074
11467800,h25_load,0.425615
11468700,h25_load,0.444334
11469600,h25_load,0.461347
11470500,h25_load,0.476738
11471400,h25_load,0.487866
11472300,h25_load,0.498381
11473200,h25_load,0.502741
11474100,h25_load,0.505419
11475000,h25_load,0.507593
11475900,h25_load,0.505714
11476800,h25_load,0.503491
11477700,h25_load,0.498725
11478600,h25_load,0.493529
11479500,h25_load,0.489365
11480400,h25_load,0.485655
11481300,h25_load,0.478175
11482200,h25_load,0.469036
11483100,h25_load,0.466886
11484000,h25_load,0.455746
11484900,h25_load,0.429545
11485800,h25_load,0.407534
11486700,h25_load,0.381948
11487600,h25_load,0.358659
11488500,h25_load,0.335873
11489400,h25_load,0.316552
11490300,h25_load,0.297685
11491200,h25_load,0.271867
11492100,h25_load,0.255723
11493000,h25_load,0.245993
11493900,h25_load,0.235835
11494800,h25_load,0.227573
11495700,h25_load,0.219459
11496600,h25_load,0.213192
11497500,h25_load,0.207942
11498400,h25_load,0.206326
11499300,h25_load,0.204442
11500200,h25_load,0.203719
11501100,h25_load,0.203303
11502000,h25_load,0.204919
11502900,h25_load,0.203511
11503800,h25_load,0.202850
11504700,h25_load,0.202471
11505600,h25_load,0.207354
11506500,h25_load,0.210353
11507400,h25_load,0.215041
11508300,h25_load,0.222947
11509200,h25_load,0.233644
11510100,h25_load,0.237658
11511000,h25_load,0.250534
11511900,h25_load,0.261904
11512800,h25_load,0.287839
11513700,h25_load,0.306222
11514600,h25_load,0.317714
11515500,h25_load,0.327542
11516400,h25_load,0.334959
11517300,h25_load,0.335693
11518200,h25_load,0.333160
11519100,h25_load,0.326722
11520000,h25_load,0.321569
11520900,h25_load,0.316931
11521800,h25_load,0.311313
11522700,h25_load,0.306638
11523600,h25_load,0.306650
11524500,h25_load,0.305683
11525400,h25_load,0.304374
11526300,h25_load,0.301277
11527200,h25_load,0.300482
11528100,h25_load,0.301081
11529000,h25_load,0.304594
11529900,h25_load,0.311852
11530800,h25_load,0.318326
11531700,h25_load,0.328203
11532600,h25_load,0.337382
11533500,h25_load,0.342731
11534400,h25_load,0.348238
11535300,h25_load,0.348789
11536200,h25_load,0.348177
11537100,h25_load,0.347296
11538000,h25_load,0.346207
11538900,h25_load,0.344665
11539800,h25_load,0.339879
11540700,h25_load,0.335020
11541600,h25_load,0.331654
11542500,h25_load,0.329096
11543400,h25_load,0.326502
11544300,h25_load,0.327909
11545200,h25_load,0.331324
11546100,h25_load,0.331300
11547000,h25_load,0.332866
11547900,h25_load,0.336379
11548800,h25_load,0.345020
11549700,h25_load,0.352485
11550600,h25_load,0.360490
11551500,h25_load,0.373439
11552400,h25_load,0.390561
11553300,h25_load,0.406607
11554200,h25_load,0.424084
11555100,h25_load,0.442736
11556000,h25_load,0.459687
11556900,h25_load,0.475023
11557800,h25_load,0.486112
11558700,h25_load,0.496588
11559600,h25_load,0.500933
11560500,h25_load,0.503601
11561400,h25_load,0.505768
11562300,h25_load,0.503895
11563200,h25_load,0.501680
11564100,h25_load,0.496931
11565000,h25_load,0.491754
11565900,h25_load,0.487605
11566800,h25_load,0.483909
11567700,h25_load,0.476455
11568600,h25_load,0.467349
11569500,h25_load,0.465207
11570400,h25_load,0.454106
11571300,h25_load,0.428000
11572200,h25_load,0.406068
11573100,h25_load,0.380574
11574000,h25_load,0.357369
11574900,h25_load,0.334665
11575800,h25_load,0.315413
11576700,h25_load,0.296614
11577600,h25_load,0.270895
11578500,h25_load,0.254809
11579400,h25_load,0.245114
11580300,h25_load,0.234992
11581200,h25_load,0.226760
11582100,h25_load,0.218675
11583000,h25_load,0.212431
11583900,h25_load,0.207199
11584800,h25_load,0.205589
11585700,h25_load,0.203711
11586600,h25_load,0.202991
11587500,h25_load,0.202577
11588400,h25_load,0.204187
11589300,h25_load,0.202784
11590200,h25_load,0.202125
11591100,h25_load,0.201747
11592000,h25_load,0.206613
11592900,h25_load,0.209601
11593800,h25_load,0.214272
11594700,h25_load,0.222150
11595600,h25_load,0.232809
11596500,h25_load,0.236809
11597400,h25_load,0.249639
11598300,h25_load,0.260968
11599200,h25_load,0.286810
11600100,h25_load,0.305127
11601000,h25_load,0.316579
11601900,h25_load,0.326372
11602800,h25_load,0.333762
11603700,h25_load,0.334494
11604600,h25_load,0.331969
11605500,h25_load,0.325554
11606400,h25_load,0.320420
11607300,h25_load,0.315798
11608200,h25_load,0.310201
11609100,h25_load,0.305542
11610000,h25_load,0.305554
11610900,h25_load,0.304591
11611800,h25_load,0.303286
11612700,h25_load,0.300200
11613600,h25_load,0.299408
11614500,h25_load,0.300005
11615400,h25_load,0.303505
11616300,h25_load,0.310737
11617200,h25_load,0.317188
11618100,h25_load,0.327030
11619000,h25_load,0.336177
11619900,h25_load,0.341506
11620800,h25_load,0.346994
11621700,h25_load,0.347543
11622600,h25_load,0.346933
11623500,h25_load,0.346055
11624400,h25_load,0.344969
11625300,h25_load,0.343433
11626200,h25_load,0.338664
11627100,h25_load,0.333823
11628000,h25_load,0.330469
11628900,h25_load,0.327920
11629800,h25_load,0.325335
11630700,h25_load,0.326737
11631600,h25_load,0.330140
11632500,h25_load,0.330116
11633400,h25_load,0.331677
11634300,h25_load,0.335177
11635200,h25_load,0.343787
11636100,h25_load,0.351226
11637000,h25_load,0.359201
11637900,h25_load,0.372104
11638800,h25_load,0.389165
11639700,h25_load,0.405153
11640600,h25_load,0.422568
11641500,h25_load,0.441154
11642400,h25_load,0.458045
11643300,h25_load,0.473325
11644200,h25_load,0.484374
11645100,h25_load,0.494814
11646000,h25_load,0.499143
11646900,h25_load,0.501801
11647800,h25_load,0.503960
11648700,h25_load,0.502094
11649600,h25_load,0.499887
11650500,h25_load,0.495155
11651400,h25_load,0.489996
11652300,h25_load,0.485862
11653200,h25_load,0.482179
11654100,h25_load,0.474752
11655000,h25_load,0.465679
11655900,h25_load,0.463545
11656800,h25_load,0.452484
11657700,h25_load,0.426471
11658600,h25_load,0.404617
11659500,h25_load,0.379214
11660400,h25_load,0.356092
11661300,h25_load,0.333469
11662200,h25_load,0.314286
11663100,h25_load,0.295554
11664000,h25_load,0.269933
11664900,h25_load,0.253905
11665800,h25_load,0.244244
11666700,h25_load,0.234158
11667600,h25_load,0.225955
11668500,h25_load,0.217898
11669400,h25_load,0.211676
11670300,h25_load,0.206463
11671200,h25_load,0.204859
11672100,h25_load,0.202988
11673000,h25_load,0.202271
11673900,h25_load,0.201858
11674800,h25_load,0.203462
11675700,h25_load,0.202064
11676600,h25_load,0.201408
11677500,h25_load,0.201031
11678400,h25_load,0.205880
11679300,h25_load,0.208857
11680200,h25_load,0.213511
11681100,h25_load,0.221362
11682000,h25_load,0.231983
11682900,h25_load,0.235968
11683800,h25_load,0.248752
11684700,h25_load,0.260042
11685600,h25_load,0.285792
11686500,h25_load,0.304044
11687400,h25_load,0.315455
11688300,h25_load,0.325213
11689200,h25_load,0.332577
11690100,h25_load,0.333306
11691000,h25_load,0.330791
11691900,h25_load,0.324399
11692800,h25_load,0.319283
11693700,h25_load,0.314677
11694600,h25_load,0.309099
11695500,h25_load,0.304457
11696400,h25_load,0.304469
11697300,h25_load,0.303509
11698200,h25_load,0.302209
11699100,h25_load,0.299135
11700000,h25_load,0.298345
11700900,h25_load,0.298940
11701800,h25_load,0.302428
11702700,h25_load,0.309634
11703600,h25_load,0.316063
11704500,h25_load,0.325869
11705400,h25_load,0.334983
11706300,h25_load,0.340294
11707200,h25_load,0.345762
11708100,h25_load,0.346309
11709000,h25_load,0.345701
11709900,h25_load,0.344826
11710800,h25_load,0.343745
11711700,h25_load,0.342214
11712600,h25_load,0.337462
11713500,h25_load,0.332638
11714400,h25_load,0.329296
11715300,h25_load,0.326756
11716200,h25_load,0.324180
11717100,h25_load,0.325578
11718000,h25_load,0.328968
11718900,h25_load,0.328944
11719800,h25_load,0.330499
11720700,h25_load,0.333987
11721600,h25_load,0.342566
11722500,h25_load,0.349979
11723400,h25_load,0.357926
11724300,h25_load,0.370783
11725200,h25_load,0.387784
11726100,h25_load,0.403715
11727000,h25_load,0.421068
11727900,h25_load,0.439588
11728800,h25_load,0.456419
11729700,h25_load,0.471645
11730600,h25_load,0.482655
11731500,h25_load,0.493057
11732400,h25_load,0.497371
11733300,h25_load,0.500020
11734200,h25_load,0.502171
11735100,h25_load,0.500312
11736000,h25_load,0.498112
11736900,h25_load,0.493397
11737800,h25_load,0.488257
11738700,h25_load,0.484137
11739600,h25_load,0.480467
11740500,h25_load,0.473067
11741400,h25_load,0.464026
11742300,h25_load,0.461899
11743200,h25_load,0.450877
11744100,h25_load,0.424957
11745000,h25_load,0.403181
11745900,h25_load,0.377868
11746800,h25_load,0.354828
11747700,h25_load,0.332285
11748600,h25_load,0.313170
11749500,h25_load,0.294505
11750400,h25_load,0.298117
11751300,h25_load,0.279481
11752200,h25_load,0.267287
11753100,h25_load,0.253761
11754000,h25_load,0.244206
11754900,h25_load,0.234483
11755800,h25_load,0.226309
11756700,h25_load,0.219068
11757600,h25_load,0.216295
11758500,h25_load,0.212928
11759400,h25_load,0.211209
11760300,h25_load,0.209429
11761200,h25_load,0.208860
11762100,h25_load,0.207394
11763000,h25_load,0.205772
11763900,h25_load,0.205021
11764800,h25_load,0.207213
11765700,h25_load,0.207092
11766600,h25_load,0.208242
11767500,h25_load,0.211778
11768400,h25_load,0.213243
11769300,h25_load,0.211294
11770200,h25_load,0.215229
11771100,h25_load,0.221538
11772000,h25_load,0.237328
11772900,h25_load,0.247185
11773800,h25_load,0.260493
11774700,h25_load,0.277713
11775600,h25_load,0.301386
11776500,h25_load,0.322020
11777400,h25_load,0.344640
11778300,h25_load,0.362513
11779200,h25_load,0.381210
11780100,h25_load,0.395281
11781000,h25_load,0.407753
11781900,h25_load,0.419463
11782800,h25_load,0.427116
11783700,h25_load,0.436815
11784600,h25_load,0.440957
11785500,h25_load,0.443936
11786400,h25_load,0.447641
11787300,h25_load,0.453369
11788200,h25_load,0.458697
11789100,h25_load,0.466289
11790000,h25_load,0.476534
11790900,h25_load,0.488086
11791800,h25_load,0.496235
11792700,h25_load,0.499045
11793600,h25_load,0.495412
11794500,h25_load,0.489684
11795400,h25_load,0.481620
11796300,h25_load,0.475153
11797200,h25_load,0.465805
11798100,h25_load,0.461591
11799000,h25_load,0.452691
11799900,h25_load,0.448016
11800800,h25_load,0.442301
11801700,h25_load,0.440606
11802600,h25_load,0.442918
11803500,h25_load,0.439613
11804400,h25_load,0.438172
11805300,h25_load,0.435798
11806200,h25_load,0.429138
11807100,h25_load,0.426389
11808000,h25_load,0.429501
11808900,h25_load,0.432965
11809800,h25_load,0.437191
11810700,h25_load,0.439068
11811600,h25_load,0.447750
11812500,h25_load,0.456481
11813400,h25_load,0.468178
11814300,h25_load,0.478084
11815200,h25_load,0.485325
11816100,h25_load,0.493244
11817000,h25_load,0.498124
11817900,h25_load,0.498815
11818800,h25_load,0.497410
11819700,h25_load,0.495739
11820600,h25_load,0.494346
11821500,h25_load,0.491331
11822400,h25_load,0.488885
11823300,h25_load,0.483303
11824200,h25_load,0.478096
11825100,h25_load,0.476352
11826000,h25_load,0.473579
11826900,h25_load,0.466713
11827800,h25_load,0.461821
11828700,h25_load,0.459617
11829600,h25_load,0.452957
11830500,h25_load,0.436428
11831400,h25_load,0.421316
11832300,h25_load,0.402776
11833200,h25_load,0.383305
11834100,h25_load,0.364705
11835000,h25_load,0.348564
11835900,h25_load,0.329710
11836800,h25_load,0.306437
11837700,h25_load,0.290521
11838600,h25_load,0.277067
11839500,h25_load,0.265060
11840400,h25_load,0.254659
11841300,h25_load,0.244872
11842200,h25_load,0.238694
11843100,h25_load,0.230778
11844000,h25_load,0.227822
11844900,h25_load,0.224021
11845800,h25_load,0.220811
11846700,h25_load,0.218325
11847600,h25_load,0.217806
11848500,h25_load,0.215719
11849400,h25_load,0.212569
11850300,h25_load,0.210615
11851200,h25_load,0.211061
11852100,h25_load,0.210313
11853000,h25_load,0.210940
11853900,h25_load,0.213607
11854800,h25_load,0.216202
11855700,h25_load,0.212618
11856600,h25_load,0.216443
11857500,h25_load,0.220425
11858400,h25_load,0.231780
11859300,h25_load,0.238911
11860200,h25_load,0.249542
11861100,h25_load,0.262719
11862000,h25_load,0.284319
11862900,h25_load,0.303795
11863800,h25_load,0.327204
11864700,h25_load,0.349588
11865600,h25_load,0.374699
11866500,h25_load,0.396890
11867400,h25_load,0.414001
11868300,h25_load,0.430243
11869200,h25_load,0.446545
11870100,h25_load,0.460989
11871000,h25_load,0.472936
11871900,h25_load,0.483265
11872800,h25_load,0.492641
11873700,h25_load,0.502137
11874600,h25_load,0.510777
11875500,h25_load,0.519996
11876400,h25_load,0.536962
11877300,h25_load,0.554688
11878200,h25_load,0.566610
11879100,h25_load,0.565536
11880000,h25_load,0.552830
11880900,h25_load,0.540667
11881800,h25_load,0.524859
11882700,h25_load,0.510379
11883600,h25_load,0.495114
11884500,h25_load,0.483639
11885400,h25_load,0.472175
11886300,h25_load,0.459686
11887200,h25_load,0.450117
11888100,h25_load,0.443613
11889000,h25_load,0.436590
11889900,h25_load,0.431969
11890800,h25_load,0.424897
11891700,h25_load,0.420397
11892600,h25_load,0.417114
11893500,h25_load,0.412987
11894400,h25_load,0.411757
11895300,h25_load,0.413760
11896200,h25_load,0.420590
11897100,h25_load,0.427323
11898000,h25_load,0.438231
11898900,h25_load,0.450045
11899800,h25_load,0.466238
11900700,h25_load,0.480272
11901600,h25_load,0.490903
11902500,h25_load,0.500303
11903400,h25_load,0.505094
11904300,h25_load,0.509184
11905200,h25_load,0.509800
11906100,h25_load,0.507326
11907000,h25_load,0.504792
11907900,h25_load,0.501100
11908800,h25_load,0.498747
11909700,h25_load,0.492267
11910600,h25_load,0.484134
11911500,h25_load,0.479246
11912400,h25_load,0.474577
11913300,h25_load,0.466576
11914200,h25_load,0.457635
11915100,h25_load,0.454160
11916000,h25_load,0.441851
11916900,h25_load,0.415099
11917800,h25_load,0.394622
11918700,h25_load,0.370947
11919600,h25_load,0.347573
11920500,h25_load,0.325974
11921400,h25_load,0.306353
11922300,h25_load,0.288132
11923200,h25_load,0.267110
11924100,h25_load,0.251249
11925000,h25_load,0.241689
11925900,h25_load,0.231709
11926800,h25_load,0.223592
11927700,h25_load,0.215619
11928600,h25_load,0.209462
11929500,h25_load,0.204304
11930400,h25_load,0.202716
11931300,h25_load,0.200865
11932200,h25_load,0.200155
11933100,h25_load,0.199746
11934000,h25_load,0.201334
11934900,h25_load,0.199951
11935800,h25_load,0.199301
11936700,h25_load,0.198929
11937600,h25_load,0.203727
11938500,h25_load,0.206673
11939400,h25_load,0.211278
11940300,h25_load,0.219046
11941200,h25_load,0.229556
11942100,h25_load,0.233500
11943000,h25_load,0.246151
11943900,h25_load,0.257322
11944800,h25_load,0.282803
11945700,h25_load,0.300864
11946600,h25_load,0.312155
11947500,h25_load,0.321811
11948400,h25_load,0.329099
11949300,h25_load,0.329820
11950200,h25_load,0.327331
11951100,h25_load,0.321006
11952000,h25_load,0.315943
11952900,h25_load,0.311386
11953800,h25_load,0.305866
11954700,h25_load,0.301273
11955600,h25_load,0.301285
11956500,h25_load,0.300335
11957400,h25_load,0.299048
11958300,h25_load,0.296006
11959200,h25_load,0.295224
11960100,h25_load,0.295814
11961000,h25_load,0.299265
11961900,h25_load,0.306395
11962800,h25_load,0.312757
11963700,h25_load,0.322461
11964600,h25_load,0.331479
11965500,h25_load,0.336734
11966400,h25_load,0.342146
11967300,h25_load,0.342687
11968200,h25_load,0.342085
11969100,h25_load,0.341220
11970000,h25_load,0.340149
11970900,h25_load,0.338634
11971800,h25_load,0.333933
11972700,h25_load,0.329159
11973600,h25_load,0.325852
11974500,h25_load,0.323339
11975400,h25_load,0.320789
11976300,h25_load,0.322172
11977200,h25_load,0.325527
11978100,h25_load,0.325503
11979000,h25_load,0.327042
11979900,h25_load,0.330493
11980800,h25_load,0.338983
11981700,h25_load,0.346318
11982600,h25_load,0.354183
11983500,h25_load,0.366905
11984400,h25_load,0.383728
11985300,h25_load,0.399493
11986200,h25_load,0.416664
11987100,h25_load,0.434990
11988000,h25_load,0.451645
11988900,h25_load,0.466712
11989800,h25_load,0.477607
11990700,h25_load,0.487900
11991600,h25_load,0.492169
11992500,h25_load,0.494790
11993400,h25_load,0.496919
11994300,h25_load,0.495079
11995200,h25_load,0.492902
11996100,h25_load,0.488237
11997000,h25_load,0.483150
11997900,h25_load,0.479074
11998800,h25_load,0.475442
11999700,h25_load,0.468119
12000600,h25_load,0.459172
12001500,h25_load,0.457068
12002400,h25_load,0.446161
12003300,h25_load,0.420512
12004200,h25_load,0.398963
12005100,h25_load,0.373915
12006000,h25_load,0.351116
12006900,h25_load,0.328810
12007800,h25_load,0.309895
12008700,h25_load,0.291424
12009600,h25_load,0.266190
12010500,h25_load,0.250384
12011400,h25_load,0.240857
12012300,h25_load,0.230911
12013200,h25_load,0.222822
12014100,h25_load,0.214877
12015000,h25_load,0.208741
12015900,h25_load,0.203600
12016800,h25_load,0.202018
12017700,h25_load,0.200173
12018600,h25_load,0.199466
12019500,h25_load,0.199058
12020400,h25_load,0.200640
12021300,h25_load,0.199262
12022200,h25_load,0.198615
12023100,h25_load,0.198243
12024000,h25_load,0.203025
12024900,h25_load,0.205961
12025800,h25_load,0.210551
12026700,h25_load,0.218292
12027600,h25_load,0.228765
12028500,h25_load,0.232696
12029400,h25_load,0.245303
12030300,h25_load,0.256435
12031200,h25_load,0.281829
12032100,h25_load,0.299828
12033000,h25_load,0.311080
12033900,h25_load,0.320703
12034800,h25_load,0.327965
12035700,h25_load,0.328684
12036600,h25_load,0.326203
12037500,h25_load,0.319900
12038400,h25_load,0.314855
12039300,h25_load,0.310313
12040200,h25_load,0.304813
12041100,h25_load,0.300235
12042000,h25_load,0.300247
12042900,h25_load,0.299300
12043800,h25_load,0.298018
12044700,h25_load,0.294986
12045600,h25_load,0.294207
12046500,h25_load,0.294795
12047400,h25_load,0.298234
12048300,h25_load,0.305340
12049200,h25_load,0.311679
12050100,h25_load,0.321350
12051000,h25_load,0.330338
12051900,h25_load,0.335575
12052800,h25_load,0.340967
12053700,h25_load,0.341506
12054600,h25_load,0.340907
12055500,h25_load,0.340044
12056400,h25_load,0.338978
12057300,h25_load,0.337468
12058200,h25_load,0.332782
12059100,h25_load,0.328025
12060000,h25_load,0.324730
12060900,h25_load,0.322225
12061800,h25_load,0.319684
12062700,h25_load,0.321063
12063600,h25_load,0.324406
12064500,h25_load,0.324382
12065400,h25_load,0.325916
12066300,h25_load,0.329355
12067200,h25_load,0.337816
12068100,h25_load,0.345125
12069000,h25_load,0.352963
12069900,h25_load,0.365641
12070800,h25_load,0.382406
12071700,h25_load,0.398117
12072600,h25_load,0.415229
12073500,h25_load,0.433492
12074400,h25_load,0.450089
12075300,h25_load,0.465105
12076200,h25_load,0.475962
12077100,h25_load,0.486219
12078000,h25_load,0.490474
12078900,h25_load,0.493086
12079800,h25_load,0.495207
12080700,h25_load,0.493374
12081600,h25_load,0.491205
12082500,h25_load,0.486555
12083400,h25_load,0.481486
12084300,h25_load,0.477424
12085200,h25_load,0.473805
12086100,h25_load,0.466507
12087000,h25_load,0.457591
12087900,h25_load,0.455494
12088800,h25_load,0.444625
12089700,h25_load,0.419064
12090600,h25_load,0.397589
12091500,h25_load,0.372628
12092400,h25_load,0.349907
12093300,h25_load,0.327677
12094200,h25_load,0.308827
12095100,h25_load,0.290421
12096000,h25_load,0.265281
12096900,h25_load,0.249529
12097800,h25_load,0.240034
12098700,h25_load,0.230122
12099600,h25_load,0.222061
12100500,h25_load,0.214143
12101400,h25_load,0.208028
12102300,h25_load,0.202905
12103200,h25_load,0.201328
12104100,h25_load,0.199489
12105000,h25_load,0.198785
12105900,h25_load,0.198378
12106800,h25_load,0.199955
12107700,h25_load,0.198582
12108600,h25_load,0.197937
12109500,h25_load,0.197566
12110400,h25_load,0.202331
12111300,h25_load,0.205257
12112200,h25_load,0.209831
12113100,h25_load,0.217546
12114000,h25_load,0.227984
12114900,h25_load,0.231901
12115800,h25_load,0.244465
12116700,h25_load,0.255560
12117600,h25_load,0.280866
12118500,h25_load,0.298804
12119400,h25_load,0.310018
12120300,h25_load,0.319608
12121200,h25_load,0.326845
12122100,h25_load,0.327562
12123000,h25_load,0.325089
12123900,h25_load,0.318808
12124800,h25_load,0.313780
12125700,h25_load,0.309254
12126600,h25_load,0.303772
12127500,h25_load,0.299210
12128400,h25_load,0.299222
12129300,h25_load,0.298278
12130200,h25_load,0.297000
12131100,h25_load,0.293979
12132000,h25_load,0.293203
12132900,h25_load,0.293788
12133800,h25_load,0.297215
12134700,h25_load,0.304297
12135600,h25_load,0.310615
12136500,h25_load,0.320253
12137400,h25_load,0.329210
12138300,h25_load,0.334429
12139200,h25_load,0.339803
12140100,h25_load,0.340340
12141000,h25_load,0.339743
12141900,h25_load,0.338883
12142800,h25_load,0.337820
12143700,h25_load,0.336315
12144600,h25_load,0.331646
12145500,h25_load,0.326905
12146400,h25_load,0.323621
12147300,h25_load,0.321125
12148200,h25_load,0.318593
12149100,h25_load,0.319966
12150000,h25_load,0.323298
12150900,h25_load,0.323274
12151800,h25_load,0.324803
12152700,h25_load,0.328230
12153600,h25_load,0.336662
12154500,h25_load,0.343947
12155400,h25_load,0.351757
12156300,h25_load,0.364393
12157200,h25_load,0.381100
12158100,h25_load,0.396757
12159000,h25_load,0.413811
12159900,h25_load,0.432012
12160800,h25_load,0.448552
12161700,h25_load,0.463516
12162600,h25_load,0.474336
12163500,h25_load,0.484559
12164400,h25_load,0.488799
12165300,h25_load,0.491402
12166200,h25_load,0.493516
12167100,h25_load,0.491689
12168000,h25_load,0.489527
12168900,h25_load,0.484893
12169800,h25_load,0.479842
12170700,h25_load,0.475793
12171600,h25_load,0.472186
12172500,h25_load,0.464913
12173400,h25_load,0.456028
12174300,h25_load,0.453938
12175200,h25_load,0.443106
12176100,h25_load,0.417633
12177000,h25_load,0.396231
12177900,h25_load,0.371355
12178800,h25_load,0.348712
12179700,h25_load,0.326558
12180600,h25_load,0.307773
12181500,h25_load,0.289429
12182400,h25_load,0.264383
12183300,h25_load,0.248684
12184200,h25_load,0.239222
12185100,h25_load,0.229343
12186000,h25_load,0.221309
12186900,h25_load,0.213418
12187800,h25_load,0.207324
12188700,h25_load,0.202218
12189600,h25_load,0.200647
12190500,h25_load,0.198814
12191400,h25_load,0.198112
12192300,h25_load,0.197707
12193200,h25_load,0.199278
12194100,h25_load,0.197909
12195000,h25_load,0.197267
12195900,h25_load,0.196898
12196800,h25_load,0.201647
12197700,h25_load,0.204563
12198600,h25_load,0.209121
12199500,h25_load,0.216810
12200400,h25_load,0.227212
12201300,h25_load,0.231116
12202200,h25_load,0.243637
12203100,h25_load,0.254695
12204000,h25_load,0.279915
12204900,h25_load,0.297792
12205800,h25_load,0.308968
12206700,h25_load,0.318526
12207600,h25_load,0.325739
12208500,h25_load,0.326453
12209400,h25_load,0.323989
12210300,h25_load,0.317728
12211200,h25_load,0.312718
12212100,h25_load,0.308207
12213000,h25_load,0.302744
12213900,h25_load,0.298197
12214800,h25_load,0.298209
12215700,h25_load,0.297269
12216600,h25_load,0.295995
12217500,h25_load,0.292984
12218400,h25_load,0.292210
12219300,h25_load,0.292793
12220200,h25_load,0.296209
12221100,h25_load,0.303267
12222000,h25_load,0.309564
12222900,h25_load,0.319169
12223800,h25_load,0.328095
12224700,h25_load,0.333296
12225600,h25_load,0.338652
12226500,h25_load,0.339188
12227400,h25_load,0.338593
12228300,h25_load,0.337736
12229200,h25_load,0.336677
12230100,h25_load,0.335177
12231000,h25_load,0.330523
12231900,h25_load,0.325798
12232800,h25_load,0.322525
12233700,h25_load,0.320037
12234600,h25_load,0.317514
12235500,h25_load,0.318883
12236400,h25_load,0.322204
12237300,h25_load,0.322180
12238200,h25_load,0.323703
12239100,h25_load,0.327119
12240000,h25_load,0.335522
12240900,h25_load,0.342782
12241800,h25_load,0.350566
12242700,h25_load,0.363159
12243600,h25_load,0.379810
12244500,h25_load,0.395414
12245400,h25_load,0.412410
12246300,h25_load,0.430549
12247200,h25_load,0.447034
12248100,h25_load,0.461947
12249000,h25_load,0.472730
12249900,h25_load,0.482919
12250800,h25_load,0.487144
12251700,h25_load,0.489739
12252600,h25_load,0.491845
12253500,h25_load,0.490024
12254400,h25_load,0.487870
12255300,h25_load,0.483252
12256200,h25_load,0.478217
12257100,h25_load,0.474182
12258000,h25_load,0.470588
12258900,h25_load,0.463340
12259800,h25_load,0.454484
12260700,h25_load,0.452401
12261600,h25_load,0.441606
12262500,h25_load,0.416219
12263400,h25_load,0.394890
12264300,h25_load,0.370098
12265200,h25_load,0.347531
12266100,h25_load,0.325453
12267000,h25_load,0.306731
12267900,h25_load,0.288449
12268800,h25_load,0.263496
12269700,h25_load,0.247850
12270600,h25_load,0.238419
12271500,h25_load,0.228574
12272400,h25_load,0.220567
12273300,h25_load,0.212702
12274200,h25_load,0.206628
12275100,h25_load,0.201540
12276000,h25_load,0.199974
12276900,h25_load,0.198147
12277800,h25_load,0.197447
12278700,h25_load,0.197044
12279600,h25_load,0.198610
12280500,h25_load,0.197245
12281400,h25_load,0.196605
12282300,h25_load,0.196237
12283200,h25_load,0.200970
12284100,h25_load,0.203876
12285000,h25_load,0.208420
12285900,h25_load,0.216083
12286800,h25_load,0.226450
12287700,h25_load,0.230341
12288600,h25_load,0.242820
12289500,h25_load,0.253840
12290400,h25_load,0.278976
12291300,h25_load,0.296793
12292200,h25_load,0.307932
12293100,h25_load,0.317457
12294000,h25_load,0.324646
12294900,h25_load,0.325358
12295800,h25_load,0.322902
12296700,h25_load,0.316663
12297600,h25_load,0.311669
12298500,h25_load,0.307173
12299400,h25_load,0.301728
12300300,h25_load,0.297197
12301200,h25_load,0.297209
12302100,h25_load,0.296271
12303000,h25_load,0.295002
12303900,h25_load,0.292001
12304800,h25_load,0.291230
12305700,h25_load,0.291811
12306600,h25_load,0.295216
12307500,h25_load,0.302250
12308400,h25_load,0.308525
12309300,h25_load,0.318098
12310200,h25_load,0.326995
12311100,h25_load,0.332179
12312000,h25_load,0.337517
12312900,h25_load,0.338050
12313800,h25_load,0.337457
12314700,h25_load,0.336603
12315600,h25_load,0.335547
12316500,h25_load,0.334053
12317400,h25_load,0.329415
12318300,h25_load,0.324705
12319200,h25_load,0.321443
12320100,h25_load,0.318964
12321000,h25_load,0.316449
12321900,h25_load,0.317813
12322800,h25_load,0.321123
12323700,h25_load,0.321099
12324600,h25_load,0.322618
12325500,h25_load,0.326022
12326400,h25_load,0.334397
12327300,h25_load,0.341633
12328200,h25_load,0.349391
12329100,h25_load,0.361941
12330000,h25_load,0.378536
12330900,h25_load,0.394088
12331800,h25_load,0.411027
12332700,h25_load,0.429105
12333600,h25_load,0.445534
12334500,h25_load,0.460398
12335400,h25_load,0.471145
12336300,h25_load,0.481299
12337200,h25_load,0.485510
12338100,h25_load,0.488096
12339000,h25_load,0.490196
12339900,h25_load,0.488381
12340800,h25_load,0.486234
12341700,h25_load,0.481631
12342600,h25_load,0.476613
12343500,h25_load,0.472592
12344400,h25_load,0.469010
12345300,h25_load,0.461785
12346200,h25_load,0.452960
12347100,h25_load,0.450884
12348000,h25_load,0.440125
12348900,h25_load,0.414823
12349800,h25_load,0.393566
12350700,h25_load,0.368857
12351600,h25_load,0.346366
12352500,h25_load,0.324361
12353400,h25_load,0.305702
12354300,h25_load,0.287482
12355200,h25_load,0.291066
12356100,h25_load,0.272871
12357000,h25_load,0.260966
12357900,h25_load,0.247759
12358800,h25_load,0.238431
12359700,h25_load,0.228937
12360600,h25_load,0.220957
12361500,h25_load,0.213887
12362400,h25_load,0.211180
12363300,h25_load,0.207893
12364200,h25_load,0.206214
12365100,h25_load,0.204476
12366000,h25_load,0.203920
12366900,h25_load,0.202490
12367800,h25_load,0.200905
12368700,h25_load,0.200172
12369600,h25_load,0.202312
12370500,h25_load,0.202194
12371400,h25_load,0.203317
12372300,h25_load,0.206770
12373200,h25_load,0.208200
12374100,h25_load,0.206297
12375000,h25_load,0.210139
12375900,h25_load,0.216299
12376800,h25_load,0.231716
12377700,h25_load,0.241340
12378600,h25_load,0.254333
12379500,h25_load,0.271145
12380400,h25_load,0.294259
12381300,h25_load,0.314405
12382200,h25_load,0.336490
12383100,h25_load,0.353940
12384000,h25_load,0.372195
12384900,h25_load,0.385933
12385800,h25_load,0.398110
12386700,h25_load,0.409543
12387600,h25_load,0.417015
12388500,h25_load,0.426485
12389400,h25_load,0.430529
12390300,h25_load,0.433437
12391200,h25_load,0.437055
12392100,h25_load,0.442647
12393000,h25_load,0.447849
12393900,h25_load,0.455262
12394800,h25_load,0.465264
12395700,h25_load,0.476543
12396600,h25_load,0.484500
12397500,h25_load,0.487243
12398400,h25_load,0.483696
12399300,h25_load,0.478104
12400200,h25_load,0.470230
12401100,h25_load,0.463916
12402000,h25_load,0.454789
12402900,h25_load,0.450675
12403800,h25_load,0.441985
12404700,h25_load,0.437421
12405600,h25_load,0.431841
12406500,h25_load,0.430186
12407400,h25_load,0.432444
12408300,h25_load,0.429216
12409200,h25_load,0.427809
12410100,h25_load,0.425492
12411000,h25_load,0.418990
12411900,h25_load,0.416306
12412800,h25_load,0.419344
12413700,h25_load,0.422726
12414600,h25_load,0.426852
12415500,h25_load,0.428684
12416400,h25_load,0.437161
12417300,h25_load,0.445686
12418200,h25_load,0.457106
12419100,h25_load,0.466777
12420000,h25_load,0.473848
12420900,h25_load,0.481580
12421800,h25_load,0.486344
12422700,h25_load,0.487018
12423600,h25_load,0.485647
12424500,h25_load,0.484015
12425400,h25_load,0.482656
12426300,h25_load,0.479712
12427200,h25_load,0.477323
12428100,h25_load,0.471873
12429000,h25_load,0.466789
12429900,h25_load,0.465087
12430800,h25_load,0.462379
12431700,h25_load,0.455676
12432600,h25_load,0.450899
12433500,h25_load,0.448748
12434400,h25_load,0.442245
12435300,h25_load,0.426107
12436200,h25_load,0.411352
12437100,h25_load,0.393251
12438000,h25_load,0.374240
12438900,h25_load,0.356080
12439800,h25_load,0.340320
12440700,h25_load,0.321912
12441600,h25_load,0.299253
12442500,h25_load,0.283710
12443400,h25_load,0.270571
12444300,h25_load,0.258846
12445200,h25_load,0.248689
12446100,h25_load,0.239132
12447000,h25_load,0.233098
12447900,h25_load,0.225368
12448800,h25_load,0.222481
12449700,h25_load,0.218769
12450600,h25_load,0.215635
12451500,h25_load,0.213207
12452400,h25_load,0.212700
12453300,h25_load,0.210662
12454200,h25_load,0.207586
12455100,h25_load,0.205677
12456000,h25_load,0.206113
12456900,h25_load,0.205382
12457800,h25_load,0.205995
12458700,h25_load,0.208600
12459600,h25_load,0.211133
12460500,h25_load,0.207633
12461400,h25_load,0.211369
12462300,h25_load,0.215257
12463200,h25_load,0.226346
12464100,h25_load,0.233310
12465000,h25_load,0.243692
12465900,h25_load,0.256560
12466800,h25_load,0.277653
12467700,h25_load,0.296673
12468600,h25_load,0.319534
12469500,h25_load,0.341393
12470400,h25_load,0.365915
12471300,h25_load,0.387586
12472200,h25_load,0.404296
12473100,h25_load,0.420157
12474000,h25_load,0.436077
12474900,h25_load,0.450182
12475800,h25_load,0.461848
12476700,h25_load,0.471935
12477600,h25_load,0.481092
12478500,h25_load,0.490366
12479400,h25_load,0.498803
12480300,h25_load,0.507806
12481200,h25_load,0.524374
12482100,h25_load,0.541685
12483000,h25_load,0.553327
12483900,h25_load,0.552278
12484800,h25_load,0.539870
12485700,h25_load,0.527992
12486600,h25_load,0.512555
12487500,h25_load,0.498414
12488400,h25_load,0.483507
12489300,h25_load,0.472301
12490200,h25_load,0.461106
12491100,h25_load,0.448910
12492000,h25_load,0.439565
12492900,h25_load,0.433213
12493800,h25_load,0.426355
12494700,h25_load,0.421842
12495600,h25_load,0.414937
12496500,h25_load,0.410541
12497400,h25_load,0.407336
12498300,h25_load,0.403306
12499200,h25_load,0.402104
12500100,h25_load,0.404060
12501000,h25_load,0.410730
12501900,h25_load,0.417305
12502800,h25_load,0.427958
12503700,h25_load,0.439494
12504600,h25_load,0.455308
12505500,h25_load,0.469013
12506400,h25_load,0.479395
12507300,h25_load,0.488574
12508200,h25_load,0.493253
12509100,h25_load,0.497247
12510000,h25_load,0.497848
12510900,h25_load,0.495433
12511800,h25_load,0.492958
12512700,h25_load,0.489352
12513600,h25_load,0.487054
12514500,h25_load,0.480726
12515400,h25_load,0.472784
12516300,h25_load,0.468011
12517200,h25_load,0.463451
12518100,h25_load,0.455638
12519000,h25_load,0.446906
12519900,h25_load,0.443513
12520800,h25_load,0.431493
12521700,h25_load,0.405368
12522600,h25_load,0.385371
12523500,h25_load,0.362250
12524400,h25_load,0.339425
12525300,h25_load,0.318332
12526200,h25_load,0.299171
12527100,h25_load,0.281377
12528000,h25_load,0.260905
12528900,h25_load,0.245412
12529800,h25_load,0.236075
12530700,h25_load,0.226326
12531600,h25_load,0.218398
12532500,h25_load,0.210610
12533400,h25_load,0.204597
12534300,h25_load,0.199558
12535200,h25_load,0.198007
12536100,h25_load,0.196198
12537000,h25_load,0.195505
12537900,h25_load,0.195106
12538800,h25_load,0.196656
12539700,h25_load,0.195306
12540600,h25_load,0.194671
12541500,h25_load,0.194307
12542400,h25_load,0.198994
12543300,h25_load,0.201872
12544200,h25_load,0.206370
12545100,h25_load,0.213958
12546000,h25_load,0.224223
12546900,h25_load,0.228076
12547800,h25_load,0.240432
12548700,h25_load,0.251344
12549600,h25_load,0.276233
12550500,h25_load,0.293875
12551400,h25_load,0.304904
12552300,h25_load,0.314336
12553200,h25_load,0.321453
12554100,h25_load,0.322158
12555000,h25_load,0.319727
12555900,h25_load,0.313549
12556800,h25_load,0.308604
12557700,h25_load,0.304152
12558600,h25_load,0.298761
12559500,h25_load,0.294274
12560400,h25_load,0.294286
12561300,h25_load,0.293358
12562200,h25_load,0.292101
12563100,h25_load,0.289130
12564000,h25_load,0.288366
12564900,h25_load,0.288942
12565800,h25_load,0.292313
12566700,h25_load,0.299278
12567600,h25_load,0.305491
12568500,h25_load,0.314970
12569400,h25_load,0.323779
12570300,h25_load,0.328912
12571200,h25_load,0.334197
12572100,h25_load,0.334726
12573000,h25_load,0.334139
12573900,h25_load,0.333293
12574800,h25_load,0.332248
12575700,h25_load,0.330768
12576600,h25_load,0.326175
12577500,h25_load,0.321512
12578400,h25_load,0.318282
12579300,h25_load,0.315827
12580200,h25_load,0.313337
12581100,h25_load,0.314688
12582000,h25_load,0.317965
12582900,h25_load,0.317941
12583800,h25_load,0.319445
12584700,h25_load,0.322816
12585600,h25_load,0.331108
12586500,h25_load,0.338273
12587400,h25_load,0.345955
12588300,h25_load,0.358382
12589200,h25_load,0.374814
12590100,h25_load,0.390212
12591000,h25_load,0.406985
12591900,h25_load,0.424885
12592800,h25_load,0.441153
12593700,h25_load,0.455870
12594600,h25_load,0.466512
12595500,h25_load,0.476566
12596400,h25_load,0.480735
12597300,h25_load,0.483296
12598200,h25_load,0.485375
12599100,h25_load,0.483578
12600000,h25_load,0.481452
12600900,h25_load,0.476895
12601800,h25_load,0.471926
12602700,h25_load,0.467944
12603600,h25_load,0.464397
12604500,h25_load,0.457244
12605400,h25_load,0.448506
12606300,h25_load,0.446450
12607200,h25_load,0.435797
12608100,h25_load,0.410743
12609000,h25_load,0.389695
12609900,h25_load,0.365229
12610800,h25_load,0.342960
12611700,h25_load,0.321172
12612600,h25_load,0.302696
12613500,h25_load,0.284654
12614400,h25_load,0.260065
12615300,h25_load,0.244622
12616200,h25_load,0.235315
12617100,h25_load,0.225597
12618000,h25_load,0.217694
12618900,h25_load,0.209932
12619800,h25_load,0.203938
12620700,h25_load,0.198915
12621600,h25_load,0.197370
12622500,h25_load,0.195567
12623400,h25_load,0.194876
12624300,h25_load,0.194478
12625200,h25_load,0.196023
12626100,h25_load,0.194677
12627000,h25_load,0.194045
12627900,h25_load,0.193682
12628800,h25_load,0.198353
12629700,h25_load,0.201221
12630600,h25_load,0.205706
12631500,h25_load,0.213269
12632400,h25_load,0.223501
12633300,h25_load,0.227342
12634200,h25_load,0.239658
12635100,h25_load,0.250535
12636000,h25_load,0.275343
12636900,h25_load,0.292928
12637800,h25_load,0.303922
12638700,h25_load,0.313323
12639600,h25_load,0.320418
12640500,h25_load,0.321121
12641400,h25_load,0.318697
12642300,h25_load,0.312539
12643200,h25_load,0.307610
12644100,h25_load,0.303173
12645000,h25_load,0.297799
12645900,h25_load,0.293327
12646800,h25_load,0.293338
12647700,h25_load,0.292413
12648600,h25_load,0.291161
12649500,h25_load,0.288199
12650400,h25_load,0.287438
12651300,h25_load,0.288011
12652200,h25_load,0.291371
12653100,h25_load,0.298314
12654000,h25_load,0.304507
12654900,h25_load,0.313956
12655800,h25_load,0.322736
12656700,h25_load,0.327853
12657600,h25_load,0.333121
12658500,h25_load,0.333648
12659400,h25_load,0.333063
12660300,h25_load,0.332220
12661200,h25_load,0.331178
12662100,h25_load,0.329703
12663000,h25_load,0.325125
12663900,h25_load,0.320477
12664800,h25_load,0.317257
12665700,h25_load,0.314810
12666600,h25_load,0.312328
12667500,h25_load,0.313675
12668400,h25_load,0.316941
12669300,h25_load,0.316918
12670200,h25_load,0.318416
12671100,h25_load,0.321776
12672000,h25_load,0.330042
12672900,h25_load,0.337184
12673800,h25_load,0.344841
12674700,h25_load,0.357228
12675600,h25_load,0.373607
12676500,h25_load,0.388956
12677400,h25_load,0.405674
12678300,h25_load,0.423517
12679200,h25_load,0.439732
12680100,h25_load,0.454402
12681000,h25_load,0.465009
12681900,h25_load,0.475031
12682800,h25_load,0.479187
12683700,h25_load,0.481740
12684600,h25_load,0.483812
12685500,h25_load,0.482021
12686400,h25_load,0.479902
12687300,h25_load,0.475359
12688200,h25_load,0.470407
12689100,h25_load,0.466438
12690000,h25_load,0.462902
12690900,h25_load,0.455772
12691800,h25_load,0.447061
12692700,h25_load,0.445012
12693600,h25_load,0.434393
12694500,h25_load,0.409421
12695400,h25_load,0.388440
12696300,h25_load,0.364053
12697200,h25_load,0.341855
12698100,h25_load,0.320137
12699000,h25_load,0.301721
12699900,h25_load,0.283738
12700800,h25_load,0.259237
12701700,h25_load,0.243843
12702600,h25_load,0.234565
12703500,h25_load,0.224879
12704400,h25_load,0.217001
12705300,h25_load,0.209264
12706200,h25_load,0.203288
12707100,h25_load,0.198282
12708000,h25_load,0.196741
12708900,h25_load,0.194944
12709800,h25_load,0.194255
12710700,h25_load,0.193859
12711600,h25_load,0.195399
12712500,h25_load,0.194057
12713400,h25_load,0.193427
12714300,h25_load,0.193065
12715200,h25_load,0.197722
12716100,h25_load,0.200581
12717000,h25_load,0.205051
12717900,h25_load,0.212590
12718800,h25_load,0.222790
12719700,h25_load,0.226618
12720600,h25_load,0.238895
12721500,h25_load,0.249737
12722400,h25_load,0.274467
12723300,h25_load,0.291996
12724200,h25_load,0.302954
12725100,h25_load,0.312326
12726000,h25_load,0.319398
12726900,h25_load,0.320098
12727800,h25_load,0.317683
12728700,h25_load,0.311544
12729600,h25_load,0.306631
12730500,h25_load,0.302207
12731400,h25_load,0.296851
12732300,h25_load,0.292393
12733200,h25_load,0.292404
12734100,h25_load,0.291482
12735000,h25_load,0.290234
12735900,h25_load,0.287281
12736800,h25_load,0.286522
12737700,h25_load,0.287094
12738600,h25_load,0.290444
12739500,h25_load,0.297364
12740400,h25_load,0.303538
12741300,h25_load,0.312956
12742200,h25_load,0.321709
12743100,h25_load,0.326809
12744000,h25_load,0.332061
12744900,h25_load,0.332586
12745800,h25_load,0.332002
12746700,h25_load,0.331162
12747600,h25_load,0.330123
12748500,h25_load,0.328653
12749400,h25_load,0.324090
12750300,h25_load,0.319456
12751200,h25_load,0.316247
12752100,h25_load,0.313808
12753000,h25_load,0.311334
12753900,h25_load,0.312676
12754800,h25_load,0.315932
12755700,h25_load,0.315909
12756600,h25_load,0.317402
12757500,h25_load,0.320752
12758400,h25_load,0.328991
12759300,h25_load,0.336110
12760200,h25_load,0.343743
12761100,h25_load,0.356090
12762000,h25_load,0.372417
12762900,h25_load,0.387717
12763800,h25_load,0.404383
12764700,h25_load,0.422168
12765600,h25_load,0.438332
12766500,h25_load,0.452955
12767400,h25_load,0.463529
12768300,h25_load,0.473519
12769200,h25_load,0.477662
12770100,h25_load,0.480206
12771000,h25_load,0.482272
12771900,h25_load,0.480486
12772800,h25_load,0.478374
12773700,h25_load,0.473845
12774600,h25_load,0.468909
12775500,h25_load,0.464953
12776400,h25_load,0.461428
12777300,h25_load,0.454321
12778200,h25_load,0.445638
12779100,h25_load,0.443596
12780000,h25_load,0.433010
12780900,h25_load,0.408117
12781800,h25_load,0.387204
12782700,h25_load,0.362894
12783600,h25_load,0.340767
12784500,h25_load,0.319118
12785400,h25_load,0.300760
12786300,h25_load,0.282834
12787200,h25_load,0.295440
12788100,h25_load,0.280095
12789000,h25_load,0.267123
12789900,h25_load,0.255547
12790800,h25_load,0.245519
12791700,h25_load,0.236084
12792600,h25_load,0.230128
12793500,h25_load,0.222496
12794400,h25_load,0.219646
12795300,h25_load,0.215981
12796200,h25_load,0.212886
12797100,h25_load,0.210490
12798000,h25_load,0.209990
12798900,h25_load,0.207977
12799800,h25_load,0.204940
12800700,h25_load,0.203056
12801600,h25_load,0.203486
12802500,h25_load,0.202765
12803400,h25_load,0.203370
12804300,h25_load,0.205941
12805200,h25_load,0.208442
12806100,h25_load,0.204987
12807000,h25_load,0.208675
12807900,h25_load,0.212514
12808800,h25_load,0.223461
12809700,h25_load,0.230337
12810600,h25_load,0.240586
12811500,h25_load,0.253290
12812400,h25_load,0.274115
12813300,h25_load,0.292892
12814200,h25_load,0.315461
12815100,h25_load,0.337042
12816000,h25_load,0.361252
12816900,h25_load,0.382646
12817800,h25_load,0.399143
12818700,h25_load,0.414802
12819600,h25_load,0.430519
12820500,h25_load,0.444445
12821400,h25_load,0.455962
12822300,h25_load,0.465921
12823200,h25_load,0.474960
12824100,h25_load,0.484116
12825000,h25_load,0.492446
12825900,h25_load,0.501334
12826800,h25_load,0.517691
12827700,h25_load,0.534781
12828600,h25_load,0.546275
12829500,h25_load,0.545240
12830400,h25_load,0.532989
12831300,h25_load,0.521263
12832200,h25_load,0.506022
12833100,h25_load,0.492062
12834000,h25_load,0.477345
12834900,h25_load,0.466281
12835800,h25_load,0.455229
12836700,h25_load,0.443188
12837600,h25_load,0.433963
12838500,h25_load,0.427692
12839400,h25_load,0.420921
12840300,h25_load,0.416466
12841200,h25_load,0.409648
12842100,h25_load,0.405309
12843000,h25_load,0.402144
12843900,h25_load,0.398166
12844800,h25_load,0.396979
12845700,h25_load,0.398910
12846600,h25_load,0.405495
12847500,h25_load,0.411987
12848400,h25_load,0.422504
12849300,h25_load,0.433893
12850200,h25_load,0.449506
12851100,h25_load,0.463036
12852000,h25_load,0.473285
12852900,h25_load,0.482348
12853800,h25_load,0.486966
12854700,h25_load,0.490910
12855600,h25_load,0.491503
12856500,h25_load,0.489119
12857400,h25_load,0.486675
12858300,h25_load,0.483116
12859200,h25_load,0.480847
12860100,h25_load,0.474600
12861000,h25_load,0.466758
12861900,h25_load,0.462047
12862800,h25_load,0.457544
12863700,h25_load,0.449831
12864600,h25_load,0.441211
12865500,h25_load,0.437860
12866400,h25_load,0.425994
12867300,h25_load,0.400202
12868200,h25_load,0.380459
12869100,h25_load,0.357634
12870000,h25_load,0.335099
12870900,h25_load,0.314275
12871800,h25_load,0.295358
12872700,h25_load,0.277791
12873600,h25_load,0.257618
12874500,h25_load,0.242320
12875400,h25_load,0.233100
12876300,h25_load,0.223474
12877200,h25_load,0.215646
12878100,h25_load,0.207957
12879000,h25_load,0.202019
12879900,h25_load,0.197043
12880800,h25_load,0.195512
12881700,h25_load,0.193726
12882600,h25_load,0.193042
12883500,h25_load,0.192648
12884400,h25_load,0.194179
12885300,h25_load,0.192845
12886200,h25_load,0.192219
12887100,h25_load,0.191859
12888000,h25_load,0.196487
12888900,h25_load,0.199328
12889800,h25_load,0.203770
12890700,h25_load,0.211262
12891600,h25_load,0.221398
12892500,h25_load,0.225202
12893400,h25_load,0.237403
12894300,h25_load,0.248177
12895200,h25_load,0.272752
12896100,h25_load,0.290172
12897000,h25_load,0.301062
12897900,h25_load,0.310375
12898800,h25_load,0.317403
12899700,h25_load,0.318099
12900600,h25_load,0.315698
12901500,h25_load,0.309598
12902400,h25_load,0.304715
12903300,h25_load,0.300320
12904200,h25_load,0.294997
12905100,h25_load,0.290566
12906000,h25_load,0.290578
12906900,h25_load,0.289662
12907800,h25_load,0.288421
12908700,h25_load,0.285487
12909600,h25_load,0.284733
12910500,h25_load,0.285301
12911400,h25_load,0.288629
12912300,h25_load,0.295507
12913200,h25_load,0.301642
12914100,h25_load,0.311001
12915000,h25_load,0.319699
12915900,h25_load,0.324768
12916800,h25_load,0.329987
12917700,h25_load,0.330508
12918600,h25_load,0.329929
12919500,h25_load,0.329094
12920400,h25_load,0.328061
12921300,h25_load,0.326600
12922200,h25_load,0.322065
12923100,h25_load,0.317461
12924000,h25_load,0.314272
12924900,h25_load,0.311848
12925800,h25_load,0.309389
12926700,h25_load,0.310723
12927600,h25_load,0.313959
12928500,h25_load,0.313935
12929400,h25_load,0.315420
12930300,h25_load,0.318748
12931200,h25_load,0.326936
12932100,h25_load,0.334011
12933000,h25_load,0.341596
12933900,h25_load,0.353866
12934800,h25_load,0.370091
12935700,h25_load,0.385295
12936600,h25_load,0.401857
12937500,h25_load,0.419532
12938400,h25_load,0.435594
12939300,h25_load,0.450126
12940200,h25_load,0.460634
12941100,h25_load,0.470561
12942000,h25_load,0.474678
12942900,h25_load,0.477206
12943800,h25_load,0.479259
12944700,h25_load,0.477485
12945600,h25_load,0.475386
12946500,h25_load,0.470886
12947400,h25_load,0.465980
12948300,h25_load,0.462048
12949200,h25_load,0.458546
12950100,h25_load,0.451483
12951000,h25_load,0.442854
12951900,h25_load,0.440825
12952800,h25_load,0.430306
12953700,h25_load,0.405568
12954600,h25_load,0.384785
12955500,h25_load,0.360627
12956400,h25_load,0.338638
12957300,h25_load,0.317125
12958200,h25_load,0.298882
12959100,h25_load,0.281068
12960000,h25_load,0.284645
12960900,h25_load,0.266851
12961800,h25_load,0.255208
12962700,h25_load,0.242293
12963600,h25_load,0.233171
12964500,h25_load,0.223887
12965400,h25_load,0.216082
12966300,h25_load,0.209168
12967200,h25_load,0.206520
12968100,h25_load,0.203306
12969000,h25_load,0.201664
12969900,h25_load,0.199965
12970800,h25_load,0.199421
12971700,h25_load,0.198022
12972600,h25_load,0.196473
12973500,h25_load,0.195756
12974400,h25_load,0.197849
12975300,h25_load,0.197733
12976200,h25_load,0.198832
12977100,h25_load,0.202208
12978000,h25_load,0.203607
12978900,h25_load,0.201745
12979800,h25_load,0.205503
12980700,h25_load,0.211527
12981600,h25_load,0.226604
12982500,h25_load,0.236015
12983400,h25_load,0.248722
12984300,h25_load,0.265163
12985200,h25_load,0.287767
12986100,h25_load,0.307468
12987000,h25_load,0.329066
12987900,h25_load,0.346132
12988800,h25_load,0.363983
12989700,h25_load,0.377418
12990600,h25_load,0.389327
12991500,h25_load,0.400508
12992400,h25_load,0.407815
12993300,h25_load,0.417076
12994200,h25_load,0.421030
12995100,h25_load,0.423874
12996000,h25_load,0.427412
12996900,h25_load,0.432881
12997800,h25_load,0.437968
12998700,h25_load,0.445218
12999600,h25_load,0.454999
13000500,h25_load,0.466029
13001400,h25_load,0.473811
13002300,h25_load,0.476493
13003200,h25_load,0.473024
13004100,h25_load,0.467556
13005000,h25_load,0.459855
13005900,h25_load,0.453681
13006800,h25_load,0.444755
13007700,h25_load,0.440732
13008600,h25_load,0.432234
13009500,h25_load,0.427771
13010400,h25_load,0.422314
13011300,h25_load,0.420695
13012200,h25_load,0.422903
13013100,h25_load,0.419747
13014000,h25_load,0.418371
13014900,h25_load,0.416105
13015800,h25_load,0.409746
13016700,h25_load,0.407121
13017600,h25_load,0.410092
13018500,h25_load,0.413399
13019400,h25_load,0.417434
13020300,h25_load,0.419226
13021200,h25_load,0.427516
13022100,h25_load,0.435853
13023000,h25_load,0.447022
13023900,h25_load,0.456479
13024800,h25_load,0.463393
13025700,h25_load,0.470955
13026600,h25_load,0.475614
13027500,h25_load,0.476273
13028400,h25_load,0.474932
13029300,h25_load,0.473337
13030200,h25_load,0.472007
13031100,h25_load,0.469128
13032000,h25_load,0.466793
13032900,h25_load,0.461462
13033800,h25_load,0.456491
13034700,h25_load,0.454826
13035600,h25_load,0.452178
13036500,h25_load,0.445623
13037400,h25_load,0.440951
13038300,h25_load,0.438847
13039200,h25_load,0.432488
13040100,h25_load,0.416706
13041000,h25_load,0.402277
13041900,h25_load,0.384575
13042800,h25_load,0.365983
13043700,h25_load,0.348224
13044600,h25_load,0.332812
13045500,h25_load,0.314810
13046400,h25_load,0.318444
13047300,h25_load,0.302767
13048200,h25_load,0.288635
13049100,h25_load,0.277350
13050000,h25_load,0.267506
13050900,h25_load,0.257570
13051800,h25_load,0.250181
13052700,h25_load,0.242850
13053600,h25_load,0.237456
13054500,h25_load,0.232753
13055400,h25_load,0.228165
13056300,h25_load,0.224568
13057200,h25_load,0.223047
13058100,h25_load,0.219958
13059000,h25_load,0.218090
13059900,h25_load,0.216476
13060800,h25_load,0.216327
13061700,h25_load,0.214321
13062600,h25_load,0.211912
13063500,h25_load,0.209572
13064400,h25_load,0.213468
13065300,h25_load,0.210517
13066200,h25_load,0.214309
13067100,h25_load,0.217168
13068000,h25_load,0.228776
13068900,h25_load,0.234216
13069800,h25_load,0.243876
13070700,h25_load,0.253051
13071600,h25_load,0.270284
13072500,h25_load,0.286019
13073400,h25_load,0.306698
13074300,h25_load,0.324680
13075200,h25_load,0.346374
13076100,h25_load,0.367987
13077000,h25_load,0.386349
13077900,h25_load,0.402545
13078800,h25_load,0.419443
13079700,h25_load,0.434590
13080600,h25_load,0.448791
13081500,h25_load,0.459718
13082400,h25_load,0.469897
13083300,h25_load,0.480052
13084200,h25_load,0.490899
13085100,h25_load,0.504685
13086000,h25_load,0.521572
13086900,h25_load,0.540234
13087800,h25_load,0.551185
13088700,h25_load,0.552787
13089600,h25_load,0.543785
13090500,h25_load,0.533076
13091400,h25_load,0.519901
13092300,h25_load,0.506679
13093200,h25_load,0.494426
13094100,h25_load,0.482772
13095000,h25_load,0.469586
13095900,h25_load,0.460502
13096800,h25_load,0.451200
13097700,h25_load,0.446347
13098600,h25_load,0.440641
13099500,h25_load,0.435742
13100400,h25_load,0.433391
13101300,h25_load,0.428584
13102200,h25_load,0.423109
13103100,h25_load,0.421484
13104000,h25_load,0.421299
13104900,h25_load,0.423881
13105800,h25_load,0.430624
13106700,h25_load,0.438774
13107600,h25_load,0.445402
13108500,h25_load,0.456883
13109400,h25_load,0.467303
13110300,h25_load,0.483337
13111200,h25_load,0.493308
13112100,h25_load,0.499602
13113000,h25_load,0.502011
13113900,h25_load,0.504985
13114800,h25_load,0.508408
13115700,h25_load,0.506852
13116600,h25_load,0.503417
13117500,h25_load,0.502656
13118400,h25_load,0.498876
13119300,h25_load,0.490980
13120200,h25_load,0.483648
13121100,h25_load,0.476087
13122000,h25_load,0.468260
13122900,h25_load,0.456030
13123800,h25_load,0.448583
13124700,h25_load,0.448434
13125600,h25_load,0.445264
13126500,h25_load,0.426175
13127400,h25_load,0.405818
13128300,h25_load,0.384632
13129200,h25_load,0.362050
13130100,h25_load,0.338720
13131000,h25_load,0.319977
13131900,h25_load,0.301672
13132800,h25_load,0.282325
13133700,h25_load,0.267454
13134600,h25_load,0.256111
13135500,h25_load,0.245469
13136400,h25_load,0.237700
13137300,h25_load,0.229425
13138200,h25_load,0.222346
13139100,h25_load,0.217737
13140000,h25_load,0.214565
13140900,h25_load,0.212485
13141800,h25_load,0.210474
13142700,h25_load,0.209003
13143600,h25_load,0.209233
13144500,h25_load,0.208313
13145400,h25_load,0.208819
13146300,h25_load,0.208624
13147200,h25_load,0.212933
13148100,h25_load,0.214129
13149000,h25_load,0.216668
13149900,h25_load,0.218875
13150800,h25_load,0.230620
13151700,h25_load,0.234114
13152600,h25_load,0.246756
13153500,h25_load,0.256444
13154400,h25_load,0.279877
13155300,h25_load,0.295587
13156200,h25_load,0.307586
13157100,h25_load,0.315182
13158000,h25_load,0.321825
13158900,h25_load,0.323928
13159800,h25_load,0.320951
13160700,h25_load,0.314849
13161600,h25_load,0.310907
13162500,h25_load,0.309172
13163400,h25_load,0.305931
13164300,h25_load,0.303276
13165200,h25_load,0.302023
13166100,h25_load,0.301977
13167000,h25_load,0.300460
13167900,h25_load,0.298173
13168800,h25_load,0.296369
13169700,h25_load,0.298231
13170600,h25_load,0.299920
13171500,h25_load,0.306839
13172400,h25_load,0.314504
13173300,h25_load,0.323641
13174200,h25_load,0.332800
13175100,h25_load,0.338638
13176000,h25_load,0.345591
13176900,h25_load,0.347821
13177800,h25_load,0.345879
13178700,h25_load,0.344063
13179600,h25_load,0.343304
13180500,h25_load,0.340707
13181400,h25_load,0.339374
13182300,h25_load,0.335168
13183200,h25_load,0.332570
13184100,h25_load,0.329904
13185000,h25_load,0.327571
13185900,h25_load,0.329950
13186800,h25_load,0.331984
13187700,h25_load,0.332329
13188600,h25_load,0.335133
13189500,h25_load,0.339316
13190400,h25_load,0.346373
13191300,h25_load,0.353257
13192200,h25_load,0.360922
13193100,h25_load,0.373081
13194000,h25_load,0.387516
13194900,h25_load,0.402181
13195800,h25_load,0.416765
13196700,h25_load,0.433957
13197600,h25_load,0.448875
13198500,h25_load,0.462125
13199400,h25_load,0.473492
13200300,h25_load,0.481375
13201200,h25_load,0.484478
13202100,h25_load,0.485961
13203000,h25_load,0.486260
13203900,h25_load,0.485248
13204800,h25_load,0.482789
13205700,h25_load,0.477790
13206600,h25_load,0.472181
13207500,h25_load,0.465815
13208400,h25_load,0.458793
13209300,h25_load,0.447898
13210200,h25_load,0.442818
13211100,h25_load,0.444335
13212000,h25_load,0.443691
13212900,h25_load,0.428234
13213800,h25_load,0.409340
13214700,h25_load,0.387229
13215600,h25_load,0.364382
13216500,h25_load,0.342144
13217400,h25_load,0.324031
13218300,h25_load,0.306413
13219200,h25_load,0.281493
13220100,h25_load,0.266666
13221000,h25_load,0.255356
13221900,h25_load,0.244745
13222800,h25_load,0.236999
13223700,h25_load,0.228749
13224600,h25_load,0.221690
13225500,h25_load,0.217096
13226400,h25_load,0.213933
13227300,h25_load,0.211859
13228200,h25_load,0.209854
13229100,h25_load,0.208387
13230000,h25_load,0.208616
13230900,h25_load,0.207699
13231800,h25_load,0.208204
13232700,h25_load,0.208009
13233600,h25_load,0.212306
13234500,h25_load,0.213497
13235400,h25_load,0.216030
13236300,h25_load,0.218230
13237200,h25_load,0.229941
13238100,h25_load,0.233424
13239000,h25_load,0.246029
13239900,h25_load,0.255688
13240800,h25_load,0.279052
13241700,h25_load,0.294716
13242600,h25_load,0.306679
13243500,h25_load,0.314253
13244400,h25_load,0.320876
13245300,h25_load,0.322973
13246200,h25_load,0.320006
13247100,h25_load,0.313921
13248000,h25_load,0.309991
13248900,h25_load,0.308260
13249800,h25_load,0.305029
13250700,h25_load,0.302382
13251600,h25_load,0.301133
13252500,h25_load,0.301087
13253400,h25_load,0.299575
13254300,h25_load,0.297295
13255200,h25_load,0.295496
13256100,h25_load,0.297352
13257000,h25_load,0.299036
13257900,h25_load,0.305934
13258800,h25_load,0.313577
13259700,h25_load,0.322687
13260600,h25_load,0.331819
13261500,h25_load,0.337640
13262400,h25_load,0.344573
13263300,h25_load,0.346796
13264200,h25_load,0.344859
13265100,h25_load,0.343049
13266000,h25_load,0.342293
13266900,h25_load,0.339703
13267800,h25_load,0.338374
13268700,h25_load,0.334180
13269600,h25_load,0.331590
13270500,h25_load,0.328932
13271400,h25_load,0.326606
13272300,h25_load,0.328978
13273200,h25_load,0.331006
13274100,h25_load,0.331350
13275000,h25_load,0.334146
13275900,h25_load,0.338317
13276800,h25_load,0.345352
13277700,h25_load,0.352216
13278600,h25_load,0.359859
13279500,h25_load,0.371982
13280400,h25_load,0.386374
13281300,h25_load,0.400995
13282200,h25_load,0.415536
13283100,h25_load,0.432678
13284000,h25_load,0.447552
13284900,h25_load,0.460764
13285800,h25_load,0.472096
13286700,h25_load,0.479957
13287600,h25_load,0.483051
13288500,h25_load,0.484529
13289400,h25_load,0.484827
13290300,h25_load,0.483818
13291200,h25_load,0.481366
13292100,h25_load,0.476382
13293000,h25_load,0.470790
13293900,h25_load,0.464442
13294800,h25_load,0.457441
13295700,h25_load,0.446578
13296600,h25_load,0.441513
13297500,h25_load,0.443026
13298400,h25_load,0.442384
13299300,h25_load,0.426972
13300200,h25_load,0.408134
13301100,h25_load,0.386088
13302000,h25_load,0.363308
13302900,h25_load,0.341135
13303800,h25_load,0.323077
13304700,h25_load,0.305510
13305600,h25_load,0.280676
13306500,h25_load,0.265891
13307400,h25_load,0.254614
13308300,h25_load,0.244034
13309200,h25_load,0.236311
13310100,h25_load,0.228085
13311000,h25_load,0.221047
13311900,h25_load,0.216465
13312800,h25_load,0.213312
13313700,h25_load,0.211244
13314600,h25_load,0.209244
13315500,h25_load,0.207782
13316400,h25_load,0.208010
13317300,h25_load,0.207096
13318200,h25_load,0.207599
13319100,h25_load,0.207405
13320000,h25_load,0.211689
13320900,h25_load,0.212877
13321800,h25_load,0.215403
13322700,h25_load,0.217596
13323600,h25_load,0.229273
13324500,h25_load,0.232746
13325400,h25_load,0.245314
13326300,h25_load,0.254946
13327200,h25_load,0.278242
13328100,h25_load,0.293861
13329000,h25_load,0.305789
13329900,h25_load,0.313341
13330800,h25_load,0.319945
13331700,h25_load,0.322035
13332600,h25_load,0.319076
13333500,h25_load,0.313009
13334400,h25_load,0.309091
13335300,h25_load,0.307365
13336200,h25_load,0.304143
13337100,h25_load,0.301504
13338000,h25_load,0.300259
13338900,h25_load,0.300213
13339800,h25_load,0.298705
13340700,h25_load,0.296431
13341600,h25_load,0.294637
13342500,h25_load,0.296488
13343400,h25_load,0.298168
13344300,h25_load,0.305046
13345200,h25_load,0.312667
13346100,h25_load,0.321750
13347000,h25_load,0.330856
13347900,h25_load,0.336660
13348800,h25_load,0.343572
13349700,h25_load,0.345789
13350600,h25_load,0.343858
13351500,h25_load,0.342053
13352400,h25_load,0.341299
13353300,h25_load,0.338717
13354200,h25_load,0.337391
13355100,h25_load,0.333209
13356000,h25_load,0.330627
13356900,h25_load,0.327977
13357800,h25_load,0.325657
13358700,h25_load,0.328022
13359600,h25_load,0.330045
13360500,h25_load,0.330387
13361400,h25_load,0.333175
13362300,h25_load,0.337334
13363200,h25_load,0.344349
13364100,h25_load,0.351193
13365000,h25_load,0.358814
13365900,h25_load,0.370902
13366800,h25_load,0.385252
13367700,h25_load,0.399831
13368600,h25_load,0.414330
13369500,h25_load,0.431422
13370400,h25_load,0.446252
13371300,h25_load,0.459426
13372200,h25_load,0.470725
13373100,h25_load,0.478563
13374000,h25_load,0.481648
13374900,h25_load,0.483122
13375800,h25_load,0.483419
13376700,h25_load,0.482413
13377600,h25_load,0.479968
13378500,h25_load,0.474998
13379400,h25_load,0.469423
13380300,h25_load,0.463093
13381200,h25_load,0.456112
13382100,h25_load,0.445281
13383000,h25_load,0.440231
13383900,h25_load,0.441739
13384800,h25_load,0.441099
13385700,h25_load,0.425732
13386600,h25_load,0.406949
13387500,h25_load,0.384966
13388400,h25_load,0.362253
13389300,h25_load,0.340145
13390200,h25_load,0.322138
13391100,h25_load,0.304623
13392000,h25_load,0.279873
13392900,h25_load,0.265131
13393800,h25_load,0.253886
13394700,h25_load,0.243337
13395600,h25_load,0.235635
13396500,h25_load,0.227432
13397400,h25_load,0.220414
13398300,h25_load,0.215846
13399200,h25_load,0.212702
13400100,h25_load,0.210639
13401000,h25_load,0.208646
13401900,h25_load,0.207187
13402800,h25_load,0.207415
13403700,h25_load,0.206504
13404600,h25_load,0.207005
13405500,h25_load,0.206812
13406400,h25_load,0.211084
13407300,h25_load,0.212269
13408200,h25_load,0.214786
13409100,h25_load,0.216974
13410000,h25_load,0.228617
13410900,h25_load,0.232081
13411800,h25_load,0.244612
13412700,h25_load,0.254217
13413600,h25_load,0.277446
13414500,h25_load,0.293020
13415400,h25_load,0.304914
13416300,h25_load,0.312445
13417200,h25_load,0.319030
13418100,h25_load,0.321114
13419000,h25_load,0.318164
13419900,h25_load,0.312114
13420800,h25_load,0.308207
13421700,h25_load,0.306486
13422600,h25_load,0.303273
13423500,h25_load,0.300642
13424400,h25_load,0.299400
13425300,h25_load,0.299354
13426200,h25_load,0.297851
13427100,h25_load,0.295583
13428000,h25_load,0.293795
13428900,h25_load,0.295640
13429800,h25_load,0.297315
13430700,h25_load,0.304173
13431600,h25_load,0.311772
13432500,h25_load,0.320830
13433400,h25_load,0.329910
13434300,h25_load,0.335697
13435200,h25_load,0.342590
13436100,h25_load,0.344800
13437000,h25_load,0.342874
13437900,h25_load,0.341074
13438800,h25_load,0.340322
13439700,h25_load,0.337748
13440600,h25_load,0.336426
13441500,h25_load,0.332256
13442400,h25_load,0.329682
13443300,h25_load,0.327039
13444200,h25_load,0.324726
13445100,h25_load,0.327084
13446000,h25_load,0.329101
13446900,h25_load,0.329442
13447800,h25_load,0.332222
13448700,h25_load,0.336369
13449600,h25_load,0.343364
13450500,h25_load,0.350189
13451400,h25_load,0.357787
13452300,h25_load,0.369841
13453200,h25_load,0.384150
13454100,h25_load,0.398687
13455000,h25_load,0.413145
13455900,h25_load,0.430188
13456800,h25_load,0.444976
13457700,h25_load,0.458112
13458600,h25_load,0.469379
13459500,h25_load,0.477194
13460400,h25_load,0.480270
13461300,h25_load,0.481740
13462200,h25_load,0.482036
13463100,h25_load,0.481034
13464000,h25_load,0.478596
13464900,h25_load,0.473640
13465800,h25_load,0.468080
13466700,h25_load,0.461769
13467600,h25_load,0.454808
13468500,h25_load,0.444007
13469400,h25_load,0.438972
13470300,h25_load,0.440476
13471200,h25_load,0.439838
13472100,h25_load,0.424514
13473000,h25_load,0.405785
13473900,h25_load,0.383865
13474800,h25_load,0.361217
13475700,h25_load,0.339172
13476600,h25_load,0.321217
13477500,h25_load,0.303752
13478400,h25_load,0.279085
13479300,h25_load,0.264384
13480200,h25_load,0.253171
13481100,h25_load,0.242651
13482000,h25_load,0.234972
13482900,h25_load,0.226792
13483800,h25_load,0.219794
13484700,h25_load,0.215238
13485600,h25_load,0.212103
13486500,h25_load,0.210046
13487400,h25_load,0.208058
13488300,h25_load,0.206604
13489200,h25_load,0.206831
13490100,h25_load,0.205923
13491000,h25_load,0.206422
13491900,h25_load,0.206229
13492800,h25_load,0.210490
13493700,h25_load,0.211671
13494600,h25_load,0.214182
13495500,h25_load,0.216363
13496400,h25_load,0.227974
13497300,h25_load,0.231427
13498200,h25_load,0.243924
13499100,h25_load,0.253501
13500000,h25_load,0.276665
13500900,h25_load,0.292195
13501800,h25_load,0.304056
13502700,h25_load,0.311565
13503600,h25_load,0.318131
13504500,h25_load,0.320210
13505400,h25_load,0.317268
13506300,h25_load,0.311235
13507200,h25_load,0.307339
13508100,h25_load,0.305623
13509000,h25_load,0.302420
13509900,h25_load,0.299795
13510800,h25_load,0.298557
13511700,h25_load,0.298512
13512600,h25_load,0.297012
13513500,h25_load,0.294751
13514400,h25_load,0.292968
13515300,h25_load,0.294808
13516200,h25_load,0.296478
13517100,h25_load,0.303317
13518000,h25_load,0.310895
13518900,h25_load,0.319926
13519800,h25_load,0.328981
13520700,h25_load,0.334752
13521600,h25_load,0.341625
13522500,h25_load,0.343829
13523400,h25_load,0.341909
13524300,h25_load,0.340114
13525200,h25_load,0.339364
13526100,h25_load,0.336797
13527000,h25_load,0.335479
13527900,h25_load,0.331321
13528800,h25_load,0.328754
13529700,h25_load,0.326118
13530600,h25_load,0.323812
13531500,h25_load,0.326163
13532400,h25_load,0.328174
13533300,h25_load,0.328515
13534200,h25_load,0.331287
13535100,h25_load,0.335422
13536000,h25_load,0.342398
13536900,h25_load,0.349203
13537800,h25_load,0.356780
13538700,h25_load,0.368800
13539600,h25_load,0.383069
13540500,h25_load,0.397565
13541400,h25_load,0.411981
13542300,h25_load,0.428977
13543200,h25_load,0.443723
13544100,h25_load,0.456822
13545000,h25_load,0.468057
13545900,h25_load,0.475851
13546800,h25_load,0.478918
13547700,h25_load,0.480384
13548600,h25_load,0.480679
13549500,h25_load,0.479679
13550400,h25_load,0.477248
13551300,h25_load,0.472306
13552200,h25_load,0.466762
13553100,h25_load,0.460469
13554000,h25_load,0.453527
13554900,h25_load,0.442757
13555800,h25_load,0.437736
13556700,h25_load,0.439236
13557600,h25_load,0.438599
13558500,h25_load,0.423319
13559400,h25_load,0.404643
13560300,h25_load,0.382785
13561200,h25_load,0.360200
13562100,h25_load,0.338217
13563000,h25_load,0.320313
13563900,h25_load,0.302897
13564800,h25_load,0.305695
13565700,h25_load,0.289845
13566600,h25_load,0.276930
13567500,h25_load,0.264162
13568400,h25_load,0.253479
13569300,h25_load,0.244279
13570200,h25_load,0.235726
13571100,h25_load,0.229506
13572000,h25_load,0.224906
13572900,h25_load,0.221757
13573800,h25_load,0.218471
13574700,h25_load,0.216070
13575600,h25_load,0.215288
13576500,h25_load,0.212671
13577400,h25_load,0.211799
13578300,h25_load,0.211006
13579200,h25_load,0.212433
13580100,h25_load,0.211572
13581000,h25_load,0.210620
13581900,h25_load,0.207539
13582800,h25_load,0.211538
13583700,h25_load,0.211379
13584600,h25_load,0.216602
13585500,h25_load,0.222108
13586400,h25_load,0.236507
13587300,h25_load,0.245072
13588200,h25_load,0.256628
13589100,h25_load,0.270529
13590000,h25_load,0.290581
13590900,h25_load,0.310226
13591800,h25_load,0.329690
13592700,h25_load,0.345913
13593600,h25_load,0.363360
13594500,h25_load,0.380580
13595400,h25_load,0.390357
13596300,h25_load,0.399523
13597200,h25_load,0.409877
13598100,h25_load,0.417253
13599000,h25_load,0.422464
13599900,h25_load,0.427052
13600800,h25_load,0.432740
13601700,h25_load,0.437033
13602600,h25_load,0.441735
13603500,h25_load,0.449564
13604400,h25_load,0.460813
13605300,h25_load,0.469095
13606200,h25_load,0.476516
13607100,h25_load,0.479495
13608000,h25_load,0.477513
13608900,h25_load,0.470511
13609800,h25_load,0.464529
13610700,h25_load,0.457800
13611600,h25_load,0.450368
13612500,h25_load,0.444624
13613400,h25_load,0.439843
13614300,h25_load,0.434756
13615200,h25_load,0.432524
13616100,h25_load,0.431471
13617000,h25_load,0.429749
13617900,h25_load,0.428435
13618800,h25_load,0.424356
13619700,h25_load,0.422442
13620600,h25_load,0.420946
13621500,h25_load,0.419009
13622400,h25_load,0.420255
13623300,h25_load,0.419904
13624200,h25_load,0.424345
13625100,h25_load,0.430213
13626000,h25_load,0.434020
13626900,h25_load,0.443095
13627800,h25_load,0.451048
13628700,h25_load,0.459839
13629600,h25_load,0.466285
13630500,h25_load,0.472766
13631400,h25_load,0.474918
13632300,h25_load,0.474918
13633200,h25_load,0.473774
13634100,h25_load,0.469525
13635000,h25_load,0.466761
13635900,h25_load,0.462875
13636800,h25_load,0.457630
13637700,h25_load,0.450493
13638600,h25_load,0.446335
13639500,h25_load,0.441916
13640400,h25_load,0.436342
13641300,h25_load,0.427778
13642200,h25_load,0.423552
13643100,h25_load,0.425863
13644000,h25_load,0.431629
13644900,h25_load,0.423688
13645800,h25_load,0.411135
13646700,h25_load,0.397291
13647600,h25_load,0.380138
13648500,h25_load,0.363292
13649400,h25_load,0.348655
13650300,h25_load,0.332114
13651200,h25_load,0.312127
13652100,h25_load,0.296761
13653000,h25_load,0.282910
13653900,h25_load,0.271849
13654800,h25_load,0.262200
13655700,h25_load,0.252461
13656600,h25_load,0.245218
13657500,h25_load,0.238033
13658400,h25_load,0.232745
13659300,h25_load,0.228135
13660200,h25_load,0.223639
13661100,h25_load,0.220114
13662000,h25_load,0.218622
13662900,h25_load,0.215594
13663800,h25_load,0.213764
13664700,h25_load,0.212182
13665600,h25_load,0.212035
13666500,h25_load,0.210069
13667400,h25_load,0.207708
13668300,h25_load,0.205415
13669200,h25_load,0.209233
13670100,h25_load,0.206341
13671000,h25_load,0.210058
13671900,h25_load,0.212860
13672800,h25_load,0.224237
13673700,h25_load,0.229570
13674600,h25_load,0.239038
13675500,h25_load,0.248032
13676400,h25_load,0.264923
13677300,h25_load,0.280345
13678200,h25_load,0.300614
13679100,h25_load,0.318239
13680000,h25_load,0.339503
13680900,h25_load,0.360687
13681800,h25_load,0.378685
13682700,h25_load,0.394559
13683600,h25_load,0.411123
13684500,h25_load,0.425969
13685400,h25_load,0.439888
13686300,h25_load,0.450599
13687200,h25_load,0.460575
13688100,h25_load,0.470529
13689000,h25_load,0.481161
13689900,h25_load,0.494674
13690800,h25_load,0.511226
13691700,h25_load,0.529518
13692600,h25_load,0.540251
13693500,h25_load,0.541822
13694400,h25_load,0.532998
13695300,h25_load,0.522502
13696200,h25_load,0.509588
13697100,h25_load,0.496628
13698000,h25_load,0.484618
13698900,h25_load,0.473196
13699800,h25_load,0.460270
13700700,h25_load,0.451367
13701600,h25_load,0.442250
13702500,h25_load,0.437493
13703400,h25_load,0.431900
13704300,h25_load,0.427099
13705200,h25_load,0.424794
13706100,h25_load,0.420082
13707000,h25_load,0.414716
13707900,h25_load,0.413123
13708800,h25_load,0.412942
13709700,h25_load,0.415473
13710600,h25_load,0.422082
13711500,h25_load,0.430070
13712400,h25_load,0.436567
13713300,h25_load,0.447820
13714200,h25_load,0.458033
13715100,h25_load,0.473749
13716000,h25_load,0.483522
13716900,h25_load,0.489691
13717800,h25_load,0.492053
13718700,h25_load,0.494968
13719600,h25_load,0.498323
13720500,h25_load,0.496798
13721400,h25_load,0.493431
13722300,h25_load,0.492685
13723200,h25_load,0.488979
13724100,h25_load,0.481240
13725000,h25_load,0.474054
13725900,h25_load,0.466643
13726800,h25_load,0.458971
13727700,h25_load,0.446984
13728600,h25_load,0.439685
13729500,h25_load,0.439538
13730400,h25_load,0.436431
13731300,h25_load,0.417721
13732200,h25_load,0.397768
13733100,h25_load,0.377002
13734000,h25_load,0.354869
13734900,h25_load,0.332001
13735800,h25_load,0.313630
13736700,h25_load,0.295688
13737600,h25_load,0.311292
13738500,h25_load,0.295967
13739400,h25_load,0.282153
13740300,h25_load,0.271121
13741200,h25_load,0.261498
13742100,h25_load,0.251785
13743000,h25_load,0.244562
13743900,h25_load,0.237396
13744800,h25_load,0.232122
13745700,h25_load,0.227525
13746600,h25_load,0.223040
13747500,h25_load,0.219525
13748400,h25_load,0.218037
13749300,h25_load,0.215018
13750200,h25_load,0.213192
13751100,h25_load,0.211615
13752000,h25_load,0.211468
13752900,h25_load,0.209507
13753800,h25_load,0.207152
13754700,h25_load,0.204865
13755600,h25_load,0.208674
13756500,h25_load,0.205789
13757400,h25_load,0.209496
13758300,h25_load,0.212291
13759200,h25_load,0.223638
13760100,h25_load,0.228956
13761000,h25_load,0.238399
13761900,h25_load,0.247368
13762800,h25_load,0.264214
13763700,h25_load,0.279595
13764600,h25_load,0.299810
13765500,h25_load,0.317388
13766400,h25_load,0.338595
13767300,h25_load,0.359722
13768200,h25_load,0.377672
13769100,h25_load,0.393504
13770000,h25_load,0.410023
13770900,h25_load,0.424829
13771800,h25_load,0.438711
13772700,h25_load,0.449394
13773600,h25_load,0.459343
13774500,h25_load,0.469271
13775400,h25_load,0.479874
13776300,h25_load,0.493350
13777200,h25_load,0.509858
13778100,h25_load,0.528101
13779000,h25_load,0.538806
13779900,h25_load,0.540372
13780800,h25_load,0.531572
13781700,h25_load,0.521104
13782600,h25_load,0.508224
13783500,h25_load,0.495300
13784400,h25_load,0.483322
13785300,h25_load,0.471930
13786200,h25_load,0.459039
13787100,h25_load,0.450160
13788000,h25_load,0.441067
13788900,h25_load,0.436323
13789800,h25_load,0.430745
13790700,h25_load,0.425956
13791600,h25_load,0.423657
13792500,h25_load,0.418959
13793400,h25_load,0.413606
13794300,h25_load,0.412017
13795200,h25_load,0.411837
13796100,h25_load,0.414361
13797000,h25_load,0.420953
13797900,h25_load,0.428920
13798800,h25_load,0.435399
13799700,h25_load,0.446622
13800600,h25_load,0.456808
13801500,h25_load,0.472482
13802400,h25_load,0.482229
13803300,h25_load,0.488381
13804200,h25_load,0.490736
13805100,h25_load,0.493643
13806000,h25_load,0.496990
13806900,h25_load,0.495469
13807800,h25_load,0.492111
13808700,h25_load,0.491367
13809600,h25_load,0.487671
13810500,h25_load,0.479953
13811400,h25_load,0.472786
13812300,h25_load,0.465394
13813200,h25_load,0.457743
13814100,h25_load,0.445788
13815000,h25_load,0.438509
13815900,h25_load,0.438362
13816800,h25_load,0.435263
13817700,h25_load,0.416603
13818600,h25_load,0.396704
13819500,h25_load,0.375993
13820400,h25_load,0.353919
13821300,h25_load,0.331113
13822200,h25_load,0.312791
13823100,h25_load,0.294897
13824000,h25_load,0.276085
13824900,h25_load,0.261542
13825800,h25_load,0.250450
13826700,h25_load,0.240043
13827600,h25_load,0.232446
13828500,h25_load,0.224354
13829400,h25_load,0.217431
13830300,h25_load,0.212924
13831200,h25_load,0.209822
13832100,h25_load,0.207788
13833000,h25_load,0.205822
13833900,h25_load,0.204383
13834800,h25_load,0.204608
13835700,h25_load,0.203709
13836600,h25_load,0.204203
13837500,h25_load,0.204012
13838400,h25_load,0.208227
13839300,h25_load,0.209395
13840200,h25_load,0.211879
13841100,h25_load,0.214037
13842000,h25_load,0.225523
13842900,h25_load,0.228939
13843800,h25_load,0.241301
13844700,h25_load,0.250776
13845600,h25_load,0.273691
13846500,h25_load,0.289054
13847400,h25_load,0.300787
13848300,h25_load,0.308215
13849200,h25_load,0.314711
13850100,h25_load,0.316768
13851000,h25_load,0.313857
13851900,h25_load,0.307889
13852800,h25_load,0.304035
13853700,h25_load,0.302338
13854600,h25_load,0.299168
13855500,h25_load,0.296572
13856400,h25_load,0.295347
13857300,h25_load,0.295302
13858200,h25_load,0.293819
13859100,h25_load,0.291582
13860000,h25_load,0.289818
13860900,h25_load,0.291639
13861800,h25_load,0.293291
13862700,h25_load,0.300056
13863600,h25_load,0.307552
13864500,h25_load,0.316487
13865400,h25_load,0.325444
13866300,h25_load,0.331153
13867200,h25_load,0.337952
13868100,h25_load,0.340133
13869000,h25_load,0.338233
13869900,h25_load,0.336458
13870800,h25_load,0.335716
13871700,h25_load,0.333176
13872600,h25_load,0.331872
13873500,h25_load,0.327759
13874400,h25_load,0.325219
13875300,h25_load,0.322612
13876200,h25_load,0.320330
13877100,h25_load,0.322657
13878000,h25_load,0.324646
13878900,h25_load,0.324983
13879800,h25_load,0.327725
13880700,h25_load,0.331816
13881600,h25_load,0.338717
13882500,h25_load,0.345448
13883400,h25_load,0.352945
13884300,h25_load,0.364835
13885200,h25_load,0.378950
13886100,h25_load,0.393291
13887000,h25_load,0.407552
13887900,h25_load,0.424365
13888800,h25_load,0.438953
13889700,h25_load,0.451911
13890600,h25_load,0.463026
13891500,h25_load,0.470735
13892400,h25_load,0.473769
13893300,h25_load,0.475219
13894200,h25_load,0.475511
13895100,h25_load,0.474522
13896000,h25_load,0.472117
13896900,h25_load,0.467229
13897800,h25_load,0.461744
13898700,h25_load,0.455518
13899600,h25_load,0.448651
13900500,h25_load,0.437997
13901400,h25_load,0.433030
13902300,h25_load,0.434513
13903200,h25_load,0.433884
13904100,h25_load,0.418768
13905000,h25_load,0.400292
13905900,h25_load,0.378669
13906800,h25_load,0.356327
13907700,h25_load,0.334581
13908600,h25_load,0.316869
13909500,h25_load,0.299640
13910400,h25_load,0.275373
13911300,h25_load,0.260868
13912200,h25_load,0.249804
13913100,h25_load,0.239424
13914000,h25_load,0.231846
13914900,h25_load,0.223776
13915800,h25_load,0.216871
13916700,h25_load,0.212376
13917600,h25_load,0.209282
13918500,h25_load,0.207253
13919400,h25_load,0.205291
13920300,h25_load,0.203856
13921200,h25_load,0.204080
13922100,h25_load,0.203184
13923000,h25_load,0.203677
13923900,h25_load,0.203486
13924800,h25_load,0.207690
13925700,h25_load,0.208856
13926600,h25_load,0.211333
13927500,h25_load,0.213485
13928400,h25_load,0.224941
13929300,h25_load,0.228349
13930200,h25_load,0.240680
13931100,h25_load,0.250129
13932000,h25_load,0.272985
13932900,h25_load,0.288309
13933800,h25_load,0.300012
13934700,h25_load,0.307421
13935600,h25_load,0.313900
13936500,h25_load,0.315951
13937400,h25_load,0.313048
13938300,h25_load,0.307096
13939200,h25_load,0.303251
13940100,h25_load,0.301558
13941000,h25_load,0.298397
13941900,h25_load,0.295808
13942800,h25_load,0.294586
13943700,h25_load,0.294541
13944600,h25_load,0.293062
13945500,h25_load,0.290831
13946400,h25_load,0.289071
13947300,h25_load,0.290887
13948200,h25_load,0.292535
13949100,h25_load,0.299283
13950000,h25_load,0.306760
13950900,h25_load,0.315671
13951800,h25_load,0.324605
13952700,h25_load,0.330300
13953600,h25_load,0.337081
13954500,h25_load,0.339256
13955400,h25_load,0.337362
13956300,h25_load,0.335591
13957200,h25_load,0.334851
13958100,h25_load,0.332317
13959000,h25_load,0.331017
13959900,h25_load,0.326914
13960800,h25_load,0.324381
13961700,h25_load,0.321780
13962600,h25_load,0.319505
13963500,h25_load,0.321825
13964400,h25_load,0.323809
13965300,h25_load,0.324146
13966200,h25_load,0.326881
13967100,h25_load,0.330961
13968000,h25_load,0.337844
13968900,h25_load,0.344558
13969800,h25_load,0.352035
13970700,h25_load,0.363895
13971600,h25_load,0.377974
13972500,h25_load,0.392277
13973400,h25_load,0.406502
13974300,h25_load,0.423271
13975200,h25_load,0.437821
13976100,h25_load,0.450746
13977000,h25_load,0.461832
13977900,h25_load,0.469522
13978800,h25_load,0.472548
13979700,h25_load,0.473994
13980600,h25_load,0.474286
13981500,h25_load,0.473299
13982400,h25_load,0.470901
13983300,h25_load,0.466025
13984200,h25_load,0.460554
13985100,h25_load,0.454344
13986000,h25_load,0.447495
13986900,h25_load,0.436869
13987800,h25_load,0.431914
13988700,h25_load,0.433394
13989600,h25_load,0.432766
13990500,h25_load,0.417689
13991400,h25_load,0.399261
13992300,h25_load,0.377694
13993200,h25_load,0.355409
13994100,h25_load,0.333719
13995000,h25_load,0.316052
13995900,h25_load,0.298868
13996800,h25_load,0.274677
13997700,h25_load,0.260209
13998600,h25_load,0.249173
13999500,h25_load,0.238819
14000400,h25_load,0.231261
14001300,h25_load,0.223210
14002200,h25_load,0.216323
14003100,h25_load,0.211839
14004000,h25_load,0.208753
14004900,h25_load,0.206729
14005800,h25_load,0.204772
14006700,h25_load,0.203341
14007600,h25_load,0.203565
14008500,h25_load,0.202670
14009400,h25_load,0.203162
14010300,h25_load,0.202972
14011200,h25_load,0.207165
14012100,h25_load,0.208328
14013000,h25_load,0.210799
14013900,h25_load,0.212946
14014800,h25_load,0.224373
14015700,h25_load,0.227772
14016600,h25_load,0.240071
14017500,h25_load,0.249497
14018400,h25_load,0.272296
14019300,h25_load,0.287580
14020200,h25_load,0.299253
14021100,h25_load,0.306644
14022000,h25_load,0.313107
14022900,h25_load,0.315153
14023800,h25_load,0.312257
14024700,h25_load,0.306320
14025600,h25_load,0.302485
14026500,h25_load,0.300796
14027400,h25_load,0.297643
14028300,h25_load,0.295060
14029200,h25_load,0.293842
14030100,h25_load,0.293797
14031000,h25_load,0.292321
14031900,h25_load,0.290096
14032800,h25_load,0.288341
14033700,h25_load,0.290152
14034600,h25_load,0.291796
14035500,h25_load,0.298527
14036400,h25_load,0.305984
14037300,h25_load,0.314874
14038200,h25_load,0.323785
14039100,h25_load,0.329465
14040000,h25_load,0.336230
14040900,h25_load,0.338399
14041800,h25_load,0.336509
14042700,h25_load,0.334743
14043600,h25_load,0.334005
14044500,h25_load,0.331478
14045400,h25_load,0.330181
14046300,h25_load,0.326088
14047200,h25_load,0.323561
14048100,h25_load,0.320967
14049000,h25_load,0.318698
14049900,h25_load,0.321012
14050800,h25_load,0.322991
14051700,h25_load,0.323327
14052600,h25_load,0.326055
14053500,h25_load,0.330125
14054400,h25_load,0.336990
14055300,h25_load,0.343687
14056200,h25_load,0.351145
14057100,h25_load,0.362975
14058000,h25_load,0.377019
14058900,h25_load,0.391286
14059800,h25_load,0.405475
14060700,h25_load,0.422202
14061600,h25_load,0.436715
14062500,h25_load,0.449607
14063400,h25_load,0.460665
14064300,h25_load,0.468335
14065200,h25_load,0.471354
14066100,h25_load,0.472797
14067000,h25_load,0.473087
14067900,h25_load,0.472103
14068800,h25_load,0.469711
14069700,h25_load,0.464847
14070600,h25_load,0.459390
14071500,h25_load,0.453196
14072400,h25_load,0.446364
14073300,h25_load,0.435765
14074200,h25_load,0.430822
14075100,h25_load,0.432298
14076000,h25_load,0.431672
14076900,h25_load,0.416634
14077800,h25_load,0.398252
14078700,h25_load,0.376739
14079600,h25_load,0.354511
14080500,h25_load,0.332875
14081400,h25_load,0.315254
14082300,h25_load,0.298113
14083200,h25_load,0.273997
14084100,h25_load,0.259564
14085000,h25_load,0.248556
14085900,h25_load,0.238228
14086800,h25_load,0.230688
14087700,h25_load,0.222657
14088600,h25_load,0.215787
14089500,h25_load,0.211314
14090400,h25_load,0.208236
14091300,h25_load,0.206217
14092200,h25_load,0.204265
14093100,h25_load,0.202838
14094000,h25_load,0.203061
14094900,h25_load,0.202169
14095800,h25_load,0.202659
14096700,h25_load,0.202470
14097600,h25_load,0.206652
14098500,h25_load,0.207812
14099400,h25_load,0.210277
14100300,h25_load,0.212419
14101200,h25_load,0.223817
14102100,h25_load,0.227208
14103000,h25_load,0.239477
14103900,h25_load,0.248879
14104800,h25_load,0.271621
14105700,h25_load,0.286868
14106600,h25_load,0.298513
14107500,h25_load,0.305885
14108400,h25_load,0.312332
14109300,h25_load,0.314373
14110200,h25_load,0.311484
14111100,h25_load,0.305562
14112000,h25_load,0.301736
14112900,h25_load,0.300052
14113800,h25_load,0.296906
14114700,h25_load,0.294330
14115600,h25_load,0.293114
14116500,h25_load,0.293070
14117400,h25_load,0.291597
14118300,h25_load,0.289378
14119200,h25_load,0.287627
14120100,h25_load,0.289434
14121000,h25_load,0.291073
14121900,h25_load,0.297788
14122800,h25_load,0.305227
14123700,h25_load,0.314094
14124600,h25_load,0.322983
14125500,h25_load,0.328649
14126400,h25_load,0.335397
14127300,h25_load,0.337561
14128200,h25_load,0.335676
14129100,h25_load,0.333914
14130000,h25_load,0.333178
14130900,h25_load,0.330657
14131800,h25_load,0.329363
14132700,h25_load,0.325281
14133600,h25_load,0.322760
14134500,h25_load,0.320173
14135400,h25_load,0.317908
14136300,h25_load,0.320217
14137200,h25_load,0.322191
14138100,h25_load,0.322526
14139000,h25_load,0.325247
14139900,h25_load,0.329307
14140800,h25_load,0.336156
14141700,h25_load,0.342837
14142600,h25_load,0.350276
14143500,h25_load,0.362076
14144400,h25_load,0.376085
14145300,h25_load,0.390317
14146200,h25_load,0.404471
14147100,h25_load,0.421156
14148000,h25_load,0.435634
14148900,h25_load,0.448494
14149800,h25_load,0.459525
14150700,h25_load,0.467176
14151600,h25_load,0.470187
14152500,h25_load,0.471626
14153400,h25_load,0.471916
14154300,h25_load,0.470935
14155200,h25_load,0.468548
14156100,h25_load,0.463696
14157000,h25_load,0.458253
14157900,h25_load,0.452074
14158800,h25_load,0.445259
14159700,h25_load,0.434686
14160600,h25_load,0.429756
14161500,h25_load,0.431228
14162400,h25_load,0.430604
14163300,h25_load,0.415602
14164200,h25_load,0.397266
14165100,h25_load,0.375806
14166000,h25_load,0.353633
14166900,h25_load,0.332051
14167800,h25_load,0.314473
14168700,h25_load,0.297375
14169600,h25_load,0.300226
14170500,h25_load,0.284660
14171400,h25_load,0.271976
14172300,h25_load,0.259436
14173200,h25_load,0.248944
14174100,h25_load,0.239909
14175000,h25_load,0.231509
14175900,h25_load,0.225400
14176800,h25_load,0.220883
14177700,h25_load,0.217790
14178600,h25_load,0.214563
14179500,h25_load,0.212204
14180400,h25_load,0.211436
14181300,h25_load,0.208866
14182200,h25_load,0.208009
14183100,h25_load,0.207231
14184000,h25_load,0.208633
14184900,h25_load,0.207787
14185800,h25_load,0.206852
14186700,h25_load,0.203826
14187600,h25_load,0.207754
14188500,h25_load,0.207598
14189400,h25_load,0.212727
14190300,h25_load,0.218135
14191200,h25_load,0.232276
14192100,h25_load,0.240688
14193000,h25_load,0.252037
14193900,h25_load,0.265689
14194800,h25_load,0.285383
14195700,h25_load,0.304676
14196600,h25_load,0.323792
14197500,h25_load,0.339725
14198400,h25_load,0.356859
14199300,h25_load,0.373772
14200200,h25_load,0.383374
14201100,h25_load,0.392375
14202000,h25_load,0.402545
14202900,h25_load,0.409788
14203800,h25_load,0.414906
14204700,h25_load,0.419412
14205600,h25_load,0.424998
14206500,h25_load,0.429215
14207400,h25_load,0.433832
14208300,h25_load,0.441521
14209200,h25_load,0.452569
14210100,h25_load,0.460703
14211000,h25_load,0.467991
14211900,h25_load,0.470917
14212800,h25_load,0.468970
14213700,h25_load,0.462094
14214600,h25_load,0.456219
14215500,h25_load,0.449610
14216400,h25_load,0.442311
14217300,h25_load,0.436670
14218200,h25_load,0.431974
14219100,h25_load,0.426978
14220000,h25_load,0.424787
14220900,h25_load,0.423752
14221800,h25_load,0.422061
14222700,h25_load,0.420770
14223600,h25_load,0.416764
14224500,h25_load,0.414884
14225400,h25_load,0.413415
14226300,h25_load,0.411513
14227200,h25_load,0.412737
14228100,h25_load,0.412392
14229000,h25_load,0.416753
14229900,h25_load,0.422517
14230800,h25_load,0.426255
14231700,h25_load,0.435168
14232600,h25_load,0.442978
14233500,h25_load,0.451613
14234400,h25_load,0.457943
14235300,h25_load,0.464308
14236200,h25_load,0.466422
14237100,h25_load,0.466422
14238000,h25_load,0.465298
14238900,h25_load,0.461126
14239800,h25_load,0.458411
14240700,h25_load,0.454594
14241600,h25_load,0.449443
14242500,h25_load,0.442433
14243400,h25_load,0.438350
14244300,h25_load,0.434010
14245200,h25_load,0.428536
14246100,h25_load,0.420125
14247000,h25_load,0.415974
14247900,h25_load,0.418244
14248800,h25_load,0.423908
14249700,h25_load,0.416108
14250600,h25_load,0.403780
14251500,h25_load,0.390183
14252400,h25_load,0.373338
14253300,h25_load,0.356793
14254200,h25_load,0.342417
14255100,h25_load,0.326173
14256000,h25_load,0.306651
14256900,h25_load,0.291555
14257800,h25_load,0.277946
14258700,h25_load,0.267079
14259600,h25_load,0.257600
14260500,h25_load,0.248032
14261400,h25_load,0.240916
14262300,h25_load,0.233857
14263200,h25_load,0.228662
14264100,h25_load,0.224133
14265000,h25_load,0.219715
14265900,h25_load,0.216252
14266800,h25_load,0.214787
14267700,h25_load,0.211812
14268600,h25_load,0.210014
14269500,h25_load,0.208460
14270400,h25_load,0.208315
14271300,h25_load,0.206384
14272200,h25_load,0.204064
14273100,h25_load,0.201811
14274000,h25_load,0.205563
14274900,h25_load,0.202721
14275800,h25_load,0.206373
14276700,h25_load,0.209126
14277600,h25_load,0.220304
14278500,h25_load,0.225543
14279400,h25_load,0.234845
14280300,h25_load,0.243680
14281200,h25_load,0.260275
14282100,h25_load,0.275427
14283000,h25_load,0.295340
14283900,h25_load,0.312656
14284800,h25_load,0.333547
14285700,h25_load,0.354359
14286600,h25_load,0.372042
14287500,h25_load,0.387638
14288400,h25_load,0.403910
14289300,h25_load,0.418496
14290200,h25_load,0.432171
14291100,h25_load,0.442694
14292000,h25_load,0.452495
14292900,h25_load,0.462275
14293800,h25_load,0.472720
14294700,h25_load,0.485995
14295600,h25_load,0.502257
14296500,h25_load,0.520228
14297400,h25_load,0.530773
14298300,h25_load,0.532316
14299200,h25_load,0.523647
14300100,h25_load,0.513335
14301000,h25_load,0.500648
14301900,h25_load,0.487916
14302800,h25_load,0.476116
14303700,h25_load,0.464894
14304600,h25_load,0.452196
14305500,h25_load,0.443449
14306400,h25_load,0.434491
14307300,h25_load,0.429818
14308200,h25_load,0.424323
14309100,h25_load,0.419606
14310000,h25_load,0.417341
14310900,h25_load,0.412713
14311800,h25_load,0.407440
14312700,h25_load,0.405875
14313600,h25_load,0.405697
14314500,h25_load,0.408184
14315400,h25_load,0.414677
14316300,h25_load,0.422525
14317200,h25_load,0.428908
14318100,h25_load,0.439963
14319000,h25_load,0.449998
14319900,h25_load,0.465438
14320800,h25_load,0.475040
14321700,h25_load,0.481100
14322600,h25_load,0.483420
14323500,h25_load,0.486284
14324400,h25_load,0.489581
14325300,h25_load,0.488082
14326200,h25_load,0.484774
14327100,h25_load,0.484042
14328000,h25_load,0.480401
14328900,h25_load,0.472797
14329800,h25_load,0.465738
14330700,h25_load,0.458456
14331600,h25_load,0.450919
14332500,h25_load,0.439142
14333400,h25_load,0.431971
14334300,h25_load,0.431827
14335200,h25_load,0.428774
14336100,h25_load,0.410393
14337000,h25_load,0.390790
14337900,h25_load,0.370388
14338800,h25_load,0.348643
14339700,h25_load,0.326176
14340600,h25_load,0.308128
14341500,h25_load,0.290501
14342400,h25_load,0.272053
14343300,h25_load,0.257723
14344200,h25_load,0.246792
14345100,h25_load,0.236538
14346000,h25_load,0.229051
14346900,h25_load,0.221078
14347800,h25_load,0.214256
14348700,h25_load,0.209815
14349600,h25_load,0.206759
14350500,h25_load,0.204754
14351400,h25_load,0.202816
14352300,h25_load,0.201399
14353200,h25_load,0.201620
14354100,h25_load,0.200734
14355000,h25_load,0.201221
14355900,h25_load,0.201033
14356800,h25_load,0.205186
14357700,h25_load,0.206338
14358600,h25_load,0.208785
14359500,h25_load,0.210911
14360400,h25_load,0.222229
14361300,h25_load,0.225596
14362200,h25_load,0.237778
14363100,h25_load,0.247114
14364000,h25_load,0.269694
14364900,h25_load,0.284833
14365800,h25_load,0.296395
14366700,h25_load,0.303715
14367600,h25_load,0.310116
14368500,h25_load,0.312142
14369400,h25_load,0.309274
14370300,h25_load,0.303394
14371200,h25_load,0.299595
14372100,h25_load,0.297923
14373000,h25_load,0.294800
14373900,h25_load,0.292242
14374800,h25_load,0.291035
14375700,h25_load,0.290990
14376600,h25_load,0.289528
14377500,h25_load,0.287325
14378400,h25_load,0.285586
14379300,h25_load,0.287380
14380200,h25_load,0.289008
14381100,h25_load,0.295675
14382000,h25_load,0.303061
14382900,h25_load,0.311865
14383800,h25_load,0.320692
14384700,h25_load,0.326318
14385600,h25_load,0.333018
14386500,h25_load,0.335166
14387400,h25_load,0.333294
14388300,h25_load,0.331545
14389200,h25_load,0.330814
14390100,h25_load,0.328311
14391000,h25_load,0.327026
14391900,h25_load,0.322973
14392800,h25_load,0.320470
14393700,h25_load,0.317901
14394600,h25_load,0.315653
14395500,h25_load,0.317945
14396400,h25_load,0.319905
14397300,h25_load,0.320238
14398200,h25_load,0.322940
14399100,h25_load,0.326971
14400000,h25_load,0.333771
14400900,h25_load,0.340404
14401800,h25_load,0.347791
14402700,h25_load,0.359507
14403600,h25_load,0.373417
14404500,h25_load,0.387548
14405400,h25_load,0.401601
14406300,h25_load,0.418168
14407200,h25_load,0.432543
14408100,h25_load,0.445312
14409000,h25_load,0.456264
14409900,h25_load,0.463861
14410800,h25_load,0.466851
14411700,h25_load,0.468280
14412600,h25_load,0.468568
14413500,h25_load,0.467593
14414400,h25_load,0.465223
14415300,h25_load,0.460406
14416200,h25_load,0.455002
14417100,h25_load,0.448867
14418000,h25_load,0.442100
14418900,h25_load,0.431602
14419800,h25_load,0.426707
14420700,h25_load,0.428169
14421600,h25_load,0.427548
14422500,h25_load,0.412653
14423400,h25_load,0.394447
14424300,h25_load,0.373140
14425200,h25_load,0.351124
14426100,h25_load,0.329695
14427000,h25_load,0.312242
14427900,h25_load,0.295265
14428800,h25_load,0.271438
14429700,h25_load,0.257140
14430600,h25_load,0.246234
14431500,h25_load,0.236002
14432400,h25_load,0.228533
14433300,h25_load,0.220578
14434200,h25_load,0.213771
14435100,h25_load,0.209340
14436000,h25_load,0.206291
14436900,h25_load,0.204291
14437800,h25_load,0.202357
14438700,h25_load,0.200943
14439600,h25_load,0.201164
14440500,h25_load,0.200280
14441400,h25_load,0.200766
14442300,h25_load,0.200578
14443200,h25_load,0.204722
14444100,h25_load,0.205871
14445000,h25_load,0.208313
14445900,h25_load,0.210434
14446800,h25_load,0.221727
14447700,h25_load,0.225086
14448600,h25_load,0.237240
14449500,h25_load,0.246554
14450400,h25_load,0.269084
14451300,h25_load,0.284188
14452200,h25_load,0.295724
14453100,h25_load,0.303028
14454000,h25_load,0.309414
14454900,h25_load,0.311436
14455800,h25_load,0.308574
14456700,h25_load,0.302707
14457600,h25_load,0.298917
14458500,h25_load,0.297249
14459400,h25_load,0.294133
14460300,h25_load,0.291580
14461200,h25_load,0.290376
14462100,h25_load,0.290332
14463000,h25_load,0.288873
14463900,h25_load,0.286675
14464800,h25_load,0.284940
14465700,h25_load,0.286730
14466600,h25_load,0.288354
14467500,h25_load,0.295006
14468400,h25_load,0.302376
14469300,h25_load,0.311160
14470200,h25_load,0.319966
14471100,h25_load,0.325579
14472000,h25_load,0.332264
14472900,h25_load,0.334408
14473800,h25_load,0.332540
14474700,h25_load,0.330794
14475600,h25_load,0.330065
14476500,h25_load,0.327568
14477400,h25_load,0.326286
14478300,h25_load,0.322242
14479200,h25_load,0.319745
14480100,h25_load,0.317182
14481000,h25_load,0.314939
14481900,h25_load,0.317226
14482800,h25_load,0.319182
14483700,h25_load,0.319513
14484600,h25_load,0.322209
14485500,h25_load,0.326231
14486400,h25_load,0.333015
14487300,h25_load,0.339634
14488200,h25_load,0.347004
14489100,h25_load,0.358694
14490000,h25_load,0.372572
14490900,h25_load,0.386671
14491800,h25_load,0.400692
14492700,h25_load,0.417222
14493600,h25_load,0.431564
14494500,h25_load,0.444304
14495400,h25_load,0.455232
14496300,h25_load,0.462812
14497200,h25_load,0.465795
14498100,h25_load,0.467220
14499000,h25_load,0.467508
14499900,h25_load,0.466535
14500800,h25_load,0.464171
14501700,h25_load,0.459364
14502600,h25_load,0.453972
14503500,h25_load,0.447851
14504400,h25_load,0.441100
14505300,h25_load,0.430625
14506200,h25_load,0.425741
14507100,h25_load,0.427200
14508000,h25_load,0.426581
14508900,h25_load,0.411720
14509800,h25_load,0.393555
14510700,h25_load,0.372296
14511600,h25_load,0.350330
14512500,h25_load,0.328949
14513400,h25_load,0.311536
14514300,h25_load,0.294597
14515200,h25_load,0.270838
14516100,h25_load,0.256572
14517000,h25_load,0.245691
14517900,h25_load,0.235481
14518800,h25_load,0.228029
14519700,h25_load,0.220091
14520600,h25_load,0.213299
14521500,h25_load,0.208878
14522400,h25_load,0.205835
14523300,h25_load,0.203840
14524200,h25_load,0.201911
14525100,h25_load,0.200499
14526000,h25_load,0.200720
14526900,h25_load,0.199838
14527800,h25_load,0.200323
14528700,h25_load,0.200136
14529600,h25_load,0.204270
14530500,h25_load,0.205416
14531400,h25_load,0.207853
14532300,h25_load,0.209970
14533200,h25_load,0.221237
14534100,h25_load,0.224589
14535000,h25_load,0.236716
14535900,h25_load,0.246010
14536800,h25_load,0.268490
14537700,h25_load,0.283561
14538600,h25_load,0.295071
14539500,h25_load,0.302359
14540400,h25_load,0.308731
14541300,h25_load,0.310749
14542200,h25_load,0.307893
14543100,h25_load,0.302039
14544000,h25_load,0.298257
14544900,h25_load,0.296593
14545800,h25_load,0.293484
14546700,h25_load,0.290937
14547600,h25_load,0.289735
14548500,h25_load,0.289691
14549400,h25_load,0.288236
14550300,h25_load,0.286042
14551200,h25_load,0.284311
14552100,h25_load,0.286097
14553000,h25_load,0.287718
14553900,h25_load,0.294355
14554800,h25_load,0.301708
14555700,h25_load,0.310473
14556600,h25_load,0.319260
14557500,h25_load,0.324861
14558400,h25_load,0.331531
14559300,h25_load,0.333669
14560200,h25_load,0.331806
14561100,h25_load,0.330064
14562000,h25_load,0.329337
14562900,h25_load,0.326845
14563800,h25_load,0.325566
14564700,h25_load,0.321531
14565600,h25_load,0.319039
14566500,h25_load,0.316482
14567400,h25_load,0.314244
14568300,h25_load,0.316526
14569200,h25_load,0.318477
14570100,h25_load,0.318808
14571000,h25_load,0.321498
14571900,h25_load,0.325511
14572800,h25_load,0.332280
14573700,h25_load,0.338884
14574600,h25_load,0.346238
14575500,h25_load,0.357902
14576400,h25_load,0.371750
14577300,h25_load,0.385817
14578200,h25_load,0.399808
14579100,h25_load,0.416301
14580000,h25_load,0.430612
14580900,h25_load,0.443323
14581800,h25_load,0.454227
14582700,h25_load,0.461790
14583600,h25_load,0.464767
14584500,h25_load,0.466189
14585400,h25_load,0.466476
14586300,h25_load,0.465506
14587200,h25_load,0.463146
14588100,h25_load,0.458350
14589000,h25_load,0.452970
14589900,h25_load,0.446862
14590800,h25_load,0.440126
14591700,h25_load,0.429675
14592600,h25_load,0.424802
14593500,h25_load,0.426257
14594400,h25_load,0.425639
14595300,h25_load,0.410811
14596200,h25_load,0.392686
14597100,h25_load,0.371474
14598000,h25_load,0.349556
14598900,h25_load,0.328223
14599800,h25_load,0.310848
14600700,h25_load,0.293947
14601600,h25_load,0.270256
14602500,h25_load,0.256020
14603400,h25_load,0.245162
14604300,h25_load,0.234975
14605200,h25_load,0.227538
14606100,h25_load,0.219617
14607000,h25_load,0.212840
14607900,h25_load,0.208429
14608800,h25_load,0.205393
14609700,h25_load,0.203401
14610600,h25_load,0.201476
14611500,h25_load,0.200068
14612400,h25_load,0.200288
14613300,h25_load,0.199408
14614200,h25_load,0.199892
14615100,h25_load,0.199705
14616000,h25_load,0.203830
14616900,h25_load,0.204975
14617800,h25_load,0.207406
14618700,h25_load,0.209518
14619600,h25_load,0.220761
14620500,h25_load,0.224106
14621400,h25_load,0.236207
14622300,h25_load,0.245481
14623200,h25_load,0.267913
14624100,h25_load,0.282951
14625000,h25_load,0.294436
14625900,h25_load,0.301708
14626800,h25_load,0.308067
14627700,h25_load,0.310080
14628600,h25_load,0.307231
14629500,h25_load,0.301389
14630400,h25_load,0.297616
14631300,h25_load,0.295955
14632200,h25_load,0.292852
14633100,h25_load,0.290311
14634000,h25_load,0.289112
14634900,h25_load,0.289068
14635800,h25_load,0.287616
14636700,h25_load,0.285426
14637600,h25_load,0.283699
14638500,h25_load,0.285482
14639400,h25_load,0.287099
14640300,h25_load,0.293721
14641200,h25_load,0.301059
14642100,h25_load,0.309805
14643000,h25_load,0.318573
14643900,h25_load,0.324162
14644800,h25_load,0.330818
14645700,h25_load,0.332952
14646600,h25_load,0.331093
14647500,h25_load,0.329354
14648400,h25_load,0.328628
14649300,h25_load,0.326142
14650200,h25_load,0.324866
14651100,h25_load,0.320839
14652000,h25_load,0.318353
14652900,h25_load,0.315801
14653800,h25_load,0.313568
14654700,h25_load,0.315845
14655600,h25_load,0.317792
14656500,h25_load,0.318122
14657400,h25_load,0.320806
14658300,h25_load,0.324811
14659200,h25_load,0.331566
14660100,h25_load,0.338155
14661000,h25_load,0.345493
14661900,h25_load,0.357132
14662800,h25_load,0.370950
14663700,h25_load,0.384987
14664600,h25_load,0.398948
14665500,h25_load,0.415406
14666400,h25_load,0.429685
14667300,h25_load,0.442370
14668200,h25_load,0.453250
14669100,h25_load,0.460797
14670000,h25_load,0.463767
14670900,h25_load,0.465186
14671800,h25_load,0.465472
14672700,h25_load,0.464504
14673600,h25_load,0.462150
14674500,h25_load,0.457364
14675400,h25_load,0.451996
14676300,h25_load,0.445901
14677200,h25_load,0.439179
14678100,h25_load,0.428750
14679000,h25_load,0.423888
14679900,h25_load,0.425340
14680800,h25_load,0.424724
14681700,h25_load,0.409927
14682600,h25_load,0.391841
14683500,h25_load,0.370675
14684400,h25_load,0.348804
14685300,h25_load,0.327517
14686200,h25_load,0.310179
14687100,h25_load,0.293314
14688000,h25_load,0.269690
14688900,h25_load,0.255484
14689800,h25_load,0.244649
14690700,h25_load,0.234483
14691600,h25_load,0.227062
14692500,h25_load,0.219157
14693400,h25_load,0.212395
14694300,h25_load,0.207993
14695200,h25_load,0.204963
14696100,h25_load,0.202975
14697000,h25_load,0.201054
14697900,h25_load,0.199649
14698800,h25_load,0.199869
14699700,h25_load,0.198990
14700600,h25_load,0.199473
14701500,h25_load,0.199287
14702400,h25_load,0.203404
14703300,h25_load,0.204545
14704200,h25_load,0.206972
14705100,h25_load,0.209079
14706000,h25_load,0.220299
14706900,h25_load,0.223636
14707800,h25_load,0.235712
14708700,h25_load,0.244967
14709600,h25_load,0.267352
14710500,h25_load,0.282359
14711400,h25_load,0.293820
14712300,h25_load,0.301076
14713200,h25_load,0.307422
14714100,h25_load,0.309431
14715000,h25_load,0.306588
14715900,h25_load,0.300758
14716800,h25_load,0.296993
14717700,h25_load,0.295335
14718600,h25_load,0.292239
14719500,h25_load,0.289703
14720400,h25_load,0.288506
14721300,h25_load,0.288463
14722200,h25_load,0.287013
14723100,h25_load,0.284829
14724000,h25_load,0.283105
14724900,h25_load,0.284884
14725800,h25_load,0.286497
14726700,h25_load,0.293106
14727600,h25_load,0.300429
14728500,h25_load,0.309156
14729400,h25_load,0.317906
14730300,h25_load,0.323483
14731200,h25_load,0.330125
14732100,h25_load,0.332254
14733000,h25_load,0.330399
14733900,h25_load,0.328665
14734800,h25_load,0.327940
14735700,h25_load,0.325459
14736600,h25_load,0.324186
14737500,h25_load,0.320168
14738400,h25_load,0.317686
14739300,h25_load,0.315140
14740200,h25_load,0.312911
14741100,h25_load,0.315183
14742000,h25_load,0.317127
14742900,h25_load,0.317456
14743800,h25_load,0.320135
14744700,h25_load,0.324131
14745600,h25_load,0.330871
14746500,h25_load,0.337447
14747400,h25_load,0.344770
14748300,h25_load,0.356385
14749200,h25_load,0.370173
14750100,h25_load,0.384181
14751000,h25_load,0.398113
14751900,h25_load,0.414536
14752800,h25_load,0.428786
14753700,h25_load,0.441443
14754600,h25_load,0.452301
14755500,h25_load,0.459832
14756400,h25_load,0.462796
14757300,h25_load,0.464212
14758200,h25_load,0.464498
14759100,h25_load,0.463532
14760000,h25_load,0.461182
14760900,h25_load,0.456407
14761800,h25_load,0.451049
14762700,h25_load,0.444967
14763600,h25_load,0.438260
14764500,h25_load,0.427852
14765400,h25_load,0.423000
14766300,h25_load,0.424449
14767200,h25_load,0.423834
14768100,h25_load,0.409069
14769000,h25_load,0.391021
14769900,h25_load,0.369899
14770800,h25_load,0.348074
14771700,h25_load,0.326831
14772600,h25_load,0.309530
14773500,h25_load,0.292700
14774400,h25_load,0.295621
14775300,h25_load,0.280294
14776200,h25_load,0.267804
14777100,h25_load,0.255457
14778000,h25_load,0.245125
14778900,h25_load,0.236229
14779800,h25_load,0.227958
14780700,h25_load,0.221943
14781600,h25_load,0.217495
14782500,h25_load,0.214449
14783400,h25_load,0.211272
14784300,h25_load,0.208949
14785200,h25_load,0.208193
14786100,h25_load,0.205663
14787000,h25_load,0.204819
14787900,h25_load,0.204052
14788800,h25_load,0.205433
14789700,h25_load,0.204600
14790600,h25_load,0.203680
14791500,h25_load,0.200700
14792400,h25_load,0.204567
14793300,h25_load,0.204414
14794200,h25_load,0.209464
14795100,h25_load,0.214789
14796000,h25_load,0.228714
14796900,h25_load,0.236996
14797800,h25_load,0.248171
14798700,h25_load,0.261614
14799600,h25_load,0.281006
14800500,h25_load,0.300003
14801400,h25_load,0.318825
14802300,h25_load,0.334514
14803200,h25_load,0.351386
14804100,h25_load,0.368039
14805000,h25_load,0.377494
14805900,h25_load,0.386357
14806800,h25_load,0.396371
14807700,h25_load,0.403503
14808600,h25_load,0.408542
14809500,h25_load,0.412980
14810400,h25_load,0.418479
14811300,h25_load,0.422632
14812200,h25_load,0.427178
14813100,h25_load,0.434749
14814000,h25_load,0.445628
14814900,h25_load,0.453637
14815800,h25_load,0.460813
14816700,h25_load,0.463694
14817600,h25_load,0.461777
14818500,h25_load,0.455006
14819400,h25_load,0.449221
14820300,h25_load,0.442714
14821200,h25_load,0.435527
14822100,h25_load,0.429972
14823000,h25_load,0.425349
14823900,h25_load,0.420430
14824800,h25_load,0.418271
14825700,h25_load,0.417252
14826600,h25_load,0.415587
14827500,h25_load,0.414316
14828400,h25_load,0.410372
14829300,h25_load,0.408521
14830200,h25_load,0.407074
14831100,h25_load,0.405201
14832000,h25_load,0.406406
14832900,h25_load,0.406066
14833800,h25_load,0.410361
14834700,h25_load,0.416036
14835600,h25_load,0.419717
14836500,h25_load,0.428493
14837400,h25_load,0.436184
14838300,h25_load,0.444686
14839200,h25_load,0.450920
14840100,h25_load,0.457186
14841000,h25_load,0.459268
14841900,h25_load,0.459268
14842800,h25_load,0.458161
14843700,h25_load,0.454053
14844600,h25_load,0.451380
14845500,h25_load,0.447622
14846400,h25_load,0.442549
14847300,h25_load,0.435647
14848200,h25_load,0.431626
14849100,h25_load,0.427354
14850000,h25_load,0.421963
14850900,h25_load,0.413681
14851800,h25_load,0.409594
14852700,h25_load,0.411829
14853600,h25_load,0.417406
14854500,h25_load,0.409726
14855400,h25_load,0.397587
14856300,h25_load,0.384199
14857200,h25_load,0.367612
14858100,h25_load,0.351320
14859000,h25_load,0.337165
14859900,h25_load,0.321170
14860800,h25_load,0.302067
14861700,h25_load,0.287196
14862600,h25_load,0.273791
14863500,h25_load,0.263087
14864400,h25_load,0.253749
14865300,h25_load,0.244324
14866200,h25_load,0.237315
14867100,h25_load,0.230361
14868000,h25_load,0.225243
14868900,h25_load,0.220782
14869800,h25_load,0.216431
14870700,h25_load,0.213019
14871600,h25_load,0.211576
14872500,h25_load,0.208645
14873400,h25_load,0.206874
14874300,h25_load,0.205343
14875200,h25_load,0.205201
14876100,h25_load,0.203299
14877000,h25_load,0.201013
14877900,h25_load,0.198794
14878800,h25_load,0.202489
14879700,h25_load,0.199690
14880600,h25_load,0.203288
14881500,h25_load,0.205999
14882400,h25_load,0.217010
14883300,h25_load,0.222171
14884200,h25_load,0.231334
14885100,h25_load,0.240037
14886000,h25_load,0.256384
14886900,h25_load,0.271309
14887800,h25_load,0.290925
14888700,h25_load,0.307982
14889600,h25_load,0.328560
14890500,h25_load,0.349062
14891400,h25_load,0.366480
14892300,h25_load,0.381842
14893200,h25_load,0.397872
14894100,h25_load,0.412239
14895000,h25_load,0.425710
14895900,h25_load,0.436076
14896800,h25_load,0.445731
14897700,h25_load,0.455364
14898600,h25_load,0.465653
14899500,h25_load,0.478730
14900400,h25_load,0.494748
14901300,h25_load,0.512451
14902200,h25_load,0.522838
14903100,h25_load,0.524358
14904000,h25_load,0.515818
14904900,h25_load,0.505661
14905800,h25_load,0.493163
14906700,h25_load,0.480621
14907600,h25_load,0.468998
14908500,h25_load,0.457944
14909400,h25_load,0.445435
14910300,h25_load,0.436819
14911200,h25_load,0.427995
14912100,h25_load,0.423392
14913000,h25_load,0.417980
14913900,h25_load,0.413333
14914800,h25_load,0.411102
14915700,h25_load,0.406543
14916600,h25_load,0.401349
14917500,h25_load,0.399807
14918400,h25_load,0.399632
14919300,h25_load,0.402081
14920200,h25_load,0.408478
14921100,h25_load,0.416208
14922000,h25_load,0.422495
14922900,h25_load,0.433386
14923800,h25_load,0.443270
14924700,h25_load,0.458480
14925600,h25_load,0.467938
14926500,h25_load,0.473908
14927400,h25_load,0.476193
14928300,h25_load,0.479014
14929200,h25_load,0.482262
14930100,h25_load,0.480785
14931000,h25_load,0.477527
14931900,h25_load,0.476805
14932800,h25_load,0.473219
14933700,h25_load,0.465729
14934600,h25_load,0.458775
14935500,h25_load,0.451602
14936400,h25_load,0.444178
14937300,h25_load,0.432577
14938200,h25_load,0.425513
14939100,h25_load,0.425371
14940000,h25_load,0.422364
14940900,h25_load,0.404257
14941800,h25_load,0.384948
14942700,h25_load,0.364851
14943600,h25_load,0.343431
14944500,h25_load,0.321300
14945400,h25_load,0.303521
14946300,h25_load,0.286158
14947200,h25_load,0.268093
14948100,h25_load,0.253971
14949000,h25_load,0.243200
14949900,h25_load,0.233094
14950800,h25_load,0.225717
14951700,h25_load,0.217860
14952600,h25_load,0.211137
14953500,h25_load,0.206761
14954400,h25_load,0.203749
14955300,h25_load,0.201774
14956200,h25_load,0.199864
14957100,h25_load,0.198467
14958000,h25_load,0.198685
14958900,h25_load,0.197812
14959800,h25_load,0.198292
14960700,h25_load,0.198107
14961600,h25_load,0.202199
14962500,h25_load,0.203334
14963400,h25_load,0.205746
14964300,h25_load,0.207841
14965200,h25_load,0.218995
14966100,h25_load,0.222312
14967000,h25_load,0.234317
14967900,h25_load,0.243516
14968800,h25_load,0.265768
14969700,h25_load,0.280687
14970600,h25_load,0.292080
14971500,h25_load,0.299294
14972400,h25_load,0.305601
14973300,h25_load,0.307599
14974200,h25_load,0.304772
14975100,h25_load,0.298977
14976000,h25_load,0.295234
14976900,h25_load,0.293586
14977800,h25_load,0.290509
14978700,h25_load,0.287988
14979600,h25_load,0.286798
14980500,h25_load,0.286754
14981400,h25_load,0.285314
14982300,h25_load,0.283142
14983200,h25_load,0.281429
14984100,h25_load,0.283197
14985000,h25_load,0.284801
14985900,h25_load,0.291371
14986800,h25_load,0.298650
14987700,h25_load,0.307326
14988600,h25_load,0.316023
14989500,h25_load,0.321567
14990400,h25_load,0.328170
14991300,h25_load,0.330287
14992200,h25_load,0.328443
14993100,h25_load,0.326718
14994000,h25_load,0.325998
14994900,h25_load,0.323532
14995800,h25_load,0.322266
14996700,h25_load,0.318272
14997600,h25_load,0.315805
14998500,h25_load,0.313273
14999400,h25_load,0.311058
15000300,h25_load,0.313317
15001200,h25_load,0.315249
15002100,h25_load,0.315576
15003000,h25_load,0.318239
15003900,h25_load,0.322211
15004800,h25_load,0.328912
15005700,h25_load,0.335449
15006600,h25_load,0.342728
15007500,h25_load,0.354274
15008400,h25_load,0.367981
15009300,h25_load,0.381906
15010200,h25_load,0.395755
15011100,h25_load,0.412081
15012000,h25_load,0.426246
15012900,h25_load,0.438829
15013800,h25_load,0.449622
15014700,h25_load,0.457109
15015600,h25_load,0.460055
15016500,h25_load,0.461463
15017400,h25_load,0.461747
15018300,h25_load,0.460787
15019200,h25_load,0.458451
15020100,h25_load,0.453704
15021000,h25_load,0.448378
15021900,h25_load,0.442332
15022800,h25_load,0.435665
15023700,h25_load,0.425319
15024600,h25_load,0.420495
15025500,h25_load,0.421936
15026400,h25_load,0.421325
15027300,h25_load,0.406646
15028200,h25_load,0.388705
15029100,h25_load,0.367708
15030000,h25_load,0.346013
15030900,h25_load,0.324896
15031800,h25_load,0.307697
15032700,h25_load,0.290967
15033600,h25_load,0.267594
15034500,h25_load,0.253499
15035400,h25_load,0.242748
15036300,h25_load,0.232661
15037200,h25_load,0.225297
15038100,h25_load,0.217455
15039000,h25_load,0.210745
15039900,h25_load,0.206376
15040800,h25_load,0.203370
15041700,h25_load,0.201398
15042600,h25_load,0.199492
15043500,h25_load,0.198098
15044400,h25_load,0.198316
15045300,h25_load,0.197444
15046200,h25_load,0.197924
15047100,h25_load,0.197738
15048000,h25_load,0.201823
15048900,h25_load,0.202956
15049800,h25_load,0.205363
15050700,h25_load,0.207455
15051600,h25_load,0.218587
15052500,h25_load,0.221899
15053400,h25_load,0.233881
15054300,h25_load,0.243064
15055200,h25_load,0.265274
15056100,h25_load,0.280165
15057000,h25_load,0.291537
15057900,h25_load,0.298737
15058800,h25_load,0.305033
15059700,h25_load,0.307027
15060600,h25_load,0.304205
15061500,h25_load,0.298421
15062400,h25_load,0.294685
15063300,h25_load,0.293040
15064200,h25_load,0.289968
15065100,h25_load,0.287452
15066000,h25_load,0.286265
15066900,h25_load,0.286221
15067800,h25_load,0.284783
15068700,h25_load,0.282616
15069600,h25_load,0.280906
15070500,h25_load,0.282670
15071400,h25_load,0.284271
15072300,h25_load,0.290829
15073200,h25_load,0.298095
15074100,h25_load,0.306754
15075000,h25_load,0.315436
15075900,h25_load,0.320970
15076800,h25_load,0.327560
15077700,h25_load,0.329673
15078600,h25_load,0.327832
15079500,h25_load,0.326111
15080400,h25_load,0.325392
15081300,h25_load,0.322930
15082200,h25_load,0.321667
15083100,h25_load,0.317680
15084000,h25_load,0.315218
15084900,h25_load,0.312691
15085800,h25_load,0.310480
15086700,h25_load,0.312735
15087600,h25_load,0.314663
15088500,h25_load,0.314989
15089400,h25_load,0.317647
15090300,h25_load,0.321612
15091200,h25_load,0.328300
15092100,h25_load,0.334825
15093000,h25_load,0.342091
15093900,h25_load,0.353616
15094800,h25_load,0.367297
15095700,h25_load,0.381196
15096600,h25_load,0.395019
15097500,h25_load,0.411315
15098400,h25_load,0.425454
15099300,h25_load,0.438014
15100200,h25_load,0.448787
15101100,h25_load,0.456259
15102000,h25_load,0.459200
15102900,h25_load,0.460605
15103800,h25_load,0.460889
15104700,h25_load,0.459930
15105600,h25_load,0.457599
15106500,h25_load,0.452861
15107400,h25_load,0.447545
15108300,h25_load,0.441510
15109200,h25_load,0.434855
15110100,h25_load,0.424528
15111000,h25_load,0.419714
15111900,h25_load,0.421151
15112800,h25_load,0.420541
15113700,h25_load,0.405890
15114600,h25_load,0.387983
15115500,h25_load,0.367025
15116400,h25_load,0.345370
15117300,h25_load,0.324292
15118200,h25_load,0.307125
15119100,h25_load,0.290426
15120000,h25_load,0.267113
15120900,h25_load,0.253043
15121800,h25_load,0.242311
15122700,h25_load,0.232243
15123600,h25_load,0.224892
15124500,h25_load,0.217063
15125400,h25_load,0.210366
15126300,h25_load,0.206005
15127200,h25_load,0.203004
15128100,h25_load,0.201036
15129000,h25_load,0.199133
15129900,h25_load,0.197742
15130800,h25_load,0.197959
15131700,h25_load,0.197089
15132600,h25_load,0.197568
15133500,h25_load,0.197383
15134400,h25_load,0.201460
15135300,h25_load,0.202591
15136200,h25_load,0.204994
15137100,h25_load,0.207082
15138000,h25_load,0.218194
15138900,h25_load,0.221500
15139800,h25_load,0.233460
15140700,h25_load,0.242627
15141600,h25_load,0.264797
15142500,h25_load,0.279661
15143400,h25_load,0.291013
15144300,h25_load,0.298200
15145200,h25_load,0.304485
15146100,h25_load,0.306475
15147000,h25_load,0.303658
15147900,h25_load,0.297885
15148800,h25_load,0.294155
15149700,h25_load,0.292513
15150600,h25_load,0.289447
15151500,h25_load,0.286935
15152400,h25_load,0.285750
15153300,h25_load,0.285707
15154200,h25_load,0.284271
15155100,h25_load,0.282107
15156000,h25_load,0.280400
15156900,h25_load,0.282162
15157800,h25_load,0.283760
15158700,h25_load,0.290306
15159600,h25_load,0.297558
15160500,h25_load,0.306203
15161400,h25_load,0.314869
15162300,h25_load,0.320392
15163200,h25_load,0.326971
15164100,h25_load,0.329080
15165000,h25_load,0.327243
15165900,h25_load,0.325525
15166800,h25_load,0.324807
15167700,h25_load,0.322350
15168600,h25_load,0.321088
15169500,h25_load,0.317109
15170400,h25_load,0.314651
15171300,h25_load,0.312129
15172200,h25_load,0.309921
15173100,h25_load,0.312172
15174000,h25_load,0.314097
15174900,h25_load,0.314423
15175800,h25_load,0.317076
15176700,h25_load,0.321034
15177600,h25_load,0.327710
15178500,h25_load,0.334223
15179400,h25_load,0.341476
15180300,h25_load,0.352980
15181200,h25_load,0.366636
15182100,h25_load,0.380511
15183000,h25_load,0.394309
15183900,h25_load,0.410575
15184800,h25_load,0.424689
15185700,h25_load,0.437226
15186600,h25_load,0.447980
15187500,h25_load,0.455439
15188400,h25_load,0.458374
15189300,h25_load,0.459777
15190200,h25_load,0.460060
15191100,h25_load,0.459103
15192000,h25_load,0.456776
15192900,h25_load,0.452046
15193800,h25_load,0.446740
15194700,h25_load,0.440716
15195600,h25_load,0.434073
15196500,h25_load,0.423765
15197400,h25_load,0.418959
15198300,h25_load,0.420394
15199200,h25_load,0.419785
15200100,h25_load,0.405161
15201000,h25_load,0.387285
15201900,h25_load,0.366365
15202800,h25_load,0.344749
15203700,h25_load,0.323709
15204600,h25_load,0.306572
15205500,h25_load,0.289904
15206400,h25_load,0.266649
15207300,h25_load,0.252604
15208200,h25_load,0.241890
15209100,h25_load,0.231839
15210000,h25_load,0.224502
15210900,h25_load,0.216686
15211800,h25_load,0.210000
15212700,h25_load,0.205647
15213600,h25_load,0.202652
15214500,h25_load,0.200687
15215400,h25_load,0.198787
15216300,h25_load,0.197398
15217200,h25_load,0.197615
15218100,h25_load,0.196747
15219000,h25_load,0.197224
15219900,h25_load,0.197040
15220800,h25_load,0.201110
15221700,h25_load,0.202239
15222600,h25_load,0.204638
15223500,h25_load,0.206722
15224400,h25_load,0.217815
15225300,h25_load,0.221115
15226200,h25_load,0.233055
15227100,h25_load,0.242205
15228000,h25_load,0.264337
15228900,h25_load,0.279175
15229800,h25_load,0.290507
15230700,h25_load,0.297682
15231600,h25_load,0.303956
15232500,h25_load,0.305942
15233400,h25_load,0.303131
15234300,h25_load,0.297367
15235200,h25_load,0.293644
15236100,h25_load,0.292005
15237000,h25_load,0.288944
15237900,h25_load,0.286437
15238800,h25_load,0.285254
15239700,h25_load,0.285210
15240600,h25_load,0.283777
15241500,h25_load,0.281617
15242400,h25_load,0.279913
15243300,h25_load,0.281672
15244200,h25_load,0.283267
15245100,h25_load,0.289802
15246000,h25_load,0.297042
15246900,h25_load,0.305671
15247800,h25_load,0.314322
15248700,h25_load,0.319836
15249600,h25_load,0.326403
15250500,h25_load,0.328508
15251400,h25_load,0.326674
15252300,h25_load,0.324959
15253200,h25_load,0.324243
15254100,h25_load,0.321790
15255000,h25_load,0.320530
15255900,h25_load,0.316558
15256800,h25_load,0.314105
15257700,h25_load,0.311586
15258600,h25_load,0.309383
15259500,h25_load,0.311630
15260400,h25_load,0.313551
15261300,h25_load,0.313877
15262200,h25_load,0.316525
15263100,h25_load,0.320476
15264000,h25_load,0.327141
15264900,h25_load,0.333643
15265800,h25_load,0.340882
15266700,h25_load,0.352366
15267600,h25_load,0.366000
15268500,h25_load,0.379850
15269400,h25_load,0.393624
15270300,h25_load,0.409862
15271200,h25_load,0.423951
15272100,h25_load,0.436466
15273000,h25_load,0.447201
15273900,h25_load,0.454647
15274800,h25_load,0.457578
15275700,h25_load,0.458978
15276600,h25_load,0.459261
15277500,h25_load,0.458305
15278400,h25_load,0.455983
15279300,h25_load,0.451261
15280200,h25_load,0.445964
15281100,h25_load,0.439951
15282000,h25_load,0.433319
15282900,h25_load,0.423029
15283800,h25_load,0.418231
15284700,h25_load,0.419664
15285600,h25_load,0.419056
15286500,h25_load,0.404457
15287400,h25_load,0.386612
15288300,h25_load,0.365728
15289200,h25_load,0.344150
15290100,h25_load,0.323146
15291000,h25_load,0.306040
15291900,h25_load,0.289400
15292800,h25_load,0.266202
15293700,h25_load,0.252180
15294600,h25_load,0.241485
15295500,h25_load,0.231451
15296400,h25_load,0.224125
15297300,h25_load,0.216323
15298200,h25_load,0.209648
15299100,h25_load,0.205303
15300000,h25_load,0.202312
15300900,h25_load,0.200351
15301800,h25_load,0.198454
15302700,h25_load,0.197067
15303600,h25_load,0.197284
15304500,h25_load,0.196417
15305400,h25_load,0.196894
15306300,h25_load,0.196710
15307200,h25_load,0.200773
15308100,h25_load,0.201900
15309000,h25_load,0.204295
15309900,h25_load,0.206376
15310800,h25_load,0.217450
15311700,h25_load,0.220745
15312600,h25_load,0.232664
15313500,h25_load,0.241799
15314400,h25_load,0.263894
15315300,h25_load,0.278707
15316200,h25_load,0.290020
15317100,h25_load,0.297183
15318000,h25_load,0.303447
15318900,h25_load,0.305430
15319800,h25_load,0.302623
15320700,h25_load,0.296869
15321600,h25_load,0.293152
15322500,h25_load,0.291516
15323400,h25_load,0.288460
15324300,h25_load,0.285957
15325200,h25_load,0.284776
15326100,h25_load,0.284732
15327000,h25_load,0.283302
15327900,h25_load,0.281146
15328800,h25_load,0.279444
15329700,h25_load,0.281200
15330600,h25_load,0.282793
15331500,h25_load,0.289316
15332400,h25_load,0.296544
15333300,h25_load,0.305159
15334200,h25_load,0.313795
15335100,h25_load,0.319300
15336000,h25_load,0.325856
15336900,h25_load,0.327958
15337800,h25_load,0.326127
15338700,h25_load,0.324415
15339600,h25_load,0.323699
15340500,h25_load,0.321250
15341400,h25_load,0.319993
15342300,h25_load,0.316027
15343200,h25_load,0.313578
15344100,h25_load,0.311064
15345000,h25_load,0.308865
15345900,h25_load,0.311108
15346800,h25_load,0.313026
15347700,h25_load,0.313351
15348600,h25_load,0.315995
15349500,h25_load,0.319939
15350400,h25_load,0.326593
15351300,h25_load,0.333084
15352200,h25_load,0.340311
15353100,h25_load,0.351776
15354000,h25_load,0.365386
15354900,h25_load,0.379213
15355800,h25_load,0.392965
15356700,h25_load,0.409176
15357600,h25_load,0.423241
15358500,h25_load,0.435735
15359400,h25_load,0.446452
15360300,h25_load,0.453886
15361200,h25_load,0.456812
15362100,h25_load,0.458209
15363000,h25_load,0.458491
15363900,h25_load,0.457538
15364800,h25_load,0.455219
15365700,h25_load,0.450505
15366600,h25_load,0.445217
15367500,h25_load,0.439214
15368400,h25_load,0.432593
15369300,h25_load,0.422320
15370200,h25_load,0.417530
15371100,h25_load,0.418961
15372000,h25_load,0.418354
15372900,h25_load,0.403779
15373800,h25_load,0.385964
15374700,h25_load,0.365115
15375600,h25_load,0.343573
15376500,h25_load,0.322605
15377400,h25_load,0.305527
15378300,h25_load,0.288915
15379200,h25_load,0.291922
15380100,h25_load,0.276787
15381000,h25_load,0.264453
15381900,h25_load,0.252261
15382800,h25_load,0.242058
15383700,h25_load,0.233274
15384600,h25_load,0.225106
15385500,h25_load,0.219166
15386400,h25_load,0.214774
15387300,h25_load,0.211766
15388200,h25_load,0.208629
15389100,h25_load,0.206335
15390000,h25_load,0.205589
15390900,h25_load,0.203089
15391800,h25_load,0.202256
15392700,h25_load,0.201499
15393600,h25_load,0.202862
15394500,h25_load,0.202040
15395400,h25_load,0.201131
15396300,h25_load,0.198188
15397200,h25_load,0.202008
15398100,h25_load,0.201856
15399000,h25_load,0.206843
15399900,h25_load,0.212101
15400800,h25_load,0.225852
15401700,h25_load,0.234031
15402600,h25_load,0.245066
15403500,h25_load,0.258341
15404400,h25_load,0.277490
15405300,h25_load,0.296250
15406200,h25_load,0.314836
15407100,h25_load,0.330329
15408000,h25_load,0.346989
15408900,h25_load,0.363434
15409800,h25_load,0.372770
15410700,h25_load,0.381523
15411600,h25_load,0.391411
15412500,h25_load,0.398454
15413400,h25_load,0.403431
15414300,h25_load,0.407812
15415200,h25_load,0.413243
15416100,h25_load,0.417344
15417000,h25_load,0.421833
15417900,h25_load,0.429309
15418800,h25_load,0.440052
15419700,h25_load,0.447961
15420600,h25_load,0.455047
15421500,h25_load,0.457892
15422400,h25_load,0.455999
15423300,h25_load,0.449313
15424200,h25_load,0.443601
15425100,h25_load,0.437174
15426000,h25_load,0.430077
15426900,h25_load,0.424592
15427800,h25_load,0.420027
15428700,h25_load,0.415169
15429600,h25_load,0.413038
15430500,h25_load,0.412032
15431400,h25_load,0.410387
15432300,h25_load,0.409132
15433200,h25_load,0.405238
15434100,h25_load,0.403409
15435000,h25_load,0.401981
15435900,h25_load,0.400131
15436800,h25_load,0.401321
15437700,h25_load,0.400986
15438600,h25_load,0.405227
15439500,h25_load,0.410831
15440400,h25_load,0.414466
15441300,h25_load,0.423132
15442200,h25_load,0.430726
15443100,h25_load,0.439122
15444000,h25_load,0.445278
15444900,h25_load,0.451466
15445800,h25_load,0.453522
15446700,h25_load,0.453522
15447600,h25_load,0.452429
15448500,h25_load,0.448372
15449400,h25_load,0.445732
15450300,h25_load,0.442021
15451200,h25_load,0.437012
15452100,h25_load,0.430196
15453000,h25_load,0.426226
15453900,h25_load,0.422007
15454800,h25_load,0.416684
15455700,h25_load,0.408505
15456600,h25_load,0.404469
15457500,h25_load,0.406676
15458400,h25_load,0.412183
15459300,h25_load,0.404599
15460200,h25_load,0.392612
15461100,h25_load,0.379392
15462000,h25_load,0.363012
15462900,h25_load,0.346925
15463800,h25_load,0.332947
15464700,h25_load,0.317151
15465600,h25_load,0.298415
15466500,h25_load,0.283725
15467400,h25_load,0.270481
15468300,h25_load,0.259906
15469200,h25_load,0.250681
15470100,h25_load,0.241370
15471000,h25_load,0.234446
15471900,h25_load,0.227576
15472800,h25_load,0.222521
15473700,h25_load,0.218113
15474600,h25_load,0.213814
15475500,h25_load,0.210444
15476400,h25_load,0.209018
15477300,h25_load,0.206123
15478200,h25_load,0.204373
15479100,h25_load,0.202861
15480000,h25_load,0.202721
15480900,h25_load,0.200841
15481800,h25_load,0.198583
15482700,h25_load,0.196391
15483600,h25_load,0.200042
15484500,h25_load,0.197276
15485400,h25_load,0.200830
15486300,h25_load,0.203509
15487200,h25_load,0.214387
15488100,h25_load,0.219485
15489000,h25_load,0.228537
15489900,h25_load,0.237136
15490800,h25_load,0.253285
15491700,h25_load,0.268029
15492600,h25_load,0.287408
15493500,h25_load,0.304259
15494400,h25_load,0.324589
15495300,h25_load,0.344842
15496200,h25_load,0.362050
15497100,h25_load,0.377227
15498000,h25_load,0.393062
15498900,h25_load,0.407256
15499800,h25_load,0.420564
15500700,h25_load,0.430804
15501600,h25_load,0.440342
15502500,h25_load,0.449859
15503400,h25_load,0.460024
15504300,h25_load,0.472943
15505200,h25_load,0.488768
15506100,h25_load,0.506256
15507000,h25_load,0.516518
15507900,h25_load,0.518019
15508800,h25_load,0.509583
15509700,h25_load,0.499548
15510600,h25_load,0.487201
15511500,h25_load,0.474812
15512400,h25_load,0.463329
15513300,h25_load,0.452408
15514200,h25_load,0.440051
15515100,h25_load,0.431539
15516000,h25_load,0.422822
15516900,h25_load,0.418274
15517800,h25_load,0.412927
15518700,h25_load,0.408336
15519600,h25_load,0.406133
15520500,h25_load,0.401628
15521400,h25_load,0.396497
15522300,h25_load,0.394974
15523200,h25_load,0.394801
15524100,h25_load,0.397221
15525000,h25_load,0.403540
15525900,h25_load,0.411177
15526800,h25_load,0.417388
15527700,h25_load,0.428147
15528600,h25_load,0.437912
15529500,h25_load,0.452938
15530400,h25_load,0.462281
15531300,h25_load,0.468179
15532200,h25_load,0.470437
15533100,h25_load,0.473224
15534000,h25_load,0.476432
15534900,h25_load,0.474974
15535800,h25_load,0.471755
15536700,h25_load,0.471042
15537600,h25_load,0.467499
15538500,h25_load,0.460099
15539400,h25_load,0.453229
15540300,h25_load,0.446143
15541200,h25_load,0.438809
15542100,h25_load,0.427348
15543000,h25_load,0.420370
15543900,h25_load,0.420229
15544800,h25_load,0.417259
15545700,h25_load,0.399371
15546600,h25_load,0.380294
15547500,h25_load,0.360440
15548400,h25_load,0.339279
15549300,h25_load,0.317416
15550200,h25_load,0.299852
15551100,h25_load,0.282698
15552000,h25_load,0.264967
15552900,h25_load,0.251010
15553800,h25_load,0.240364
15554700,h25_load,0.230377
15555600,h25_load,0.223085
15556500,h25_load,0.215319
15557400,h25_load,0.208675
15558300,h25_load,0.204350
15559200,h25_load,0.201373
15560100,h25_load,0.199421
15561000,h25_load,0.197533
15561900,h25_load,0.196153
15562800,h25_load,0.196369
15563700,h25_load,0.195506
15564600,h25_load,0.195980
15565500,h25_load,0.195797
15566400,h25_load,0.199842
15567300,h25_load,0.200963
15568200,h25_load,0.203347
15569100,h25_load,0.205418
15570000,h25_load,0.216441
15570900,h25_load,0.219720
15571800,h25_load,0.231585
15572700,h25_load,0.240677
15573600,h25_load,0.262670
15574500,h25_load,0.277414
15575400,h25_load,0.288674
15576300,h25_load,0.295804
15577200,h25_load,0.302038
15578100,h25_load,0.304012
15579000,h25_load,0.301218
15579900,h25_load,0.295491
15580800,h25_load,0.291792
15581700,h25_load,0.290163
15582600,h25_load,0.287121
15583500,h25_load,0.284630
15584400,h25_load,0.283454
15585300,h25_load,0.283411
15586200,h25_load,0.281987
15587100,h25_load,0.279841
15588000,h25_load,0.278147
15588900,h25_load,0.279895
15589800,h25_load,0.281480
15590700,h25_load,0.287973
15591600,h25_load,0.295168
15592500,h25_load,0.303742
15593400,h25_load,0.312339
15594300,h25_load,0.317818
15595200,h25_load,0.324344
15596100,h25_load,0.326436
15597000,h25_load,0.324613
15597900,h25_load,0.322909
15598800,h25_load,0.322197
15599700,h25_load,0.319759
15600600,h25_load,0.318508
15601500,h25_load,0.314561
15602400,h25_load,0.312123
15603300,h25_load,0.309621
15604200,h25_load,0.307431
15605100,h25_load,0.309664
15606000,h25_load,0.311573
15606900,h25_load,0.311897
15607800,h25_load,0.314528
15608700,h25_load,0.318454
15609600,h25_load,0.325077
15610500,h25_load,0.331538
15611400,h25_load,0.338732
15612300,h25_load,0.350143
15613200,h25_load,0.363691
15614100,h25_load,0.377453
15615000,h25_load,0.391141
15615900,h25_load,0.407276
15616800,h25_load,0.421277
15617700,h25_load,0.433713
15618600,h25_load,0.444380
15619500,h25_load,0.451779
15620400,h25_load,0.454691
15621300,h25_load,0.456083
15622200,h25_load,0.456363
15623100,h25_load,0.455414
15624000,h25_load,0.453106
15624900,h25_load,0.448414
15625800,h25_load,0.443150
15626700,h25_load,0.437175
15627600,h25_load,0.430585
15628500,h25_load,0.420360
15629400,h25_load,0.415592
15630300,h25_load,0.417016
15631200,h25_load,0.416412
15632100,h25_load,0.401905
15633000,h25_load,0.384173
15633900,h25_load,0.363421
15634800,h25_load,0.341978
15635700,h25_load,0.321108
15636600,h25_load,0.304109
15637500,h25_load,0.287574
15638400,h25_load,0.279777
15639300,h25_load,0.265247
15640200,h25_load,0.255015
15641100,h25_load,0.244611
15642000,h25_load,0.236888
15642900,h25_load,0.229284
15643800,h25_load,0.222359
15644700,h25_load,0.217458
15645600,h25_load,0.214475
15646500,h25_load,0.211944
15647400,h25_load,0.209811
15648300,h25_load,0.208303
15649200,h25_load,0.208476
15650100,h25_load,0.207258
15651000,h25_load,0.206838
15651900,h25_load,0.206569
15652800,h25_load,0.210425
15653700,h25_load,0.212687
15654600,h25_load,0.215778
15655500,h25_load,0.218740
15656400,h25_load,0.227679
15657300,h25_load,0.229780
15658200,h25_load,0.237685
15659100,h25_load,0.243749
15660000,h25_load,0.262964
15660900,h25_load,0.273885
15661800,h25_load,0.282286
15662700,h25_load,0.289578
15663600,h25_load,0.298162
15664500,h25_load,0.303332
15665400,h25_load,0.305659
15666300,h25_load,0.303978
15667200,h25_load,0.301792
15668100,h25_load,0.302761
15669000,h25_load,0.302514
15669900,h25_load,0.302610
15670800,h25_load,0.304872
15671700,h25_load,0.306413
15672600,h25_load,0.306176
15673500,h25_load,0.305282
15674400,h25_load,0.305368
15675300,h25_load,0.308620
15676200,h25_load,0.312950
15677100,h25_load,0.317452
15678000,h25_load,0.326338
15678900,h25_load,0.337119
15679800,h25_load,0.346156
15680700,h25_load,0.351057
15681600,h25_load,0.355850
15682500,h25_load,0.355893
15683400,h25_load,0.352543
15684300,h25_load,0.349883
15685200,h25_load,0.346425
15686100,h25_load,0.343539
15687000,h25_load,0.339381
15687900,h25_load,0.336506
15688800,h25_load,0.333059
15689700,h25_load,0.331777
15690600,h25_load,0.328115
15691500,h25_load,0.328406
15692400,h25_load,0.330248
15693300,h25_load,0.330689
15694200,h25_load,0.332036
15695100,h25_load,0.335385
15696000,h25_load,0.343194
15696900,h25_load,0.349796
15697800,h25_load,0.358122
15698700,h25_load,0.369022
15699600,h25_load,0.382421
15700500,h25_load,0.397187
15701400,h25_load,0.409584
15702300,h25_load,0.422896
15703200,h25_load,0.436446
15704100,h25_load,0.447367
15705000,h25_load,0.457642
15705900,h25_load,0.465246
15706800,h25_load,0.466862
15707700,h25_load,0.467993
15708600,h25_load,0.467853
15709500,h25_load,0.467174
15710400,h25_load,0.463954
15711300,h25_load,0.457933
15712200,h25_load,0.451385
15713100,h25_load,0.445838
15714000,h25_load,0.440474
15714900,h25_load,0.432633
15715800,h25_load,0.430640
15716700,h25_load,0.434335
15717600,h25_load,0.432504
15718500,h25_load,0.416014
15719400,h25_load,0.397284
15720300,h25_load,0.376120
15721200,h25_load,0.354686
15722100,h25_load,0.333867
15723000,h25_load,0.316634
15723900,h25_load,0.300370
15724800,h25_load,0.279397
15725700,h25_load,0.264887
15726600,h25_load,0.254669
15727500,h25_load,0.244279
15728400,h25_load,0.236567
15729300,h25_load,0.228973
15730200,h25_load,0.222057
15731100,h25_load,0.217163
15732000,h25_load,0.214184
15732900,h25_load,0.211656
15733800,h25_load,0.209526
15734700,h25_load,0.208021
15735600,h25_load,0.208193
15736500,h25_load,0.206977
15737400,h25_load,0.206558
15738300,h25_load,0.206289
15739200,h25_load,0.210140
15740100,h25_load,0.212398
15741000,h25_load,0.215485
15741900,h25_load,0.218443
15742800,h25_load,0.227371
15743700,h25_load,0.229468
15744600,h25_load,0.237363
15745500,h25_load,0.243419
15746400,h25_load,0.262607
15747300,h25_load,0.273514
15748200,h25_load,0.281903
15749100,h25_load,0.289185
15750000,h25_load,0.297758
15750900,h25_load,0.302921
15751800,h25_load,0.305244
15752700,h25_load,0.303566
15753600,h25_load,0.301382
15754500,h25_load,0.302350
15755400,h25_load,0.302103
15756300,h25_load,0.302200
15757200,h25_load,0.304459
15758100,h25_load,0.305997
15759000,h25_load,0.305760
15759900,h25_load,0.304867
15760800,h25_load,0.304953
15761700,h25_load,0.308202
15762600,h25_load,0.312526
15763500,h25_load,0.317022
15764400,h25_load,0.325895
15765300,h25_load,0.336662
15766200,h25_load,0.345686
15767100,h25_load,0.350580
15768000,h25_load,0.355367
15768900,h25_load,0.355410
15769800,h25_load,0.352065
15770700,h25_load,0.349408
15771600,h25_load,0.345955
15772500,h25_load,0.343073
15773400,h25_load,0.338921
15774300,h25_load,0.336049
15775200,h25_load,0.332607
15776100,h25_load,0.331327
15777000,h25_load,0.327670
15777900,h25_load,0.327960
15778800,h25_load,0.329800
15779700,h25_load,0.330241
15780600,h25_load,0.331585
15781500,h25_load,0.334930
15782400,h25_load,0.342728
15783300,h25_load,0.349322
15784200,h25_load,0.357636
15785100,h25_load,0.368521
15786000,h25_load,0.381902
15786900,h25_load,0.396648
15787800,h25_load,0.409028
15788700,h25_load,0.422323
15789600,h25_load,0.435854
15790500,h25_load,0.446760
15791400,h25_load,0.457021
15792300,h25_load,0.464615
15793200,h25_load,0.466229
15794100,h25_load,0.467358
15795000,h25_load,0.467218
15795900,h25_load,0.466540
15796800,h25_load,0.463324
15797700,h25_load,0.457312
15798600,h25_load,0.450772
15799500,h25_load,0.445233
15800400,h25_load,0.439876
15801300,h25_load,0.432046
15802200,h25_load,0.430056
15803100,h25_load,0.433746
15804000,h25_load,0.431917
15804900,h25_load,0.415450
15805800,h25_load,0.396745
15806700,h25_load,0.375609
15807600,h25_load,0.354205
15808500,h25_load,0.333414
15809400,h25_load,0.316204
15810300,h25_load,0.299963
15811200,h25_load,0.279036
15812100,h25_load,0.264545
15813000,h25_load,0.254340
15813900,h25_load,0.243964
15814800,h25_load,0.236261
15815700,h25_load,0.228678
15816600,h25_load,0.221770
15817500,h25_load,0.216883
15818400,h25_load,0.213907
15819300,h25_load,0.211383
15820200,h25_load,0.209256
15821100,h25_load,0.207752
15822000,h25_load,0.207924
15822900,h25_load,0.206710
15823800,h25_load,0.206291
15824700,h25_load,0.206022
15825600,h25_load,0.209868
15826500,h25_load,0.212124
15827400,h25_load,0.215207
15828300,h25_load,0.218161
15829200,h25_load,0.227077
15830100,h25_load,0.229172
15831000,h25_load,0.237056
15831900,h25_load,0.243104
15832800,h25_load,0.262268
15833700,h25_load,0.273161
15834600,h25_load,0.281539
15835500,h25_load,0.288812
15836400,h25_load,0.297373
15837300,h25_load,0.302529
15838200,h25_load,0.304850
15839100,h25_load,0.303174
15840000,h25_load,0.300993
15840900,h25_load,0.301960
15841800,h25_load,0.301713
15842700,h25_load,0.301810
15843600,h25_load,0.304065
15844500,h25_load,0.305602
15845400,h25_load,0.305365
15846300,h25_load,0.304474
15847200,h25_load,0.304560
15848100,h25_load,0.307804
15849000,h25_load,0.312122
15849900,h25_load,0.316612
15850800,h25_load,0.325474
15851700,h25_load,0.336227
15852600,h25_load,0.345240
15853500,h25_load,0.350128
15854400,h25_load,0.354908
15855300,h25_load,0.354951
15856200,h25_load,0.351610
15857100,h25_load,0.348957
15858000,h25_load,0.345508
15858900,h25_load,0.342630
15859800,h25_load,0.338483
15860700,h25_load,0.335615
15861600,h25_load,0.332178
15862500,h25_load,0.330899
15863400,h25_load,0.327247
15864300,h25_load,0.327537
15865200,h25_load,0.329374
15866100,h25_load,0.329814
15867000,h25_load,0.331157
15867900,h25_load,0.334498
15868800,h25_load,0.342286
15869700,h25_load,0.348871
15870600,h25_load,0.357174
15871500,h25_load,0.368045
15872400,h25_load,0.381409
15873300,h25_load,0.396136
15874200,h25_load,0.408500
15875100,h25_load,0.421777
15876000,h25_load,0.435291
15876900,h25_load,0.446183
15877800,h25_load,0.456431
15878700,h25_load,0.464015
15879600,h25_load,0.465626
15880500,h25_load,0.466754
15881400,h25_load,0.466615
15882300,h25_load,0.465938
15883200,h25_load,0.462726
15884100,h25_load,0.456721
15885000,h25_load,0.450190
15885900,h25_load,0.444658
15886800,h25_load,0.439308
15887700,h25_load,0.431488
15888600,h25_load,0.429501
15889500,h25_load,0.433185
15890400,h25_load,0.431359
15891300,h25_load,0.414913
15892200,h25_load,0.396233
15893100,h25_load,0.375124
15894000,h25_load,0.353748
15894900,h25_load,0.332983
15895800,h25_load,0.315796
15896700,h25_load,0.299575
15897600,h25_load,0.278694
15898500,h25_load,0.264221
15899400,h25_load,0.254029
15900300,h25_load,0.243665
15901200,h25_load,0.235972
15902100,h25_load,0.228397
15903000,h25_load,0.221499
15903900,h25_load,0.216617
15904800,h25_load,0.213645
15905700,h25_load,0.211124
15906600,h25_load,0.208999
15907500,h25_load,0.207497
15908400,h25_load,0.207669
15909300,h25_load,0.206457
15910200,h25_load,0.206038
15911100,h25_load,0.205770
15912000,h25_load,0.209611
15912900,h25_load,0.211864
15913800,h25_load,0.214943
15914700,h25_load,0.217894
15915600,h25_load,0.226799
15916500,h25_load,0.228891
15917400,h25_load,0.236766
15918300,h25_load,0.242806
15919200,h25_load,0.261947
15920100,h25_load,0.272826
15921000,h25_load,0.281194
15921900,h25_load,0.288458
15922800,h25_load,0.297009
15923700,h25_load,0.302159
15924600,h25_load,0.304476
15925500,h25_load,0.302802
15926400,h25_load,0.300624
15927300,h25_load,0.301590
15928200,h25_load,0.301343
15929100,h25_load,0.301440
15930000,h25_load,0.303693
15930900,h25_load,0.305227
15931800,h25_load,0.304991
15932700,h25_load,0.304101
15933600,h25_load,0.304186
15934500,h25_load,0.307427
15935400,h25_load,0.311740
15936300,h25_load,0.316224
15937200,h25_load,0.325076
15938100,h25_load,0.335815
15939000,h25_load,0.344817
15939900,h25_load,0.349698
15940800,h25_load,0.354473
15941700,h25_load,0.354516
15942600,h25_load,0.351179
15943500,h25_load,0.348529
15944400,h25_load,0.345085
15945300,h25_load,0.342210
15946200,h25_load,0.338068
15947100,h25_load,0.335204
15948000,h25_load,0.331770
15948900,h25_load,0.330494
15949800,h25_load,0.326846
15950700,h25_load,0.327136
15951600,h25_load,0.328970
15952500,h25_load,0.329410
15953400,h25_load,0.330751
15954300,h25_load,0.334088
15955200,h25_load,0.341866
15956100,h25_load,0.348443
15957000,h25_load,0.356737
15957900,h25_load,0.367594
15958800,h25_load,0.380941
15959700,h25_load,0.395650
15960600,h25_load,0.407999
15961500,h25_load,0.421260
15962400,h25_load,0.434757
15963300,h25_load,0.445636
15964200,h25_load,0.455872
15965100,h25_load,0.463446
15966000,h25_load,0.465056
15966900,h25_load,0.466182
15967800,h25_load,0.466043
15968700,h25_load,0.465367
15969600,h25_load,0.462159
15970500,h25_load,0.456162
15971400,h25_load,0.449638
15972300,h25_load,0.444113
15973200,h25_load,0.438770
15974100,h25_load,0.430959
15975000,h25_load,0.428974
15975900,h25_load,0.432654
15976800,h25_load,0.430831
15977700,h25_load,0.414405
15978600,h25_load,0.395747
15979500,h25_load,0.374665
15980400,h25_load,0.353314
15981300,h25_load,0.332575
15982200,h25_load,0.315409
15983100,h25_load,0.299208
15984000,h25_load,0.302794
15984900,h25_load,0.287931
15985800,h25_load,0.276700
15986700,h25_load,0.265447
15987600,h25_load,0.255770
15988500,h25_load,0.246468
15989400,h25_load,0.238892
15990300,h25_load,0.232923
15991200,h25_load,0.227843
15992100,h25_load,0.224757
15993000,h25_load,0.221295
15993900,h25_load,0.218659
15994800,h25_load,0.217845
15995700,h25_load,0.216537
15996600,h25_load,0.214640
15997500,h25_load,0.213012
15998400,h25_load,0.215230
15999300,h25_load,0.214726
16000200,h25_load,0.214640
16001100,h25_load,0.213997
16002000,h25_load,0.217309
16002900,h25_load,0.215712
16003800,h25_load,0.219066
16004700,h25_load,0.222410
16005600,h25_load,0.236374
16006500,h25_load,0.243971
16007400,h25_load,0.253970
16008300,h25_load,0.265233
16009200,h25_load,0.284169
16010100,h25_load,0.301519
16011000,h25_load,0.318965
16011900,h25_load,0.334258
16012800,h25_load,0.350622
16013700,h25_load,0.365068
16014600,h25_load,0.377188
16015500,h25_load,0.388505
16016400,h25_load,0.396542
16017300,h25_load,0.407034
16018200,h25_load,0.413228
16019100,h25_load,0.416882
16020000,h25_load,0.422883
16020900,h25_load,0.427073
16021800,h25_load,0.432946
16022700,h25_load,0.441605
16023600,h25_load,0.452289
16024500,h25_load,0.464431
16025400,h25_load,0.468450
16026300,h25_load,0.473219
16027200,h25_load,0.471236
16028100,h25_load,0.466703
16029000,h25_load,0.461859
16029900,h25_load,0.455311
16030800,h25_load,0.448121
16031700,h25_load,0.443727
16032600,h25_load,0.437040
16033500,h25_load,0.432271
16034400,h25_load,0.430674
16035300,h25_load,0.429549
16036200,h25_load,0.427063
16037100,h25_load,0.424962
16038000,h25_load,0.424566
16038900,h25_load,0.422819
16039800,h25_load,0.422862
16040700,h25_load,0.421233
16041600,h25_load,0.420161
16042500,h25_load,0.421115
16043400,h25_load,0.422422
16044300,h25_load,0.427684
16045200,h25_load,0.433975
16046100,h25_load,0.438840
16047000,h25_load,0.445324
16047900,h25_load,0.452964
16048800,h25_load,0.458891
16049700,h25_load,0.464335
16050600,h25_load,0.466714
16051500,h25_load,0.465395
16052400,h25_load,0.461752
16053300,h25_load,0.458548
16054200,h25_load,0.455011
16055100,h25_load,0.451453
16056000,h25_load,0.447692
16056900,h25_load,0.441123
16057800,h25_load,0.434114
16058700,h25_load,0.428702
16059600,h25_load,0.425444
16060500,h25_load,0.418704
16061400,h25_load,0.418082
16062300,h25_load,0.421565
16063200,h25_load,0.422090
16064100,h25_load,0.409616
16065000,h25_load,0.396306
16065900,h25_load,0.382375
16066800,h25_load,0.368711
16067700,h25_load,0.353215
16068600,h25_load,0.340216
16069500,h25_load,0.324356
16070400,h25_load,0.307623
16071300,h25_load,0.293086
16072200,h25_load,0.281536
16073100,h25_load,0.270820
16074000,h25_load,0.261753
16074900,h25_load,0.251905
16075800,h25_load,0.245257
16076700,h25_load,0.238481
16077600,h25_load,0.233525
16078500,h25_load,0.228204
16079400,h25_load,0.224479
16080300,h25_load,0.220968
16081200,h25_load,0.219180
16082100,h25_load,0.216376
16083000,h25_load,0.214224
16083900,h25_load,0.212115
16084800,h25_load,0.212715
16085700,h25_load,0.210873
16086600,h25_load,0.211195
16087500,h25_load,0.210253
16088400,h25_load,0.212575
16089300,h25_load,0.210231
16090200,h25_load,0.213678
16091100,h25_load,0.215733
16092000,h25_load,0.225635
16092900,h25_load,0.229939
16093800,h25_load,0.238920
16094700,h25_load,0.247537
16095600,h25_load,0.263412
16096500,h25_load,0.279759
16097400,h25_load,0.299177
16098300,h25_load,0.317022
16099200,h25_load,0.338057
16100100,h25_load,0.359809
16101000,h25_load,0.377247
16101900,h25_load,0.393786
16102800,h25_load,0.410882
16103700,h25_load,0.426371
16104600,h25_load,0.439999
16105500,h25_load,0.449943
16106400,h25_load,0.461033
16107300,h25_load,0.472359
16108200,h25_load,0.483160
16109100,h25_load,0.495920
16110000,h25_load,0.511549
16110900,h25_load,0.528859
16111800,h25_load,0.539499
16112700,h25_load,0.542015
16113600,h25_load,0.532895
16114500,h25_load,0.520948
16115400,h25_load,0.510489
16116300,h25_load,0.496573
16117200,h25_load,0.483096
16118100,h25_load,0.470636
16119000,h25_load,0.458850
16119900,h25_load,0.450093
16120800,h25_load,0.443103
16121700,h25_load,0.435128
16122600,h25_load,0.431156
16123500,h25_load,0.426596
16124400,h25_load,0.424027
16125300,h25_load,0.419713
16126200,h25_load,0.416523
16127100,h25_load,0.412894
16128000,h25_load,0.409458
16128900,h25_load,0.410207
16129800,h25_load,0.415270
16130700,h25_load,0.423395
16131600,h25_load,0.432569
16132500,h25_load,0.441422
16133400,h25_load,0.451217
16134300,h25_load,0.461708
16135200,h25_load,0.471642
16136100,h25_load,0.475817
16137000,h25_load,0.477294
16137900,h25_load,0.481201
16138800,h25_load,0.482154
16139700,h25_load,0.477722
16140600,h25_load,0.474115
16141500,h25_load,0.473644
16142400,h25_load,0.470903
16143300,h25_load,0.462800
16144200,h25_load,0.455863
16145100,h25_load,0.447652
16146000,h25_load,0.441551
16146900,h25_load,0.432955
16147800,h25_load,0.430493
16148700,h25_load,0.432398
16149600,h25_load,0.425547
16150500,h25_load,0.408601
16151400,h25_load,0.389493
16152300,h25_load,0.367763
16153200,h25_load,0.346867
16154100,h25_load,0.326485
16155000,h25_load,0.309293
16155900,h25_load,0.292348
16156800,h25_load,0.277782
16157700,h25_load,0.263356
16158600,h25_load,0.253197
16159500,h25_load,0.242867
16160400,h25_load,0.235200
16161300,h25_load,0.227650
16162200,h25_load,0.220774
16163100,h25_load,0.215908
16164000,h25_load,0.212946
16164900,h25_load,0.210433
16165800,h25_load,0.208315
16166700,h25_load,0.206818
16167600,h25_load,0.206989
16168500,h25_load,0.205781
16169400,h25_load,0.205364
16170300,h25_load,0.205096
16171200,h25_load,0.208925
16172100,h25_load,0.211171
16173000,h25_load,0.214240
16173900,h25_load,0.217180
16174800,h25_load,0.226056
16175700,h25_load,0.228142
16176600,h25_load,0.235991
16177500,h25_load,0.242012
16178400,h25_load,0.261089
16179300,h25_load,0.271933
16180200,h25_load,0.280274
16181100,h25_load,0.287514
16182000,h25_load,0.296037
16182900,h25_load,0.301170
16183800,h25_load,0.303479
16184700,h25_load,0.301811
16185600,h25_load,0.299640
16186500,h25_load,0.300603
16187400,h25_load,0.300357
16188300,h25_load,0.300453
16189200,h25_load,0.302699
16190100,h25_load,0.304228
16191000,h25_load,0.303993
16191900,h25_load,0.303105
16192800,h25_load,0.303191
16193700,h25_load,0.306420
16194600,h25_load,0.310719
16195500,h25_load,0.315189
16196400,h25_load,0.324012
16197300,h25_load,0.334716
16198200,h25_load,0.343688
16199100,h25_load,0.348554
16200000,h25_load,0.353313
16200900,h25_load,0.353355
16201800,h25_load,0.350030
16202700,h25_load,0.347388
16203600,h25_load,0.343956
16204500,h25_load,0.341090
16205400,h25_load,0.336962
16206300,h25_load,0.334107
16207200,h25_load,0.330685
16208100,h25_load,0.329412
16209000,h25_load,0.325776
16209900,h25_load,0.326065
16210800,h25_load,0.327893
16211700,h25_load,0.328332
16212600,h25_load,0.329669
16213500,h25_load,0.332994
16214400,h25_load,0.340747
16215300,h25_load,0.347303
16216200,h25_load,0.355569
16217100,h25_load,0.366391
16218000,h25_load,0.379694
16218900,h25_load,0.394355
16219800,h25_load,0.406664
16220700,h25_load,0.419882
16221600,h25_load,0.433334
16222500,h25_load,0.444178
16223400,h25_load,0.454380
16224300,h25_load,0.461930
16225200,h25_load,0.463534
16226100,h25_load,0.464657
16227000,h25_load,0.464518
16227900,h25_load,0.463844
16228800,h25_load,0.460646
16229700,h25_load,0.454669
16230600,h25_load,0.448167
16231500,h25_load,0.442659
16232400,h25_load,0.437334
16233300,h25_load,0.429549
16234200,h25_load,0.427570
16235100,h25_load,0.431238
16236000,h25_load,0.429420
16236900,h25_load,0.413048
16237800,h25_load,0.394452
16238700,h25_load,0.373438
16239600,h25_load,0.352158
16240500,h25_load,0.331487
16241400,h25_load,0.314376
16242300,h25_load,0.298229
16243200,h25_load,0.277516
16244100,h25_load,0.263104
16245000,h25_load,0.252955
16245900,h25_load,0.242634
16246800,h25_load,0.234974
16247700,h25_load,0.227432
16248600,h25_load,0.220562
16249500,h25_load,0.215701
16250400,h25_load,0.212742
16251300,h25_load,0.210231
16252200,h25_load,0.208116
16253100,h25_load,0.206620
16254000,h25_load,0.206791
16254900,h25_load,0.205584
16255800,h25_load,0.205167
16256700,h25_load,0.204900
16257600,h25_load,0.208725
16258500,h25_load,0.210968
16259400,h25_load,0.214035
16260300,h25_load,0.216973
16261200,h25_load,0.225840
16262100,h25_load,0.227923
16263000,h25_load,0.235765
16263900,h25_load,0.241780
16264800,h25_load,0.260839
16265700,h25_load,0.271672
16266600,h25_load,0.280006
16267500,h25_load,0.287238
16268400,h25_load,0.295753
16269300,h25_load,0.300881
16270200,h25_load,0.303189
16271100,h25_load,0.301522
16272000,h25_load,0.299354
16272900,h25_load,0.300315
16273800,h25_load,0.300069
16274700,h25_load,0.300165
16275600,h25_load,0.302409
16276500,h25_load,0.303937
16277400,h25_load,0.303702
16278300,h25_load,0.302815
16279200,h25_load,0.302900
16280100,h25_load,0.306127
16281000,h25_load,0.310422
16281900,h25_load,0.314887
16282800,h25_load,0.323701
16283700,h25_load,0.334396
16284600,h25_load,0.343359
16285500,h25_load,0.348220
16286400,h25_load,0.352974
16287300,h25_load,0.353017
16288200,h25_load,0.349694
16289100,h25_load,0.347056
16290000,h25_load,0.343626
16290900,h25_load,0.340763
16291800,h25_load,0.336639
16292700,h25_load,0.333787
16293600,h25_load,0.330368
16294500,h25_load,0.329097
16295400,h25_load,0.325464
16296300,h25_load,0.325753
16297200,h25_load,0.327580
16298100,h25_load,0.328018
16299000,h25_load,0.329353
16299900,h25_load,0.332676
16300800,h25_load,0.340421
16301700,h25_load,0.346970
16302600,h25_load,0.355229
16303500,h25_load,0.366040
16304400,h25_load,0.379331
16305300,h25_load,0.393978
16306200,h25_load,0.406275
16307100,h25_load,0.419480
16308000,h25_load,0.432919
16308900,h25_load,0.443753
16309800,h25_load,0.453945
16310700,h25_load,0.461487
16311600,h25_load,0.463090
16312500,h25_load,0.464212
16313400,h25_load,0.464073
16314300,h25_load,0.463400
16315200,h25_load,0.460205
16316100,h25_load,0.454233
16317000,h25_load,0.447738
16317900,h25_load,0.442236
16318800,h25_load,0.436915
16319700,h25_load,0.429137
16320600,h25_load,0.427161
16321500,h25_load,0.430825
16322400,h25_load,0.429009
16323300,h25_load,0.412653
16324200,h25_load,0.394074
16325100,h25_load,0.373081
16326000,h25_load,0.351821
16326900,h25_load,0.331169
16327800,h25_load,0.314075
16328700,h25_load,0.297943
16329600,h25_load,0.277269
16330500,h25_load,0.262870
16331400,h25_load,0.252730
16332300,h25_load,0.242419
16333200,h25_load,0.234765
16334100,h25_load,0.227229
16335000,h25_load,0.220366
16335900,h25_load,0.215509
16336800,h25_load,0.212553
16337700,h25_load,0.210044
16338600,h25_load,0.207931
16339500,h25_load,0.206436
16340400,h25_load,0.206607
16341300,h25_load,0.205401
16342200,h25_load,0.204985
16343100,h25_load,0.204718
16344000,h25_load,0.208539
16344900,h25_load,0.210781
16345800,h25_load,0.213844
16346700,h25_load,0.216780
16347600,h25_load,0.225639
16348500,h25_load,0.227720
16349400,h25_load,0.235555
16350300,h25_load,0.241565
16351200,h25_load,0.260607
16352100,h25_load,0.271431
16353000,h25_load,0.279757
16353900,h25_load,0.286983
16354800,h25_load,0.295490
16355700,h25_load,0.300614
16356600,h25_load,0.302919
16357500,h25_load,0.301254
16358400,h25_load,0.299087
16359300,h25_load,0.300048
16360200,h25_load,0.299802
16361100,h25_load,0.299899
16362000,h25_load,0.302140
16362900,h25_load,0.303666
16363800,h25_load,0.303432
16364700,h25_load,0.302546
16365600,h25_load,0.302631
16366500,h25_load,0.305855
16367400,h25_load,0.310146
16368300,h25_load,0.314607
16369200,h25_load,0.323413
16370100,h25_load,0.334098
16371000,h25_load,0.343054
16371900,h25_load,0.347910
16372800,h25_load,0.352660
16373700,h25_load,0.352703
16374600,h25_load,0.349383
16375500,h25_load,0.346747
16376400,h25_load,0.343321
16377300,h25_load,0.340460
16378200,h25_load,0.336340
16379100,h25_load,0.333490
16380000,h25_load,0.330074
16380900,h25_load,0.328804
16381800,h25_load,0.325175
16382700,h25_load,0.325463
16383600,h25_load,0.327288
16384500,h25_load,0.327726
16385400,h25_load,0.329060
16386300,h25_load,0.332380
16387200,h25_load,0.340118
16388100,h25_load,0.346662
16389000,h25_load,0.354913
16389900,h25_load,0.365715
16390800,h25_load,0.378993
16391700,h25_load,0.393627
16392600,h25_load,0.405913
16393500,h25_load,0.419106
16394400,h25_load,0.432534
16395300,h25_load,0.443358
16396200,h25_load,0.453541
16397100,h25_load,0.461077
16398000,h25_load,0.462678
16398900,h25_load,0.463799
16399800,h25_load,0.463660
16400700,h25_load,0.462988
16401600,h25_load,0.459796
16402500,h25_load,0.453829
16403400,h25_load,0.447339
16404300,h25_load,0.441842
16405200,h25_load,0.436527
16406100,h25_load,0.428756
16407000,h25_load,0.426781
16407900,h25_load,0.430442
16408800,h25_load,0.428628
16409700,h25_load,0.412286
16410600,h25_load,0.393724
16411500,h25_load,0.372749
16412400,h25_load,0.351508
16413300,h25_load,0.330875
16414200,h25_load,0.313796
16415100,h25_load,0.297678
16416000,h25_load,0.277042
16416900,h25_load,0.262654
16417800,h25_load,0.252522
16418700,h25_load,0.242220
16419600,h25_load,0.234573
16420500,h25_load,0.227043
16421400,h25_load,0.220185
16422300,h25_load,0.215332
16423200,h25_load,0.212378
16424100,h25_load,0.209872
16425000,h25_load,0.207760
16425900,h25_load,0.206267
16426800,h25_load,0.206438
16427700,h25_load,0.205232
16428600,h25_load,0.204816
16429500,h25_load,0.204550
16430400,h25_load,0.208368
16431300,h25_load,0.210608
16432200,h25_load,0.213669
16433100,h25_load,0.216602
16434000,h25_load,0.225454
16434900,h25_load,0.227534
16435800,h25_load,0.235362
16436700,h25_load,0.241366
16437600,h25_load,0.260393
16438500,h25_load,0.271208
16439400,h25_load,0.279527
16440300,h25_load,0.286747
16441200,h25_load,0.295248
16442100,h25_load,0.300367
16443000,h25_load,0.302671
16443900,h25_load,0.301007
16444800,h25_load,0.298842
16445700,h25_load,0.299802
16446600,h25_load,0.299556
16447500,h25_load,0.299652
16448400,h25_load,0.301892
16449300,h25_load,0.303417
16450200,h25_load,0.303183
16451100,h25_load,0.302297
16452000,h25_load,0.302383
16452900,h25_load,0.305604
16453800,h25_load,0.309891
16454700,h25_load,0.314349
16455600,h25_load,0.323148
16456500,h25_load,0.333824
16457400,h25_load,0.342772
16458300,h25_load,0.347625
16459200,h25_load,0.352371
16460100,h25_load,0.352414
16461000,h25_load,0.349097
16461900,h25_load,0.346462
16462800,h25_load,0.343039
16463700,h25_load,0.340180
16464600,h25_load,0.336064
16465500,h25_load,0.333216
16466400,h25_load,0.329803
16467300,h25_load,0.328534
16468200,h25_load,0.324908
16469100,h25_load,0.325196
16470000,h25_load,0.327019
16470900,h25_load,0.327457
16471800,h25_load,0.328790
16472700,h25_load,0.332107
16473600,h25_load,0.339839
16474500,h25_load,0.346377
16475400,h25_load,0.354621
16476300,h25_load,0.365415
16477200,h25_load,0.378682
16478100,h25_load,0.393304
16479000,h25_load,0.405580
16479900,h25_load,0.418762
16480800,h25_load,0.432179
16481700,h25_load,0.442994
16482600,h25_load,0.453169
16483500,h25_load,0.460698
16484400,h25_load,0.462298
16485300,h25_load,0.463418
16486200,h25_load,0.463279
16487100,h25_load,0.462607
16488000,h25_load,0.459419
16488900,h25_load,0.453457
16489800,h25_load,0.446972
16490700,h25_load,0.441479
16491600,h25_load,0.436168
16492500,h25_load,0.428404
16493400,h25_load,0.426431
16494300,h25_load,0.430089
16495200,h25_load,0.428276
16496100,h25_load,0.411947
16497000,h25_load,0.393400
16497900,h25_load,0.372443
16498800,h25_load,0.351219
16499700,h25_load,0.330603
16500600,h25_load,0.313539
16501500,h25_load,0.297434
16502400,h25_load,0.276833
16503300,h25_load,0.262457
16504200,h25_load,0.252332
16505100,h25_load,0.242037
16506000,h25_load,0.234396
16506900,h25_load,0.226872
16507800,h25_load,0.220020
16508700,h25_load,0.215170
16509600,h25_load,0.212218
16510500,h25_load,0.209714
16511400,h25_load,0.207604
16512300,h25_load,0.206112
16513200,h25_load,0.206282
16514100,h25_load,0.205078
16515000,h25_load,0.204662
16515900,h25_load,0.204396
16516800,h25_load,0.208211
16517700,h25_load,0.210449
16518600,h25_load,0.213508
16519500,h25_load,0.216439
16520400,h25_load,0.225284
16521300,h25_load,0.227362
16522200,h25_load,0.235185
16523100,h25_load,0.241185
16524000,h25_load,0.260197
16524900,h25_load,0.271004
16525800,h25_load,0.279317
16526700,h25_load,0.286532
16527600,h25_load,0.295025
16528500,h25_load,0.300141
16529400,h25_load,0.302443
16530300,h25_load,0.300780
16531200,h25_load,0.298617
16532100,h25_load,0.299576
16533000,h25_load,0.299331
16533900,h25_load,0.299427
16534800,h25_load,0.301665
16535700,h25_load,0.303189
16536600,h25_load,0.302954
16537500,h25_load,0.302070
16538400,h25_load,0.302155
16539300,h25_load,0.305374
16540200,h25_load,0.309658
16541100,h25_load,0.314113
16542000,h25_load,0.322905
16542900,h25_load,0.333573
16543800,h25_load,0.342514
16544700,h25_load,0.347363
16545600,h25_load,0.352106
16546500,h25_load,0.352148
16547400,h25_load,0.348834
16548300,h25_load,0.346202
16549200,h25_load,0.342781
16550100,h25_load,0.339925
16551000,h25_load,0.335811
16551900,h25_load,0.332965
16552800,h25_load,0.329555
16553700,h25_load,0.328287
16554600,h25_load,0.324663
16555500,h25_load,0.324951
16556400,h25_load,0.326773
16557300,h25_load,0.327210
16558200,h25_load,0.328543
16559100,h25_load,0.331857
16560000,h25_load,0.339584
16560900,h25_load,0.346116
16561800,h25_load,0.354354
16562700,h25_load,0.365140
16563600,h25_load,0.378397
16564500,h25_load,0.393008
16565400,h25_load,0.405275
16566300,h25_load,0.418447
16567200,h25_load,0.431854
16568100,h25_load,0.442661
16569000,h25_load,0.452828
16569900,h25_load,0.460352
16570800,h25_load,0.461950
16571700,h25_load,0.463069
16572600,h25_load,0.462931
16573500,h25_load,0.462259
16574400,h25_load,0.459073
16575300,h25_load,0.453115
16576200,h25_load,0.446636
16577100,h25_load,0.441147
16578000,h25_load,0.435840
16578900,h25_load,0.428082
16579800,h25_load,0.426110
16580700,h25_load,0.429765
16581600,h25_load,0.427954
16582500,h25_load,0.411637
16583400,h25_load,0.393104
16584300,h25_load,0.372163
16585200,h25_load,0.350955
16586100,h25_load,0.330354
16587000,h25_load,0.313303
16587900,h25_load,0.297210
16588800,h25_load,0.300916
16589700,h25_load,0.286144
16590600,h25_load,0.274983
16591500,h25_load,0.263800
16592400,h25_load,0.254183
16593300,h25_load,0.244939
16594200,h25_load,0.237410
16595100,h25_load,0.231478
16596000,h25_load,0.226430
16596900,h25_load,0.223362
16597800,h25_load,0.219922
16598700,h25_load,0.217303
16599600,h25_load,0.216493
16600500,h25_load,0.215194
16601400,h25_load,0.213309
16602300,h25_load,0.211690
16603200,h25_load,0.213895
16604100,h25_load,0.213394
16605000,h25_load,0.213309
16605900,h25_load,0.212670
16606800,h25_load,0.215961
16607700,h25_load,0.214374
16608600,h25_load,0.217707
16609500,h25_load,0.221030
16610400,h25_load,0.234907
16611300,h25_load,0.242458
16612200,h25_load,0.252394
16613100,h25_load,0.263587
16614000,h25_load,0.282406
16614900,h25_load,0.299648
16615800,h25_load,0.316987
16616700,h25_load,0.332184
16617600,h25_load,0.348447
16618500,h25_load,0.362803
16619400,h25_load,0.374848
16620300,h25_load,0.386094
16621200,h25_load,0.394082
16622100,h25_load,0.404508
16623000,h25_load,0.410664
16623900,h25_load,0.414296
16624800,h25_load,0.420260
16625700,h25_load,0.424424
16626600,h25_load,0.430260
16627500,h25_load,0.438865
16628400,h25_load,0.449483
16629300,h25_load,0.461550
16630200,h25_load,0.465543
16631100,h25_load,0.470283
16632000,h25_load,0.468312
16632900,h25_load,0.463807
16633800,h25_load,0.458994
16634700,h25_load,0.452486
16635600,h25_load,0.445340
16636500,h25_load,0.440974
16637400,h25_load,0.434328
16638300,h25_load,0.429589
16639200,h25_load,0.428002
16640100,h25_load,0.426884
16641000,h25_load,0.424413
16641900,h25_load,0.422326
16642800,h25_load,0.421932
16643700,h25_load,0.420196
16644600,h25_load,0.420238
16645500,h25_load,0.418619
16646400,h25_load,0.417554
16647300,h25_load,0.418502
16648200,h25_load,0.419802
16649100,h25_load,0.425031
16650000,h25_load,0.431282
16650900,h25_load,0.436117
16651800,h25_load,0.442561
16652700,h25_load,0.450154
16653600,h25_load,0.456044
16654500,h25_load,0.461454
16655400,h25_load,0.463818
16656300,h25_load,0.462508
16657200,h25_load,0.458887
16658100,h25_load,0.455703
16659000,h25_load,0.452188
16659900,h25_load,0.448652
16660800,h25_load,0.444914
16661700,h25_load,0.438386
16662600,h25_load,0.431421
16663500,h25_load,0.426042
16664400,h25_load,0.422805
16665300,h25_load,0.416106
16666200,h25_load,0.415488
16667100,h25_load,0.418950
16668000,h25_load,0.419471
16668900,h25_load,0.407075
16669800,h25_load,0.393848
16670700,h25_load,0.380003
16671600,h25_load,0.366424
16672500,h25_load,0.351024
16673400,h25_load,0.338105
16674300,h25_load,0.322343
16675200,h25_load,0.305861
16676100,h25_load,0.291407
16677000,h25_load,0.279923
16677900,h25_load,0.269269
16678800,h25_load,0.260254
16679700,h25_load,0.250462
16680600,h25_load,0.243852
16681500,h25_load,0.237115
16682400,h25_load,0.232187
16683300,h25_load,0.226897
16684200,h25_load,0.223193
16685100,h25_load,0.219702
16686000,h25_load,0.217925
16686900,h25_load,0.215136
16687800,h25_load,0.212997
16688700,h25_load,0.210900
16689600,h25_load,0.211496
16690500,h25_load,0.209666
16691400,h25_load,0.209985
16692300,h25_load,0.209048
16693200,h25_load,0.211358
16694100,h25_load,0.209027
16695000,h25_load,0.212454
16695900,h25_load,0.214498
16696800,h25_load,0.224343
16697700,h25_load,0.228622
16698600,h25_load,0.237551
16699500,h25_load,0.246119
16700400,h25_load,0.261904
16701300,h25_load,0.278156
16702200,h25_load,0.297463
16703100,h25_load,0.315206
16704000,h25_load,0.336120
16704900,h25_load,0.357748
16705800,h25_load,0.375086
16706700,h25_load,0.391530
16707600,h25_load,0.408528
16708500,h25_load,0.423929
16709400,h25_load,0.437478
16710300,h25_load,0.447366
16711200,h25_load,0.458393
16712100,h25_load,0.469653
16713000,h25_load,0.480393
16713900,h25_load,0.493080
16714800,h25_load,0.508619
16715700,h25_load,0.525829
16716600,h25_load,0.536409
16717500,h25_load,0.538910
16718400,h25_load,0.529842
16719300,h25_load,0.517964
16720200,h25_load,0.507565
16721100,h25_load,0.493729
16722000,h25_load,0.480329
16722900,h25_load,0.467940
16723800,h25_load,0.456221
16724700,h25_load,0.447515
16725600,h25_load,0.440565
16726500,h25_load,0.432635
16727400,h25_load,0.428687
16728300,h25_load,0.424153
16729200,h25_load,0.421598
16730100,h25_load,0.417309
16731000,h25_load,0.414137
16731900,h25_load,0.410529
16732800,h25_load,0.407112
16733700,h25_load,0.407857
16734600,h25_load,0.412892
16735500,h25_load,0.420970
16736400,h25_load,0.430092
16737300,h25_load,0.438894
16738200,h25_load,0.448632
16739100,h25_load,0.459063
16740000,h25_load,0.468940
16740900,h25_load,0.473091
16741800,h25_load,0.474560
16742700,h25_load,0.478445
16743600,h25_load,0.479392
16744500,h25_load,0.474986
16745400,h25_load,0.471399
16746300,h25_load,0.470931
16747200,h25_load,0.468206
16748100,h25_load,0.460149
16749000,h25_load,0.453252
16749900,h25_load,0.445088
16750800,h25_load,0.439021
16751700,h25_load,0.430475
16752600,h25_load,0.428027
16753500,h25_load,0.429921
16754400,h25_load,0.423109
16755300,h25_load,0.406261
16756200,h25_load,0.387262
16757100,h25_load,0.365656
16758000,h25_load,0.344880
16758900,h25_load,0.324615
16759800,h25_load,0.307521
16760700,h25_load,0.290673
16761600,h25_load,0.276324
16762500,h25_load,0.261974
16763400,h25_load,0.251868
16764300,h25_load,0.241592
16765200,h25_load,0.233965
16766100,h25_load,0.226455
16767000,h25_load,0.219615
16767900,h25_load,0.214774
16768800,h25_load,0.211828
16769700,h25_load,0.209328
16770600,h25_load,0.207222
16771500,h25_load,0.205732
16772400,h25_load,0.205903
16773300,h25_load,0.204701
16774200,h25_load,0.204286
16775100,h25_load,0.204020
16776000,h25_load,0.207828
16776900,h25_load,0.210062
16777800,h25_load,0.213115
16778700,h25_load,0.216040
16779600,h25_load,0.224870
16780500,h25_load,0.226944
16781400,h25_load,0.234752
16782300,h25_load,0.240741
16783200,h25_load,0.259719
16784100,h25_load,0.270505
16785000,h25_load,0.278803
16785900,h25_load,0.286004
16786800,h25_load,0.294483
16787700,h25_load,0.299589
16788600,h25_load,0.301886
16789500,h25_load,0.300227
16790400,h25_load,0.298067
16791300,h25_load,0.299025
16792200,h25_load,0.298780
16793100,h25_load,0.298876
16794000,h25_load,0.301110
16794900,h25_load,0.302631
16795800,h25_load,0.302397
16796700,h25_load,0.301514
16797600,h25_load,0.301599
16798500,h25_load,0.304812
16799400,h25_load,0.309088
16800300,h25_load,0.313535
16801200,h25_load,0.322311
16802100,h25_load,0.332959
16803000,h25_load,0.341884
16803900,h25_load,0.346724
16804800,h25_load,0.351458
16805700,h25_load,0.351500
16806600,h25_load,0.348192
16807500,h25_load,0.345565
16808400,h25_load,0.342150
16809300,h25_load,0.339299
16810200,h25_load,0.335193
16811100,h25_load,0.332353
16812000,h25_load,0.328949
16812900,h25_load,0.327683
16813800,h25_load,0.324066
16814700,h25_load,0.324353
16815600,h25_load,0.326172
16816500,h25_load,0.326608
16817400,h25_load,0.327938
16818300,h25_load,0.331246
16819200,h25_load,0.338959
16820100,h25_load,0.345480
16821000,h25_load,0.353702
16821900,h25_load,0.364468
16822800,h25_load,0.377701
16823700,h25_load,0.392285
16824600,h25_load,0.404529
16825500,h25_load,0.417677
16826400,h25_load,0.431060
16827300,h25_load,0.441846
16828200,h25_load,0.451994
16829100,h25_load,0.459505
16830000,h25_load,0.461100
16830900,h25_load,0.462217
16831800,h25_load,0.462079
16832700,h25_load,0.461409
16833600,h25_load,0.458228
16834500,h25_load,0.452282
16835400,h25_load,0.445814
16836300,h25_load,0.440336
16837200,h25_load,0.435038
16838100,h25_load,0.427294
16839000,h25_load,0.425326
16839900,h25_load,0.428975
16840800,h25_load,0.427166
16841700,h25_load,0.410880
16842600,h25_load,0.392381
16843500,h25_load,0.371478
16844400,h25_load,0.350309
16845300,h25_load,0.329746
16846200,h25_load,0.312726
16847100,h25_load,0.296663
16848000,h25_load,0.276193
16848900,h25_load,0.261850
16849800,h25_load,0.251749
16850700,h25_load,0.241477
16851600,h25_load,0.233854
16852500,h25_load,0.226347
16853400,h25_load,0.219510
16854300,h25_load,0.214673
16855200,h25_load,0.211727
16856100,h25_load,0.209229
16857000,h25_load,0.207123
16857900,h25_load,0.205635
16858800,h25_load,0.205805
16859700,h25_load,0.204604
16860600,h25_load,0.204189
16861500,h25_load,0.203923
16862400,h25_load,0.207730
16863300,h25_load,0.209962
16864200,h25_load,0.213014
16865100,h25_load,0.215938
16866000,h25_load,0.224763
16866900,h25_load,0.226836
16867800,h25_load,0.234641
16868700,h25_load,0.240627
16869600,h25_load,0.259595
16870500,h25_load,0.270377
16871400,h25_load,0.278670
16872300,h25_load,0.285869
16873200,h25_load,0.294343
16874100,h25_load,0.299446
16875000,h25_load,0.301743
16875900,h25_load,0.300084
16876800,h25_load,0.297926
16877700,h25_load,0.298883
16878600,h25_load,0.298638
16879500,h25_load,0.298734
16880400,h25_load,0.300967
16881300,h25_load,0.302487
16882200,h25_load,0.302253
16883100,h25_load,0.301371
16884000,h25_load,0.301456
16884900,h25_load,0.304667
16885800,h25_load,0.308941
16886700,h25_load,0.313386
16887600,h25_load,0.322158
16888500,h25_load,0.332801
16889400,h25_load,0.341722
16890300,h25_load,0.346560
16891200,h25_load,0.351291
16892100,h25_load,0.351334
16893000,h25_load,0.348027
16893900,h25_load,0.345401
16894800,h25_load,0.341988
16895700,h25_load,0.339138
16896600,h25_load,0.335034
16897500,h25_load,0.332195
16898400,h25_load,0.328793
16899300,h25_load,0.327527
16900200,h25_load,0.323912
16901100,h25_load,0.324199
16902000,h25_load,0.326017
16902900,h25_load,0.326453
16903800,h25_load,0.327782
16904700,h25_load,0.331089
16905600,h25_load,0.338798
16906500,h25_load,0.345316
16907400,h25_load,0.353535
16908300,h25_load,0.364295
16909200,h25_load,0.377522
16910100,h25_load,0.392099
16911000,h25_load,0.404337
16911900,h25_load,0.417479
16912800,h25_load,0.430855
16913700,h25_load,0.441637
16914600,h25_load,0.451780
16915500,h25_load,0.459287
16916400,h25_load,0.460882
16917300,h25_load,0.461998
16918200,h25_load,0.461860
16919100,h25_load,0.461190
16920000,h25_load,0.458011
16920900,h25_load,0.452067
16921800,h25_load,0.445602
16922700,h25_load,0.440127
16923600,h25_load,0.434832
16924500,h25_load,0.427091
16925400,h25_load,0.425124
16926300,h25_load,0.428771
16927200,h25_load,0.426964
16928100,h25_load,0.410685
16929000,h25_load,0.392195
16929900,h25_load,0.371302
16930800,h25_load,0.350143
16931700,h25_load,0.329590
16932600,h25_load,0.312578
16933500,h25_load,0.296523
16934400,h25_load,0.276081
16935300,h25_load,0.261744
16936200,h25_load,0.251647
16937100,h25_load,0.241380
16938000,h25_load,0.233759
16938900,h25_load,0.226256
16939800,h25_load,0.219422
16940700,h25_load,0.214586
16941600,h25_load,0.211642
16942500,h25_load,0.209144
16943400,h25_load,0.207040
16944300,h25_load,0.205552
16945200,h25_load,0.205722
16946100,h25_load,0.204521
16947000,h25_load,0.204106
16947900,h25_load,0.203841
16948800,h25_load,0.207646
16949700,h25_load,0.209877
16950600,h25_load,0.212928
16951500,h25_load,0.215851
16952400,h25_load,0.224672
16953300,h25_load,0.226745
16954200,h25_load,0.234546
16955100,h25_load,0.240530
16956000,h25_load,0.259490
16956900,h25_load,0.270268
16957800,h25_load,0.278558
16958700,h25_load,0.285753
16959600,h25_load,0.294224
16960500,h25_load,0.299325
16961400,h25_load,0.301621
16962300,h25_load,0.299963
16963200,h25_load,0.297806
16964100,h25_load,0.298762
16965000,h25_load,0.298518
16965900,h25_load,0.298613
16966800,h25_load,0.300845
16967700,h25_load,0.302365
16968600,h25_load,0.302131
16969500,h25_load,0.301249
16970400,h25_load,0.301334
16971300,h25_load,0.304544
16972200,h25_load,0.308816
16973100,h25_load,0.313259
16974000,h25_load,0.322027
16974900,h25_load,0.332666
16975800,h25_load,0.341584
16976700,h25_load,0.346419
16977600,h25_load,0.351149
16978500,h25_load,0.351192
16979400,h25_load,0.347886
16980300,h25_load,0.345261
16981200,h25_load,0.341849
16982100,h25_load,0.339001
16983000,h25_load,0.334898
16983900,h25_load,0.332061
16984800,h25_load,0.328660
16985700,h25_load,0.327395
16986600,h25_load,0.323781
16987500,h25_load,0.324068
16988400,h25_load,0.325886
16989300,h25_load,0.326321
16990200,h25_load,0.327650
16991100,h25_load,0.330955
16992000,h25_load,0.338661
16992900,h25_load,0.345176
16993800,h25_load,0.353392
16994700,h25_load,0.364148
16995600,h25_load,0.377369
16996500,h25_load,0.391941
16997400,h25_load,0.404174
16998300,h25_load,0.417310
16999200,h25_load,0.430681
17000100,h25_load,0.441458
17001000,h25_load,0.451597
17001900,h25_load,0.459101
17002800,h25_load,0.460695
17003700,h25_load,0.461811
17004600,h25_load,0.461673
17005500,h25_load,0.461003
17006400,h25_load,0.457826
17007300,h25_load,0.451884
17008200,h25_load,0.445422
17009100,h25_load,0.439949
17010000,h25_load,0.434656
17010900,h25_load,0.426918
17011800,h25_load,0.424952
17012700,h25_load,0.428598
17013600,h25_load,0.426791
17014500,h25_load,0.410519
17015400,h25_load,0.392036
17016300,h25_load,0.371152
17017200,h25_load,0.350001
17018100,h25_load,0.329457
17019000,h25_load,0.312451
17019900,h25_load,0.296403
17020800,h25_load,0.275989
17021700,h25_load,0.261656
17022600,h25_load,0.251563
17023500,h25_load,0.241299
17024400,h25_load,0.233681
17025300,h25_load,0.226180
17026200,h25_load,0.219348
17027100,h25_load,0.214514
17028000,h25_load,0.211571
17028900,h25_load,0.209074
17029800,h25_load,0.206971
17030700,h25_load,0.205483
17031600,h25_load,0.205653
17032500,h25_load,0.204452
17033400,h25_load,0.204038
17034300,h25_load,0.203772
17035200,h25_load,0.207576
17036100,h25_load,0.209807
17037000,h25_load,0.212857
17037900,h25_load,0.215778
17038800,h25_load,0.224597
17039700,h25_load,0.226669
17040600,h25_load,0.234467
17041500,h25_load,0.240449
17042400,h25_load,0.259404
17043300,h25_load,0.270177
17044200,h25_load,0.278465
17045100,h25_load,0.285658
17046000,h25_load,0.294125
17046900,h25_load,0.299225
17047800,h25_load,0.301520
17048700,h25_load,0.299863
17049600,h25_load,0.297706
17050500,h25_load,0.298662
17051400,h25_load,0.298418
17052300,h25_load,0.298514
17053200,h25_load,0.300745
17054100,h25_load,0.302264
17055000,h25_load,0.302030
17055900,h25_load,0.301148
17056800,h25_load,0.301233
17057700,h25_load,0.304442
17058600,h25_load,0.308713
17059500,h25_load,0.313154
17060400,h25_load,0.321920
17061300,h25_load,0.332555
17062200,h25_load,0.341469
17063100,h25_load,0.346304
17064000,h25_load,0.351032
17064900,h25_load,0.351074
17065800,h25_load,0.347770
17066700,h25_load,0.345146
17067600,h25_load,0.341735
17068500,h25_load,0.338888
17069400,h25_load,0.334786
17070300,h25_load,0.331950
17071200,h25_load,0.328550
17072100,h25_load,0.327285
17073000,h25_load,0.323673
17073900,h25_load,0.323960
17074800,h25_load,0.325777
17075700,h25_load,0.326212
17076600,h25_load,0.327540
17077500,h25_load,0.330845
17078400,h25_load,0.338548
17079300,h25_load,0.345061
17080200,h25_load,0.353274
17081100,h25_load,0.364026
17082000,h25_load,0.377243
17082900,h25_load,0.391810
17083800,h25_load,0.404039
17084700,h25_load,0.417171
17085600,h25_load,0.430537
17086500,h25_load,0.441310
17087400,h25_load,0.451446
17088300,h25_load,0.458948
17089200,h25_load,0.460541
17090100,h25_load,0.461657
17091000,h25_load,0.461519
17091900,h25_load,0.460849
17092800,h25_load,0.457673
17093700,h25_load,0.451733
17094600,h25_load,0.445273
17095500,h25_load,0.439802
17096400,h25_load,0.434511
17097300,h25_load,0.426776
17098200,h25_load,0.424810
17099100,h25_load,0.428454
17100000,h25_load,0.426648
17100900,h25_load,0.410382
17101800,h25_load,0.391905
17102700,h25_load,0.371028
17103600,h25_load,0.349884
17104500,h25_load,0.329347
17105400,h25_load,0.312347
17106300,h25_load,0.296304
17107200,h25_load,0.275916
17108100,h25_load,0.261587
17109000,h25_load,0.251496
17109900,h25_load,0.241235
17110800,h25_load,0.233620
17111700,h25_load,0.226120
17112600,h25_load,0.219291
17113500,h25_load,0.214458
17114400,h25_load,0.211515
17115300,h25_load,0.209019
17116200,h25_load,0.206916
17117100,h25_load,0.205429
17118000,h25_load,0.205599
17118900,h25_load,0.204399
17119800,h25_load,0.203984
17120700,h25_load,0.203719
17121600,h25_load,0.207521
17122500,h25_load,0.209752
17123400,h25_load,0.212800
17124300,h25_load,0.215722
17125200,h25_load,0.224538
17126100,h25_load,0.226609
17127000,h25_load,0.234406
17127900,h25_load,0.240386
17128800,h25_load,0.259335
17129700,h25_load,0.270106
17130600,h25_load,0.278391
17131500,h25_load,0.285582
17132400,h25_load,0.294048
17133300,h25_load,0.299146
17134200,h25_load,0.301441
17135100,h25_load,0.299784
17136000,h25_load,0.297628
17136900,h25_load,0.298583
17137800,h25_load,0.298339
17138700,h25_load,0.298435
17139600,h25_load,0.300665
17140500,h25_load,0.302184
17141400,h25_load,0.301951
17142300,h25_load,0.301069
17143200,h25_load,0.301154
17144100,h25_load,0.304362
17145000,h25_load,0.308632
17145900,h25_load,0.313072
17146800,h25_load,0.321835
17147700,h25_load,0.332468
17148600,h25_load,0.341379
17149500,h25_load,0.346212
17150400,h25_load,0.350939
17151300,h25_load,0.350982
17152200,h25_load,0.347678
17153100,h25_load,0.345055
17154000,h25_load,0.341645
17154900,h25_load,0.338798
17155800,h25_load,0.334698
17156700,h25_load,0.331862
17157600,h25_load,0.328463
17158500,h25_load,0.327199
17159400,h25_load,0.323588
17160300,h25_load,0.323874
17161200,h25_load,0.325691
17162100,h25_load,0.326126
17163000,h25_load,0.327454
17163900,h25_load,0.330757
17164800,h25_load,0.338458
17165700,h25_load,0.344970
17166600,h25_load,0.353180
17167500,h25_load,0.363930
17168400,h25_load,0.377144
17169300,h25_load,0.391706
17170200,h25_load,0.403932
17171100,h25_load,0.417061
17172000,h25_load,0.430423
17172900,h25_load,0.441194
17173800,h25_load,0.451327
17174700,h25_load,0.458826
17175600,h25_load,0.460420
17176500,h25_load,0.461535
17177400,h25_load,0.461397
17178300,h25_load,0.460728
17179200,h25_load,0.457552
17180100,h25_load,0.451614
17181000,h25_load,0.445156
17181900,h25_load,0.439686
17182800,h25_load,0.434396
17183700,h25_load,0.426663
17184600,h25_load,0.424698
17185500,h25_load,0.428341
17186400,h25_load,0.426536
17187300,h25_load,0.410273
17188200,h25_load,0.391802
17189100,h25_load,0.370930
17190000,h25_load,0.349792
17190900,h25_load,0.329260
17191800,h25_load,0.312265
17192700,h25_load,0.296225
17193600,h25_load,0.300066
17194500,h25_load,0.285336
17195400,h25_load,0.274206
17196300,h25_load,0.263055
17197200,h25_load,0.253465
17198100,h25_load,0.244247
17199000,h25_load,0.236739
17199900,h25_load,0.230824
17200800,h25_load,0.225790
17201700,h25_load,0.222731
17202600,h25_load,0.219301
17203500,h25_load,0.216689
17204400,h25_load,0.215882
17205300,h25_load,0.214586
17206200,h25_load,0.212706
17207100,h25_load,0.211092
17208000,h25_load,0.213290
17208900,h25_load,0.212791
17209800,h25_load,0.212706
17210700,h25_load,0.212069
17211600,h25_load,0.215351
17212500,h25_load,0.213768
17213400,h25_load,0.217092
17214300,h25_load,0.220406
17215200,h25_load,0.234243
17216100,h25_load,0.241773
17217000,h25_load,0.251681
17217900,h25_load,0.262843
17218800,h25_load,0.281608
17219700,h25_load,0.298802
17220600,h25_load,0.316091
17221500,h25_load,0.331246
17222400,h25_load,0.347462
17223300,h25_load,0.361778
17224200,h25_load,0.373789
17225100,h25_load,0.385004
17226000,h25_load,0.392969
17226900,h25_load,0.403366
17227800,h25_load,0.409504
17228700,h25_load,0.413125
17229600,h25_load,0.419072
17230500,h25_load,0.423225
17231400,h25_load,0.429045
17232300,h25_load,0.437625
17233200,h25_load,0.448213
17234100,h25_load,0.460246
17235000,h25_load,0.464228
17235900,h25_load,0.468954
17236800,h25_load,0.466989
17237700,h25_load,0.462497
17238600,h25_load,0.457697
17239500,h25_load,0.451208
17240400,h25_load,0.444082
17241300,h25_load,0.439728
17242200,h25_load,0.433101
17243100,h25_load,0.428375
17244000,h25_load,0.426793
17244900,h25_load,0.425678
17245800,h25_load,0.423214
17246700,h25_load,0.421133
17247600,h25_load,0.420740
17248500,h25_load,0.419009
17249400,h25_load,0.419051
17250300,h25_load,0.417437
17251200,h25_load,0.416375
17252100,h25_load,0.417320
17253000,h25_load,0.418616
17253900,h25_load,0.423830
17254800,h25_load,0.430064
17255700,h25_load,0.434885
17256600,h25_load,0.441311
17257500,h25_load,0.448883
17258400,h25_load,0.454755
17259300,h25_load,0.460150
17260200,h25_load,0.462508
17261100,h25_load,0.461202
17262000,h25_load,0.457591
17262900,h25_load,0.454415
17263800,h25_load,0.450911
17264700,h25_load,0.447385
17265600,h25_load,0.443658
17266500,h25_load,0.437148
17267400,h25_load,0.430202
17268300,h25_load,0.424839
17269200,h25_load,0.421611
17270100,h25_load,0.414931
17271000,h25_load,0.414315
17271900,h25_load,0.417766
17272800,h25_load,0.418287
17273700,h25_load,0.405925
17274600,h25_load,0.392735
17275500,h25_load,0.378929
17276400,h25_load,0.365389
17277300,h25_load,0.350032
17278200,h25_load,0.337150
17279100,h25_load,0.321433
17280000,h25_load,0.305147
17280900,h25_load,0.290727
17281800,h25_load,0.279269
17282700,h25_load,0.268640
17283600,h25_load,0.259646
17284500,h25_load,0.249877
17285400,h25_load,0.243283
17286300,h25_load,0.236561
17287200,h25_load,0.231645
17288100,h25_load,0.226368
17289000,h25_load,0.222672
17289900,h25_load,0.219189
17290800,h25_load,0.217416
17291700,h25_load,0.214634
17292600,h25_load,0.212500
17293500,h25_load,0.210408
17294400,h25_load,0.211002
17295300,h25_load,0.209176
17296200,h25_load,0.209495
17297100,h25_load,0.208560
17298000,h25_load,0.210864
17298900,h25_load,0.208539
17299800,h25_load,0.211958
17300700,h25_load,0.213997
17301600,h25_load,0.223819
17302500,h25_load,0.228088
17303400,h25_load,0.236997
17304300,h25_load,0.245545
17305200,h25_load,0.261292
17306100,h25_load,0.277507
17307000,h25_load,0.296769
17307900,h25_load,0.314470
17308800,h25_load,0.335336
17309700,h25_load,0.356913
17310600,h25_load,0.374210
17311500,h25_load,0.390616
17312400,h25_load,0.407574
17313300,h25_load,0.422939
17314200,h25_load,0.436457
17315100,h25_load,0.446321
17316000,h25_load,0.457322
17316900,h25_load,0.468557
17317800,h25_load,0.479271
17318700,h25_load,0.491928
17319600,h25_load,0.507432
17320500,h25_load,0.524602
17321400,h25_load,0.535157
17322300,h25_load,0.537652
17323200,h25_load,0.528605
17324100,h25_load,0.516755
17325000,h25_load,0.506380
17325900,h25_load,0.492576
17326800,h25_load,0.479207
17327700,h25_load,0.466847
17328600,h25_load,0.455156
17329500,h25_load,0.446470
17330400,h25_load,0.439536
17331300,h25_load,0.431625
17332200,h25_load,0.427686
17333100,h25_load,0.423162
17334000,h25_load,0.420614
17334900,h25_load,0.416334
17335800,h25_load,0.413170
17336700,h25_load,0.409570
17337600,h25_load,0.406162
17338500,h25_load,0.406905
17339400,h25_load,0.411928
17340300,h25_load,0.419987
17341200,h25_load,0.429087
17342100,h25_load,0.437869
17343000,h25_load,0.447585
17343900,h25_load,0.457991
17344800,h25_load,0.467845
17345700,h25_load,0.471987
17346600,h25_load,0.473452
17347500,h25_load,0.477328
17348400,h25_load,0.478273
17349300,h25_load,0.473877
17350200,h25_load,0.470298
17351100,h25_load,0.469831
17352000,h25_load,0.467113
17352900,h25_load,0.459074
17353800,h25_load,0.452194
17354700,h25_load,0.444049
17355600,h25_load,0.437996
17356500,h25_load,0.429470
17357400,h25_load,0.427027
17358300,h25_load,0.428918
17359200,h25_load,0.422122
17360100,h25_load,0.405312
17361000,h25_load,0.386358
17361900,h25_load,0.364802
17362800,h25_load,0.344075
17363700,h25_load,0.323857
17364600,h25_load,0.306804
17365500,h25_load,0.289994
17366400,h25_load,0.275815
17367300,h25_load,0.261491
17368200,h25_load,0.251404
17369100,h25_load,0.241147
17370000,h25_load,0.233534
17370900,h25_load,0.226037
17371800,h25_load,0.219210
17372700,h25_load,0.214379
17373600,h25_load,0.211437
17374500,h25_load,0.208942
17375400,h25_load,0.206840
17376300,h25_load,0.205353
17377200,h25_load,0.205523
17378100,h25_load,0.204323
17379000,h25_load,0.203909
17379900,h25_load,0.203644
17380800,h25_load,0.207445
17381700,h25_load,0.209675
17382600,h25_load,0.212722
17383500,h25_load,0.215642
17384400,h25_load,0.224455
17385300,h25_load,0.226526
17386200,h25_load,0.234319
17387100,h25_load,0.240297
17388000,h25_load,0.259240
17388900,h25_load,0.270007
17389800,h25_load,0.278289
17390700,h25_load,0.285477
17391600,h25_load,0.293940
17392500,h25_load,0.299036
17393400,h25_load,0.301330
17394300,h25_load,0.299673
17395200,h25_load,0.297518
17396100,h25_load,0.298474
17397000,h25_load,0.298229
17397900,h25_load,0.298325
17398800,h25_load,0.300555
17399700,h25_load,0.302073
17400600,h25_load,0.301840
17401500,h25_load,0.300958
17402400,h25_load,0.301043
17403300,h25_load,0.304250
17404200,h25_load,0.308518
17405100,h25_load,0.312957
17406000,h25_load,0.321717
17406900,h25_load,0.332345
17407800,h25_load,0.341254
17408700,h25_load,0.346085
17409600,h25_load,0.350810
17410500,h25_load,0.350853
17411400,h25_load,0.347550
17412300,h25_load,0.344928
17413200,h25_load,0.341519
17414100,h25_load,0.338674
17415000,h25_load,0.334575
17415900,h25_load,0.331740
17416800,h25_load,0.328342
17417700,h25_load,0.327079
17418600,h25_load,0.323469
17419500,h25_load,0.323755
17420400,h25_load,0.325571
17421300,h25_load,0.326006
17422200,h25_load,0.327334
17423100,h25_load,0.330636
17424000,h25_load,0.338334
17424900,h25_load,0.344843
17425800,h25_load,0.353050
17426700,h25_load,0.363796
17427600,h25_load,0.377005
17428500,h25_load,0.391562
17429400,h25_load,0.403784
17430300,h25_load,0.416907
17431200,h25_load,0.430265
17432100,h25_load,0.441032
17433000,h25_load,0.451161
17433900,h25_load,0.458658
17434800,h25_load,0.460250
17435700,h25_load,0.461365
17436600,h25_load,0.461227
17437500,h25_load,0.460558
17438400,h25_load,0.457383
17439300,h25_load,0.451448
17440200,h25_load,0.444992
17441100,h25_load,0.439524
17442000,h25_load,0.434236
17442900,h25_load,0.426506
17443800,h25_load,0.424542
17444700,h25_load,0.428184
17445600,h25_load,0.426379
17446500,h25_load,0.410123
17447400,h25_load,0.391658
17448300,h25_load,0.370793
17449200,h25_load,0.349663
17450100,h25_load,0.329139
17451000,h25_load,0.312150
17451900,h25_load,0.296116
17452800,h25_load,0.275820
17453700,h25_load,0.261496
17454600,h25_load,0.251408
17455500,h25_load,0.241151
17456400,h25_load,0.233538
17457300,h25_load,0.226041
17458200,h25_load,0.219214
17459100,h25_load,0.214383
17460000,h25_load,0.211441
17460900,h25_load,0.208946
17461800,h25_load,0.206844
17462700,h25_load,0.205357
17463600,h25_load,0.205527
17464500,h25_load,0.204327
17465400,h25_load,0.203913
17466300,h25_load,0.203648
17467200,h25_load,0.207449
17468100,h25_load,0.209679
17469000,h25_load,0.212726
17469900,h25_load,0.215646
17470800,h25_load,0.224459
17471700,h25_load,0.226530
17472600,h25_load,0.234324
17473500,h25_load,0.240302
17474400,h25_load,0.259245
17475300,h25_load,0.270012
17476200,h25_load,0.278294
17477100,h25_load,0.285482
17478000,h25_load,0.293945
17478900,h25_load,0.299042
17479800,h25_load,0.301336
17480700,h25_load,0.299679
17481600,h25_load,0.297524
17482500,h25_load,0.298479
17483400,h25_load,0.298235
17484300,h25_load,0.298331
17485200,h25_load,0.300560
17486100,h25_load,0.302079
17487000,h25_load,0.301845
17487900,h25_load,0.300964
17488800,h25_load,0.301049
17489700,h25_load,0.304256
17490600,h25_load,0.308524
17491500,h25_load,0.312963
17492400,h25_load,0.321723
17493300,h25_load,0.332351
17494200,h25_load,0.341260
17495100,h25_load,0.346091
17496000,h25_load,0.350817
17496900,h25_load,0.350859
17497800,h25_load,0.347557
17498700,h25_load,0.344934
17499600,h25_load,0.341526
17500500,h25_load,0.338680
17501400,h25_load,0.334581
17502300,h25_load,0.331746
17503200,h25_load,0.328348
17504100,h25_load,0.327085
17505000,h25_load,0.323475
17505900,h25_load,0.323761
17506800,h25_load,0.325577
17507700,h25_load,0.326012
17508600,h25_load,0.327340
17509500,h25_load,0.330642
17510400,h25_load,0.338340
17511300,h25_load,0.344849
17512200,h25_load,0.353057
17513100,h25_load,0.363803
17514000,h25_load,0.377012
17514900,h25_load,0.391569
17515800,h25_load,0.403791
17516700,h25_load,0.416915
17517600,h25_load,0.430273
17518500,h25_load,0.441040
17519400,h25_load,0.451170
17520300,h25_load,0.458666
17521200,h25_load,0.460259
17522100,h25_load,0.461374
17523000,h25_load,0.461236
17523900,h25_load,0.460567
17524800,h25_load,0.457392
17525700,h25_load,0.451456
17526600,h25_load,0.445001
17527500,h25_load,0.439532
17528400,h25_load,0.434244
17529300,h25_load,0.426514
17530200,h25_load,0.424550
17531100,h25_load,0.428192
17532000,h25_load,0.426387
17532900,h25_load,0.410130
17533800,h25_load,0.391665
17534700,h25_load,0.370800
17535600,h25_load,0.349670
17536500,h25_load,0.329145
17537400,h25_load,0.312156
17538300,h25_load,0.296122
17539200,h25_load,0.275845
17540100,h25_load,0.261519
17541000,h25_load,0.251431
17541900,h25_load,0.241173
17542800,h25_load,0.233559
17543700,h25_load,0.226062
17544600,h25_load,0.219234
17545500,h25_load,0.214402
17546400,h25_load,0.211460
17547300,h25_load,0.208965
17548200,h25_load,0.206862
17549100,h25_load,0.205375
17550000,h25_load,0.205545
17550900,h25_load,0.204345
17551800,h25_load,0.203931
17552700,h25_load,0.203666
17553600,h25_load,0.207467
17554500,h25_load,0.209697
17555400,h25_load,0.212745
17556300,h25_load,0.215665
17557200,h25_load,0.224479
17558100,h25_load,0.226550
17559000,h25_load,0.234345
17559900,h25_load,0.240323
17560800,h25_load,0.259268
17561700,h25_load,0.270036
17562600,h25_load,0.278319
17563500,h25_load,0.285508
17564400,h25_load,0.293972
17565300,h25_load,0.299069
17566200,h25_load,0.301362
17567100,h25_load,0.299706
17568000,h25_load,0.297550
17568900,h25_load,0.298506
17569800,h25_load,0.298262
17570700,h25_load,0.298357
17571600,h25_load,0.300587
17572500,h25_load,0.302106
17573400,h25_load,0.301872
17574300,h25_load,0.300991
17575200,h25_load,0.301076
17576100,h25_load,0.304283
17577000,h25_load,0.308552
17577900,h25_load,0.312991
17578800,h25_load,0.321751
17579700,h25_load,0.332381
17580600,h25_load,0.341291
17581500,h25_load,0.346122
17582400,h25_load,0.350848
17583300,h25_load,0.350890
17584200,h25_load,0.347588
17585100,h25_load,0.344965
17586000,h25_load,0.341556
17586900,h25_load,0.338710
17587800,h25_load,0.334611
17588700,h25_load,0.331776
17589600,h25_load,0.328378
17590500,h25_load,0.327114
17591400,h25_load,0.323504
17592300,h25_load,0.323790
17593200,h25_load,0.325606
17594100,h25_load,0.326042
17595000,h25_load,0.327369
17595900,h25_load,0.330672
17596800,h25_load,0.338370
17597700,h25_load,0.344880
17598600,h25_load,0.353089
17599500,h25_load,0.363835
17600400,h25_load,0.377046
17601300,h25_load,0.391605
17602200,h25_load,0.403827
17603100,h25_load,0.416953
17604000,h25_load,0.430312
17604900,h25_load,0.441079
17605800,h25_load,0.451210
17606700,h25_load,0.458707
17607600,h25_load,0.460300
17608500,h25_load,0.461415
17609400,h25_load,0.461277
17610300,h25_load,0.460608
17611200,h25_load,0.457433
17612100,h25_load,0.451497
17613000,h25_load,0.445040
17613900,h25_load,0.439571
17614800,h25_load,0.434283
17615700,h25_load,0.426552
17616600,h25_load,0.424588
17617500,h25_load,0.428230
17618400,h25_load,0.426425
17619300,h25_load,0.410167
17620200,h25_load,0.391700
17621100,h25_load,0.370833
17622000,h25_load,0.349701
17622900,h25_load,0.329174
17623800,h25_load,0.312183
17624700,h25_load,0.296148
17625600,h25_load,0.275889
17626500,h25_load,0.261561
17627400,h25_load,0.251471
17628300,h25_load,0.241211
17629200,h25_load,0.233596
17630100,h25_load,0.226098
17631000,h25_load,0.219269
17631900,h25_load,0.214436
17632800,h25_load,0.211494
17633700,h25_load,0.208998
17634600,h25_load,0.206895
17635500,h25_load,0.205408
17636400,h25_load,0.205578
17637300,h25_load,0.204378
17638200,h25_load,0.203964
17639100,h25_load,0.203698
17640000,h25_load,0.207501
17640900,h25_load,0.209731
17641800,h25_load,0.212779
17642700,h25_load,0.215700
17643600,h25_load,0.224515
17644500,h25_load,0.226586
17645400,h25_load,0.234382
17646300,h25_load,0.240362
17647200,h25_load,0.259309
17648100,h25_load,0.270079
17649000,h25_load,0.278363
17649900,h25_load,0.285554
17650800,h25_load,0.294019
17651700,h25_load,0.299117
17652600,h25_load,0.301411
17653500,h25_load,0.299754
17654400,h25_load,0.297598
17655300,h25_load,0.298554
17656200,h25_load,0.298309
17657100,h25_load,0.298405
17658000,h25_load,0.300635
17658900,h25_load,0.302154
17659800,h25_load,0.301921
17660700,h25_load,0.301039
17661600,h25_load,0.301124
17662500,h25_load,0.304332
17663400,h25_load,0.308601
17664300,h25_load,0.313041
17665200,h25_load,0.321803
17666100,h25_load,0.332434
17667000,h25_load,0.341345
17667900,h25_load,0.346178
17668800,h25_load,0.350904
17669700,h25_load,0.350947
17670600,h25_load,0.347644
17671500,h25_load,0.345020
17672400,h25_load,0.341611
17673300,h25_load,0.338765
17674200,h25_load,0.334665
17675100,h25_load,0.331829
17676000,h25_load,0.328430
17676900,h25_load,0.327166
17677800,h25_load,0.323555
17678700,h25_load,0.323842
17679600,h25_load,0.325658
17680500,h25_load,0.326094
17681400,h25_load,0.327421
17682300,h25_load,0.330724
17683200,h25_load,0.338425
17684100,h25_load,0.344935
17685000,h25_load,0.353145
17685900,h25_load,0.363894
17686800,h25_load,0.377106
17687700,h25_load,0.391667
17688600,h25_load,0.403892
17689500,h25_load,0.417019
17690400,h25_load,0.430380
17691300,h25_load,0.441150
17692200,h25_load,0.451282
17693100,h25_load,0.458781
17694000,h25_load,0.460374
17694900,h25_load,0.461489
17695800,h25_load,0.461351
17696700,h25_load,0.460682
17697600,h25_load,0.457506
17698500,h25_load,0.451569
17699400,h25_load,0.445112
17700300,h25_load,0.439642
17701200,h25_load,0.434353
17702100,h25_load,0.426621
17703000,h25_load,0.424656
17703900,h25_load,0.428299
17704800,h25_load,0.426493
17705700,h25_load,0.410233
17706600,h25_load,0.391763
17707500,h25_load,0.370893
17708400,h25_load,0.349757
17709300,h25_load,0.329227
17710200,h25_load,0.312233
17711100,h25_load,0.296196
17712000,h25_load,0.275952
17712900,h25_load,0.261622
17713800,h25_load,0.251529
17714700,h25_load,0.241267
17715600,h25_load,0.233650
17716500,h25_load,0.226150
17717400,h25_load,0.219319
17718300,h25_load,0.214486
17719200,h25_load,0.211543
17720100,h25_load,0.209047
17721000,h25_load,0.206943
17721900,h25_load,0.205456
17722800,h25_load,0.205626
17723700,h25_load,0.204425
17724600,h25_load,0.204011
17725500,h25_load,0.203745
17726400,h25_load,0.207549
17727300,h25_load,0.209780
17728200,h25_load,0.212828
17729100,h25_load,0.215750
17730000,h25_load,0.224567
17730900,h25_load,0.226639
17731800,h25_load,0.234436
17732700,h25_load,0.240417
17733600,h25_load,0.259369
17734500,h25_load,0.270141
17735400,h25_load,0.278428
17736300,h25_load,0.285620
17737200,h25_load,0.294087
17738100,h25_load,0.299186
17739000,h25_load,0.301480
17739900,h25_load,0.299823
17740800,h25_load,0.297667
17741700,h25_load,0.298623
17742600,h25_load,0.298378
17743500,h25_load,0.298474
17744400,h25_load,0.300705
17745300,h25_load,0.302224
17746200,h25_load,0.301990
17747100,h25_load,0.301109
17748000,h25_load,0.301194
17748900,h25_load,0.304402
17749800,h25_load,0.308672
17750700,h25_load,0.313113
17751600,h25_load,0.321877
17752500,h25_load,0.332511
17753400,h25_load,0.341424
17754300,h25_load,0.346258
17755200,h25_load,0.350985
17756100,h25_load,0.351028
17757000,h25_load,0.347724
17757900,h25_load,0.345100
17758800,h25_load,0.341690
17759700,h25_load,0.338843
17760600,h25_load,0.334742
17761500,h25_load,0.331906
17762400,h25_load,0.328506
17763300,h25_load,0.327242
17764200,h25_load,0.323630
17765100,h25_load,0.323917
17766000,h25_load,0.325734
17766900,h25_load,0.326169
17767800,h25_load,0.327497
17768700,h25_load,0.330801
17769600,h25_load,0.338503
17770500,h25_load,0.345015
17771400,h25_load,0.353227
17772300,h25_load,0.363978
17773200,h25_load,0.377193
17774100,h25_load,0.391758
17775000,h25_load,0.403985
17775900,h25_load,0.417116
17776800,h25_load,0.430480
17777700,h25_load,0.441252
17778600,h25_load,0.451387
17779500,h25_load,0.458887
17780400,h25_load,0.460480
17781300,h25_load,0.461596
17782200,h25_load,0.461458
17783100,h25_load,0.460788
17784000,h25_load,0.457612
17784900,h25_load,0.451673
17785800,h25_load,0.445214
17786700,h25_load,0.439743
17787600,h25_load,0.434453
17788500,h25_load,0.426719
17789400,h25_load,0.424754
17790300,h25_load,0.428398
17791200,h25_load,0.426592
17792100,h25_load,0.410327
17793000,h25_load,0.391853
17793900,h25_load,0.370978
17794800,h25_load,0.349838
17795700,h25_load,0.329303
17796600,h25_load,0.312306
17797500,h25_load,0.296264
17798400,h25_load,0.300254
17799300,h25_load,0.285515
17800200,h25_load,0.274378
17801100,h25_load,0.263220
17802000,h25_load,0.253624
17802900,h25_load,0.244400
17803800,h25_load,0.236887
17804700,h25_load,0.230968
17805600,h25_load,0.225931
17806500,h25_load,0.222871
17807400,h25_load,0.219439
17808300,h25_load,0.216824
17809200,h25_load,0.216017
17810100,h25_load,0.214720
17811000,h25_load,0.212839
17811900,h25_load,0.211224
17812800,h25_load,0.213424
17813700,h25_load,0.212924
17814600,h25_load,0.212839
17815500,h25_load,0.212202
17816400,h25_load,0.215485
17817300,h25_load,0.213902
17818200,h25_load,0.217228
17819100,h25_load,0.220544
17820000,h25_load,0.234390
17820900,h25_load,0.241924
17821800,h25_load,0.251839
17822700,h25_load,0.263007
17823600,h25_load,0.281785
17824500,h25_load,0.298989
17825400,h25_load,0.316289
17826300,h25_load,0.331453
17827200,h25_load,0.347680
17828100,h25_load,0.362005
17829000,h25_load,0.374023
17829900,h25_load,0.385245
17830800,h25_load,0.393215
17831700,h25_load,0.403618
17832600,h25_load,0.409760
17833500,h25_load,0.413384
17834400,h25_load,0.419335
17835300,h25_load,0.423490
17836200,h25_load,0.429313
17837100,h25_load,0.437899
17838000,h25_load,0.448494
17838900,h25_load,0.460534
17839800,h25_load,0.464519
17840700,h25_load,0.469248
17841600,h25_load,0.467282
17842500,h25_load,0.462787
17843400,h25_load,0.457984
17844300,h25_load,0.451491
17845200,h25_load,0.444360
17846100,h25_load,0.440004
17847000,h25_load,0.433373
17847900,h25_load,0.428644
17848800,h25_load,0.427060
17849700,h25_load,0.425945
17850600,h25_load,0.423479
17851500,h25_load,0.421396
17852400,h25_load,0.421003
17853300,h25_load,0.419271
17854200,h25_load,0.419314
17855100,h25_load,0.417698
17856000,h25_load,0.416636
17856900,h25_load,0.417581
17857800,h25_load,0.418878
17858700,h25_load,0.424096
17859600,h25_load,0.430333
17860500,h25_load,0.435158
17861400,h25_load,0.441587
17862300,h25_load,0.449164
17863200,h25_load,0.455040
17864100,h25_load,0.460438
17865000,h25_load,0.462798
17865900,h25_load,0.461490
17866800,h25_load,0.457877
17867700,h25_load,0.454700
17868600,h25_load,0.451193
17869500,h25_load,0.447665
17870400,h25_load,0.443935
17871300,h25_load,0.437421
17872200,h25_load,0.430472
17873100,h25_load,0.425105
17874000,h25_load,0.421875
17874900,h25_load,0.415191
17875800,h25_load,0.414574
17876700,h25_load,0.418028
17877600,h25_load,0.418549
17878500,h25_load,0.406179
17879400,h25_load,0.392981
17880300,h25_load,0.379166
17881200,h25_load,0.365618
17882100,h25_load,0.350252
17883000,h25_load,0.337362
17883900,h25_load,0.321634
17884800,h25_load,0.305489
17885700,h25_load,0.291053
17886600,h25_load,0.279583
17887500,h25_load,0.268942
17888400,h25_load,0.259937
17889300,h25_load,0.250157
17890200,h25_load,0.243556
17891100,h25_load,0.236827
17892000,h25_load,0.231905
17892900,h25_load,0.226621
17893800,h25_load,0.222922
17894700,h25_load,0.219435
17895600,h25_load,0.217660
17896500,h25_load,0.214875
17897400,h25_load,0.212738
17898300,h25_load,0.210644
17899200,h25_load,0.211239
17900100,h25_load,0.209411
17901000,h25_load,0.209730
17901900,h25_load,0.208794
17902800,h25_load,0.211101
17903700,h25_load,0.208773
17904600,h25_load,0.212196
17905500,h25_load,0.214237
17906400,h25_load,0.224070
17907300,h25_load,0.228344
17908200,h25_load,0.237263
17909100,h25_load,0.245820
17910000,h25_load,0.261585
17910900,h25_load,0.277818
17911800,h25_load,0.297102
17912700,h25_load,0.314823
17913600,h25_load,0.335712
17914500,h25_load,0.357313
17915400,h25_load,0.374630
17916300,h25_load,0.391054
17917200,h25_load,0.408031
17918100,h25_load,0.423414
17919000,h25_load,0.436946
17919900,h25_load,0.446822
17920800,h25_load,0.457835
17921700,h25_load,0.469082
17922600,h25_load,0.479808
17923500,h25_load,0.492480
17924400,h25_load,0.508001
17925300,h25_load,0.525190
17926200,h25_load,0.535757
17927100,h25_load,0.538255
17928000,h25_load,0.529198
17928900,h25_load,0.517334
17929800,h25_load,0.506948
17930700,h25_load,0.493129
17931600,h25_load,0.479745
17932500,h25_load,0.467371
17933400,h25_load,0.455667
17934300,h25_load,0.446971
17935200,h25_load,0.440029
17936100,h25_load,0.432109
17937000,h25_load,0.428165
17937900,h25_load,0.423637
17938800,h25_load,0.421086
17939700,h25_load,0.416801
17940600,h25_load,0.413634
17941500,h25_load,0.410030
17942400,h25_load,0.406617
17943300,h25_load,0.407362
17944200,h25_load,0.412390
17945100,h25_load,0.420458
17946000,h25_load,0.429569
17946900,h25_load,0.438360
17947800,h25_load,0.448087
17948700,h25_load,0.458505
17949600,h25_load,0.468370
17950500,h25_load,0.472516
17951400,h25_load,0.473983
17952300,h25_load,0.477863
17953200,h25_load,0.478809
17954100,h25_load,0.474408
17955000,h25_load,0.470826
17955900,h25_load,0.470358
17956800,h25_load,0.467637
17957700,h25_load,0.459589
17958600,h25_load,0.452701
17959500,h25_load,0.444547
17960400,h25_load,0.438488
17961300,h25_load,0.429951
17962200,h25_load,0.427506
17963100,h25_load,0.429399
17964000,h25_load,0.422595
17964900,h25_load,0.405767
17965800,h25_load,0.386791
17966700,h25_load,0.365211
17967600,h25_load,0.344461
17968500,h25_load,0.324220
17969400,h25_load,0.307148
17970300,h25_load,0.290319
17971200,h25_load,0.276261
17972100,h25_load,0.261914
17973000,h25_load,0.251810
17973900,h25_load,0.241537
17974800,h25_load,0.233911
17975700,h25_load,0.226403
17976600,h25_load,0.219564
17977500,h25_load,0.214725
17978400,h25_load,0.211779
17979300,h25_load,0.209280
17980200,h25_load,0.207174
17981100,h25_load,0.205685
17982000,h25_load,0.205855
17982900,h25_load,0.204654
17983800,h25_load,0.204239
17984700,h25_load,0.203973
17985600,h25_load,0.207780
17986500,h25_load,0.210014
17987400,h25_load,0.213066
17988300,h25_load,0.215991
17989200,h25_load,0.224818
17990100,h25_load,0.226892
17991000,h25_load,0.234698
17991900,h25_load,0.240686
17992800,h25_load,0.259659
17993700,h25_load,0.270443
17994600,h25_load,0.278739
17995500,h25_load,0.285939
17996400,h25_load,0.294415
17997300,h25_load,0.299520
17998200,h25_load,0.301817
17999100,h25_load,0.300158
18000000,h25_load,0.297999
18000900,h25_load,0.298956
18001800,h25_load,0.298712
18002700,h25_load,0.298807
18003600,h25_load,0.301041
18004500,h25_load,0.302561
18005400,h25_load,0.302328
18006300,h25_load,0.301445
18007200,h25_load,0.301530
18008100,h25_load,0.304742
18009000,h25_load,0.309017
18009900,h25_load,0.313463
18010800,h25_load,0.322237
18011700,h25_load,0.332883
18012600,h25_load,0.341805
18013500,h25_load,0.346644
18014400,h25_load,0.351377
18015300,h25_load,0.351420
18016200,h25_load,0.348112
18017100,h25_load,0.345485
18018000,h25_load,0.342071
18018900,h25_load,0.339221
18019800,h25_load,0.335116
18020700,h25_load,0.332276
18021600,h25_load,0.328873
18022500,h25_load,0.327607
18023400,h25_load,0.323991
18024300,h25_load,0.324279
18025200,h25_load,0.326097
18026100,h25_load,0.326533
18027000,h25_load,0.327863
18027900,h25_load,0.331170
18028800,h25_load,0.338881
18029700,h25_load,0.345400
18030600,h25_load,0.353621
18031500,h25_load,0.364384
18032400,h25_load,0.377614
18033300,h25_load,0.392195
18034200,h25_load,0.404436
18035100,h25_load,0.417581
18036000,h25_load,0.430961
18036900,h25_load,0.441745
18037800,h25_load,0.451891
18038700,h25_load,0.459399
18039600,h25_load,0.460994
18040500,h25_load,0.462111
18041400,h25_load,0.461973
18042300,h25_load,0.461303
18043200,h25_load,0.458123
18044100,h25_load,0.452178
18045000,h25_load,0.445712
18045900,h25_load,0.440234
18046800,h25_load,0.434938
18047700,h25_load,0.427196
18048600,h25_load,0.425228
18049500,h25_load,0.428876
18050400,h25_load,0.427068
18051300,h25_load,0.410786
18052200,h25_load,0.392291
18053100,h25_load,0.371393
18054000,h25_load,0.350229
18054900,h25_load,0.329671
18055800,h25_load,0.312654
18056700,h25_load,0.296595
18057600,h25_load,0.276402
18058500,h25_load,0.262048
18059400,h25_load,0.251939
18060300,h25_load,0.241660
18061200,h25_load,0.234031
18062100,h25_load,0.226519
18063000,h25_load,0.219677
18063900,h25_load,0.214835
18064800,h25_load,0.211888
18065700,h25_load,0.209387
18066600,h25_load,0.207280
18067500,h25_load,0.205791
18068400,h25_load,0.205961
18069300,h25_load,0.204759
18070200,h25_load,0.204344
18071100,h25_load,0.204078
18072000,h25_load,0.207887
18072900,h25_load,0.210121
18073800,h25_load,0.213175
18074700,h25_load,0.216102
18075600,h25_load,0.224933
18076500,h25_load,0.227008
18077400,h25_load,0.234818
18078300,h25_load,0.240809
18079200,h25_load,0.259792
18080100,h25_load,0.270582
18081000,h25_load,0.278882
18081900,h25_load,0.286085
18082800,h25_load,0.294566
18083700,h25_load,0.299673
18084600,h25_load,0.301972
18085500,h25_load,0.300312
18086400,h25_load,0.298152
18087300,h25_load,0.299109
18088200,h25_load,0.298865
18089100,h25_load,0.298960
18090000,h25_load,0.301195
18090900,h25_load,0.302717
18091800,h25_load,0.302483
18092700,h25_load,0.301599
18093600,h25_load,0.301685
18094500,h25_load,0.304898
18095400,h25_load,0.309176
18096300,h25_load,0.313623
18097200,h25_load,0.322402
18098100,h25_load,0.333053
18099000,h25_load,0.341981
18099900,h25_load,0.346822
18100800,h25_load,0.351557
18101700,h25_load,0.351600
18102600,h25_load,0.348291
18103500,h25_load,0.345662
18104400,h25_load,0.342247
18105300,h25_load,0.339395
18106200,h25_load,0.335288
18107100,h25_load,0.332447
18108000,h25_load,0.329042
18108900,h25_load,0.327775
18109800,h25_load,0.324158
18110700,h25_load,0.324445
18111600,h25_load,0.326264
18112500,h25_load,0.326701
18113400,h25_load,0.328031
18114300,h25_load,0.331340
18115200,h25_load,0.339055
18116100,h25_load,0.345577
18117000,h25_load,0.353803
18117900,h25_load,0.364571
18118800,h25_load,0.377808
18119700,h25_load,0.392396
18120600,h25_load,0.404644
18121500,h25_load,0.417796
18122400,h25_load,0.431182
18123300,h25_load,0.441971
18124200,h25_load,0.452122
18125100,h25_load,0.459635
18126000,h25_load,0.461231
18126900,h25_load,0.462348
18127800,h25_load,0.462210
18128700,h25_load,0.461539
18129600,h25_load,0.458358
18130500,h25_load,0.452410
18131400,h25_load,0.445940
18132300,h25_load,0.440460
18133200,h25_load,0.435161
18134100,h25_load,0.427415
18135000,h25_load,0.425446
18135900,h25_load,0.429096
18136800,h25_load,0.427287
18137700,h25_load,0.410996
18138600,h25_load,0.392492
18139500,h25_load,0.371583
18140400,h25_load,0.350408
18141300,h25_load,0.329840
18142200,h25_load,0.312815
18143100,h25_load,0.296747
18144000,h25_load,0.276563
18144900,h25_load,0.262201
18145800,h25_load,0.252086
18146700,h25_load,0.241801
18147600,h25_load,0.234168
18148500,h25_load,0.226651
18149400,h25_load,0.219805
18150300,h25_load,0.214961
18151200,h25_load,0.212011
18152100,h25_load,0.209509
18153000,h25_load,0.207401
18153900,h25_load,0.205911
18154800,h25_load,0.206081
18155700,h25_load,0.204878
18156600,h25_load,0.204463
18157500,h25_load,0.204197
18158400,h25_load,0.208008
18159300,h25_load,0.210244
18160200,h25_load,0.213300
18161100,h25_load,0.216228
18162000,h25_load,0.225064
18162900,h25_load,0.227141
18163800,h25_load,0.234955
18164700,h25_load,0.240950
18165600,h25_load,0.259944
18166500,h25_load,0.270740
18167400,h25_load,0.279044
18168300,h25_load,0.286252
18169200,h25_load,0.294738
18170100,h25_load,0.299848
18171000,h25_load,0.302148
18171900,h25_load,0.300487
18172800,h25_load,0.298326
18173700,h25_load,0.299284
18174600,h25_load,0.299039
18175500,h25_load,0.299135
18176400,h25_load,0.301371
18177300,h25_load,0.302893
18178200,h25_load,0.302659
18179100,h25_load,0.301775
18180000,h25_load,0.301860
18180900,h25_load,0.305076
18181800,h25_load,0.309356
18182700,h25_load,0.313806
18183600,h25_load,0.322590
18184500,h25_load,0.333247
18185400,h25_load,0.342180
18186300,h25_load,0.347024
18187200,h25_load,0.351762
18188100,h25_load,0.351805
18189000,h25_load,0.348494
18189900,h25_load,0.345864
18190800,h25_load,0.342446
18191700,h25_load,0.339593
18192600,h25_load,0.335483
18193500,h25_load,0.332641
18194400,h25_load,0.329234
18195300,h25_load,0.327967
18196200,h25_load,0.324347
18197100,h25_load,0.324634
18198000,h25_load,0.326455
18198900,h25_load,0.326891
18199800,h25_load,0.328222
18200700,h25_load,0.331533
18201600,h25_load,0.339252
18202500,h25_load,0.345779
18203400,h25_load,0.354009
18204300,h25_load,0.364783
18205200,h25_load,0.378028
18206100,h25_load,0.392625
18207000,h25_load,0.404880
18207900,h25_load,0.418039
18208800,h25_load,0.431433
18209700,h25_load,0.442229
18210600,h25_load,0.452386
18211500,h25_load,0.459903
18212400,h25_load,0.461500
18213300,h25_load,0.462618
18214200,h25_load,0.462479
18215100,h25_load,0.461808
18216000,h25_load,0.458625
18216900,h25_load,0.452673
18217800,h25_load,0.446200
18218700,h25_load,0.440717
18219600,h25_load,0.435415
18220500,h25_load,0.427664
18221400,h25_load,0.425694
18222300,h25_load,0.429346
18223200,h25_load,0.427536
18224100,h25_load,0.411236
18225000,h25_load,0.392721
18225900,h25_load,0.371800
18226800,h25_load,0.350612
18227700,h25_load,0.330032
18228600,h25_load,0.312997
18229500,h25_load,0.296920
18230400,h25_load,0.276744
18231300,h25_load,0.262372
18232200,h25_load,0.252251
18233100,h25_load,0.241959
18234000,h25_load,0.234320
18234900,h25_load,0.226799
18235800,h25_load,0.219948
18236700,h25_load,0.215101
18237600,h25_load,0.212150
18238500,h25_load,0.209646
18239400,h25_load,0.207537
18240300,h25_load,0.206045
18241200,h25_load,0.206216
18242100,h25_load,0.205012
18243000,h25_load,0.204596
18243900,h25_load,0.204330
18244800,h25_load,0.208144
18245700,h25_load,0.210381
18246600,h25_load,0.213439
18247500,h25_load,0.216369
18248400,h25_load,0.225211
18249300,h25_load,0.227289
18250200,h25_load,0.235109
18251100,h25_load,0.241107
18252000,h25_load,0.260113
18252900,h25_load,0.270916
18253800,h25_load,0.279226
18254700,h25_load,0.286439
18255600,h25_load,0.294930
18256500,h25_load,0.300044
18257400,h25_load,0.302345
18258300,h25_load,0.300683
18259200,h25_load,0.298520
18260100,h25_load,0.299479
18261000,h25_load,0.299234
18261900,h25_load,0.299330
18262800,h25_load,0.301567
18263700,h25_load,0.303091
18264600,h25_load,0.302857
18265500,h25_load,0.301972
18266400,h25_load,0.302057
18267300,h25_load,0.305275
18268200,h25_load,0.309558
18269100,h25_load,0.314011
18270000,h25_load,0.322800
18270900,h25_load,0.333465
18271800,h25_load,0.342404
18272700,h25_load,0.347251
18273600,h25_load,0.351992
18274500,h25_load,0.352035
18275400,h25_load,0.348721
18276300,h25_load,0.346090
18277200,h25_load,0.342670
18278100,h25_load,0.339815
18279000,h25_load,0.335702
18279900,h25_load,0.332858
18280800,h25_load,0.329448
18281700,h25_load,0.328181
18282600,h25_load,0.324558
18283500,h25_load,0.324846
18284400,h25_load,0.326668
18285300,h25_load,0.327105
18286200,h25_load,0.328436
18287100,h25_load,0.331750
18288000,h25_load,0.339474
18288900,h25_load,0.346005
18289800,h25_load,0.354240
18290700,h25_load,0.365022
18291600,h25_load,0.378275
18292500,h25_load,0.392881
18293400,h25_load,0.405144
18294300,h25_load,0.418312
18295200,h25_load,0.431715
18296100,h25_load,0.442518
18297000,h25_load,0.452681
18297900,h25_load,0.460203
18298800,h25_load,0.461801
18299700,h25_load,0.462920
18300600,h25_load,0.462781
18301500,h25_load,0.462110
18302400,h25_load,0.458925
18303300,h25_load,0.452969
18304200,h25_load,0.446491
18305100,h25_load,0.441005
18306000,h25_load,0.435699
18306900,h25_load,0.427943
18307800,h25_load,0.425972
18308700,h25_load,0.429626
18309600,h25_load,0.427815
18310500,h25_load,0.411504
18311400,h25_load,0.392977
18312300,h25_load,0.372043
18313200,h25_load,0.350841
18314100,h25_load,0.330248
18315000,h25_load,0.313201
18315900,h25_load,0.297114
18316800,h25_load,0.264928
18317700,h25_load,0.251665
18318600,h25_load,0.242358
18319500,h25_load,0.233743
18320400,h25_load,0.226824
18321300,h25_load,0.219947
18322200,h25_load,0.214297
18323100,h25_load,0.209510
18324000,h25_load,0.207100
18324900,h25_load,0.204829
18325800,h25_load,0.202825
18326700,h25_load,0.201418
18327600,h25_load,0.201524
18328500,h25_load,0.200479
18329400,h25_load,0.200352
18330300,h25_load,0.199648
18331200,h25_load,0.202708
18332100,h25_load,0.204755
18333000,h25_load,0.208316
18333900,h25_load,0.213806
18334800,h25_load,0.225086
18335700,h25_load,0.229596
18336600,h25_load,0.238616
18337500,h25_load,0.244160
18338400,h25_load,0.260877
18339300,h25_load,0.269118
18340200,h25_load,0.275462
18341100,h25_load,0.280089
18342000,h25_load,0.285708
18342900,h25_load,0.289162
18343800,h25_load,0.289194
18344700,h25_load,0.284599
18345600,h25_load,0.281155
18346500,h25_load,0.281592
18347400,h25_load,0.280100
18348300,h25_load,0.280100
18349200,h25_load,0.283256
18350100,h25_load,0.284759
18351000,h25_load,0.284119
18351900,h25_load,0.284322
18352800,h25_load,0.284770
18353700,h25_load,0.286486
18354600,h25_load,0.291284
18355500,h25_load,0.296892
18356400,h25_load,0.305858
18357300,h25_load,0.315080
18358200,h25_load,0.323535
18359100,h25_load,0.330028
18360000,h25_load,0.334921
18360900,h25_load,0.335518
18361800,h25_load,0.333120
18362700,h25_load,0.330006
18363600,h25_load,0.327042
18364500,h25_load,0.325475
18365400,h25_load,0.322458
18366300,h25_load,0.318300
18367200,h25_load,0.315805
18368100,h25_load,0.313310
18369000,h25_load,0.309931
18369900,h25_load,0.311541
18370800,h25_load,0.314014
18371700,h25_load,0.314313
18372600,h25_load,0.315592
18373500,h25_load,0.320219
18374400,h25_load,0.328130
18375300,h25_load,0.334516
18376200,h25_load,0.341809
18377100,h25_load,0.351159
18378000,h25_load,0.365499
18378900,h25_load,0.379209
18379800,h25_load,0.392984
18380700,h25_load,0.407804
18381600,h25_load,0.420438
18382500,h25_load,0.431909
18383400,h25_load,0.441803
18384300,h25_load,0.449085
18385200,h25_load,0.450748
18386100,h25_load,0.452070
18387000,h25_load,0.453286
18387900,h25_load,0.453861
18388800,h25_load,0.452934
18389700,h25_load,0.452593
18390600,h25_load,0.452859
18391500,h25_load,0.453936
18392400,h25_load,0.452369
18393300,h25_load,0.442475
18394200,h25_load,0.432293
18395100,h25_load,0.423508
18396000,h25_load,0.411002
18396900,h25_load,0.388453
18397800,h25_load,0.368825
18398700,h25_load,0.348515
18399600,h25_load,0.329292
18400500,h25_load,0.311125
18401400,h25_load,0.296582
18402300,h25_load,0.282403
18403200,h25_load,0.285550
18404100,h25_load,0.271145
18405000,h25_load,0.262065
18405900,h25_load,0.251011
18406800,h25_load,0.243724
18407700,h25_load,0.235817
18408600,h25_load,0.228092
18409500,h25_load,0.222864
18410400,h25_load,0.219129
18411300,h25_load,0.215480
18412200,h25_load,0.212621
18413100,h25_load,0.210924
18414000,h25_load,0.209100
18414900,h25_load,0.207328
18415800,h25_load,0.206304
18416700,h25_load,0.204778
18417600,h25_load,0.205856
18418500,h25_load,0.206144
18419400,h25_load,0.206539
18420300,h25_load,0.208459
18421200,h25_load,0.212983
18422100,h25_load,0.212589
18423000,h25_load,0.216921
18423900,h25_load,0.218596
18424800,h25_load,0.230002
18425700,h25_load,0.233672
18426600,h25_load,0.243275
18427500,h25_load,0.254756
18428400,h25_load,0.272095
18429300,h25_load,0.288996
18430200,h25_load,0.306026
18431100,h25_load,0.319801
18432000,h25_load,0.336136
18432900,h25_load,0.351416
18433800,h25_load,0.361488
18434700,h25_load,0.369725
18435600,h25_load,0.379595
18436500,h25_load,0.387502
18437400,h25_load,0.393295
18438300,h25_load,0.400338
18439200,h25_load,0.405107
18440100,h25_load,0.412512
18441000,h25_load,0.418487
18441900,h25_load,0.424676
18442800,h25_load,0.433286
18443700,h25_load,0.444821
18444600,h25_load,0.454573
18445500,h25_load,0.456867
18446400,h25_load,0.454754
18447300,h25_load,0.450273
18448200,h25_load,0.444799
18449100,h25_load,0.437939
18450000,h25_load,0.432305
18450900,h25_load,0.424452
18451800,h25_load,0.418925
18452700,h25_load,0.416364
18453600,h25_load,0.414987
18454500,h25_load,0.410005
18455400,h25_load,0.407689
18456300,h25_load,0.404808
18457200,h25_load,0.403122
18458100,h25_load,0.400668
18459000,h25_load,0.400412
18459900,h25_load,0.398524
18460800,h25_load,0.399409
18461700,h25_load,0.401853
18462600,h25_load,0.402813
18463500,h25_load,0.406718
18464400,h25_load,0.410762
18465300,h25_load,0.418199
18466200,h25_load,0.427162
18467100,h25_load,0.433361
18468000,h25_load,0.438365
18468900,h25_load,0.444789
18469800,h25_load,0.446261
18470700,h25_load,0.446933
18471600,h25_load,0.444202
18472500,h25_load,0.443295
18473400,h25_load,0.440286
18474300,h25_load,0.437554
18475200,h25_load,0.436071
18476100,h25_load,0.434524
18477000,h25_load,0.434513
18477900,h25_load,0.436263
18478800,h25_load,0.435751
18479700,h25_load,0.429413
18480600,h25_load,0.422190
18481500,h25_load,0.416364
18482400,h25_load,0.408020
18483300,h25_load,0.392186
18484200,h25_load,0.379040
18485100,h25_load,0.365255
18486000,h25_load,0.350893
18486900,h25_load,0.336403
18487800,h25_load,0.324079
18488700,h25_load,0.310059
18489600,h25_load,0.294275
18490500,h25_load,0.281012
18491400,h25_load,0.269403
18492300,h25_load,0.259579
18493200,h25_load,0.250971
18494100,h25_load,0.242332
18495000,h25_load,0.236287
18495900,h25_load,0.229346
18496800,h25_load,0.225053
18497700,h25_load,0.220461
18498600,h25_load,0.216947
18499500,h25_load,0.213744
18500400,h25_load,0.211640
18501300,h25_load,0.209451
18502200,h25_load,0.207187
18503100,h25_load,0.205873
18504000,h25_load,0.204869
18504900,h25_load,0.204485
18505800,h25_load,0.204367
18506700,h25_load,0.206930
18507600,h25_load,0.211501
18508500,h25_load,0.209515
18509400,h25_load,0.212750
18510300,h25_load,0.213690
18511200,h25_load,0.221486
18512100,h25_load,0.223376
18513000,h25_load,0.230873
18513900,h25_load,0.239705
18514800,h25_load,0.256460
18515700,h25_load,0.271422
18516600,h25_load,0.291552
18517500,h25_load,0.311148
18518400,h25_load,0.331620
18519300,h25_load,0.351911
18520200,h25_load,0.369659
18521100,h25_load,0.384920
18522000,h25_load,0.401910
18522900,h25_load,0.416146
18523800,h25_load,0.427936
18524700,h25_load,0.437419
18525600,h25_load,0.447019
18526500,h25_load,0.457955
18527400,h25_load,0.467502
18528300,h25_load,0.478832
18529200,h25_load,0.493901
18530100,h25_load,0.510080
18531000,h25_load,0.519061
18531900,h25_load,0.517833
18532800,h25_load,0.508659
18533700,h25_load,0.499112
18534600,h25_load,0.484450
18535500,h25_load,0.473183
18536400,h25_load,0.458681
18537300,h25_load,0.446389
18538200,h25_load,0.436746
18539100,h25_load,0.428512
18540000,h25_load,0.419115
18540900,h25_load,0.413241
18541800,h25_load,0.410240
18542700,h25_load,0.402936
18543600,h25_load,0.399016
18544500,h25_load,0.394617
18545400,h25_load,0.392577
18546300,h25_load,0.389170
18547200,h25_load,0.387002
18548100,h25_load,0.388828
18549000,h25_load,0.395268
18549900,h25_load,0.402380
18550800,h25_load,0.411821
18551700,h25_load,0.423290
18552600,h25_load,0.433841
18553500,h25_load,0.444296
18554400,h25_load,0.454527
18555300,h25_load,0.461842
18556200,h25_load,0.465729
18557100,h25_load,0.469328
18558000,h25_load,0.468047
18558900,h25_load,0.465686
18559800,h25_load,0.464159
18560700,h25_load,0.463220
18561600,h25_load,0.461479
18562500,h25_load,0.457036
18563400,h25_load,0.454356
18564300,h25_load,0.455082
18565200,h25_load,0.454057
18566100,h25_load,0.444574
18567000,h25_load,0.434332
18567900,h25_load,0.425618
18568800,h25_load,0.409749
18569700,h25_load,0.385016
18570600,h25_load,0.366189
18571500,h25_load,0.344948
18572400,h25_load,0.326152
18573300,h25_load,0.307208
18574200,h25_load,0.291915
18575100,h25_load,0.277327
18576000,h25_load,0.265613
18576900,h25_load,0.252316
18577800,h25_load,0.242985
18578700,h25_load,0.234348
18579600,h25_load,0.227411
18580500,h25_load,0.220516
18581400,h25_load,0.214851
18582300,h25_load,0.210052
18583200,h25_load,0.207636
18584100,h25_load,0.205359
18585000,h25_load,0.203349
18585900,h25_load,0.201938
18586800,h25_load,0.202045
18587700,h25_load,0.200998
18588600,h25_load,0.200870
18589500,h25_load,0.200164
18590400,h25_load,0.203232
18591300,h25_load,0.205284
18592200,h25_load,0.208854
18593100,h25_load,0.214359
18594000,h25_load,0.225668
18594900,h25_load,0.230190
18595800,h25_load,0.239233
18596700,h25_load,0.244791
18597600,h25_load,0.261552
18598500,h25_load,0.269814
18599400,h25_load,0.276174
18600300,h25_load,0.280813
18601200,h25_load,0.286447
18602100,h25_load,0.289910
18603000,h25_load,0.289942
18603900,h25_load,0.285335
18604800,h25_load,0.281882
18605700,h25_load,0.282321
18606600,h25_load,0.280824
18607500,h25_load,0.280824
18608400,h25_load,0.283988
18609300,h25_load,0.285495
18610200,h25_load,0.284854
18611100,h25_load,0.285057
18612000,h25_load,0.285506
18612900,h25_load,0.287227
18613800,h25_load,0.292037
18614700,h25_load,0.297659
18615600,h25_load,0.306649
18616500,h25_load,0.315895
18617400,h25_load,0.324371
18618300,h25_load,0.330881
18619200,h25_load,0.335787
18620100,h25_load,0.336386
18621000,h25_load,0.333981
18621900,h25_load,0.330860
18622800,h25_load,0.327888
18623700,h25_load,0.326317
18624600,h25_load,0.323292
18625500,h25_load,0.319123
18626400,h25_load,0.316622
18627300,h25_load,0.314121
18628200,h25_load,0.310732
18629100,h25_load,0.312346
18630000,h25_load,0.314826
18630900,h25_load,0.315125
18631800,h25_load,0.316408
18632700,h25_load,0.321047
18633600,h25_load,0.328978
18634500,h25_load,0.335381
18635400,h25_load,0.342693
18636300,h25_load,0.352067
18637200,h25_load,0.366444
18638100,h25_load,0.380190
18639000,h25_load,0.394000
18639900,h25_load,0.408858
18640800,h25_load,0.421525
18641700,h25_load,0.433026
18642600,h25_load,0.442946
18643500,h25_load,0.450246
18644400,h25_load,0.451914
18645300,h25_load,0.453239
18646200,h25_load,0.454458
18647100,h25_load,0.455035
18648000,h25_load,0.454105
18648900,h25_load,0.453763
18649800,h25_load,0.454030
18650700,h25_load,0.455110
18651600,h25_load,0.453539
18652500,h25_load,0.443619
18653400,h25_load,0.433411
18654300,h25_load,0.424603
18655200,h25_load,0.412065
18656100,h25_load,0.389457
18657000,h25_load,0.369779
18657900,h25_load,0.349416
18658800,h25_load,0.330144
18659700,h25_load,0.311929
18660600,h25_load,0.297349
18661500,h25_load,0.283133
18662400,h25_load,0.265879
18663300,h25_load,0.252568
18664200,h25_load,0.243227
18665100,h25_load,0.234582
18666000,h25_load,0.227638
18666900,h25_load,0.220736
18667800,h25_load,0.215066
18668700,h25_load,0.210261
18669600,h25_load,0.207843
18670500,h25_load,0.205564
18671400,h25_load,0.203553
18672300,h25_load,0.202140
18673200,h25_load,0.202247
18674100,h25_load,0.201199
18675000,h25_load,0.201070
18675900,h25_load,0.200364
18676800,h25_load,0.203435
18677700,h25_load,0.205489
18678600,h25_load,0.209063
18679500,h25_load,0.214573
18680400,h25_load,0.225894
18681300,h25_load,0.230420
18682200,h25_load,0.239472
18683100,h25_load,0.245036
18684000,h25_load,0.261813
18684900,h25_load,0.270084
18685800,h25_load,0.276450
18686700,h25_load,0.281094
18687600,h25_load,0.286733
18688500,h25_load,0.290199
18689400,h25_load,0.290231
18690300,h25_load,0.285620
18691200,h25_load,0.282164
18692100,h25_load,0.282602
18693000,h25_load,0.281105
18693900,h25_load,0.281105
18694800,h25_load,0.284272
18695700,h25_load,0.285780
18696600,h25_load,0.285138
18697500,h25_load,0.285342
18698400,h25_load,0.285791
18699300,h25_load,0.287514
18700200,h25_load,0.292329
18701100,h25_load,0.297957
18702000,h25_load,0.306955
18702900,h25_load,0.316210
18703800,h25_load,0.324695
18704700,h25_load,0.331212
18705600,h25_load,0.336123
18706500,h25_load,0.336722
18707400,h25_load,0.334315
18708300,h25_load,0.331190
18709200,h25_load,0.328216
18710100,h25_load,0.326643
18711000,h25_load,0.323615
18711900,h25_load,0.319442
18712800,h25_load,0.316938
18713700,h25_load,0.314434
18714600,h25_load,0.311043
18715500,h25_load,0.312658
18716400,h25_load,0.315141
18717300,h25_load,0.315440
18718200,h25_load,0.316724
18719100,h25_load,0.321368
18720000,h25_load,0.329307
18720900,h25_load,0.335716
18721800,h25_load,0.343035
18722700,h25_load,0.352419
18723600,h25_load,0.366810
18724500,h25_load,0.380570
18725400,h25_load,0.394394
18726300,h25_load,0.409266
18727200,h25_load,0.421946
18728100,h25_load,0.433459
18729000,h25_load,0.443388
18729900,h25_load,0.450696
18730800,h25_load,0.452365
18731700,h25_load,0.453692
18732600,h25_load,0.454912
18733500,h25_load,0.455489
18734400,h25_load,0.454559
18735300,h25_load,0.454216
18736200,h25_load,0.454484
18737100,h25_load,0.455564
18738000,h25_load,0.453992
18738900,h25_load,0.444062
18739800,h25_load,0.433844
18740700,h25_load,0.425027
18741600,h25_load,0.412476
18742500,h25_load,0.389846
18743400,h25_load,0.370148
18744300,h25_load,0.349765
18745200,h25_load,0.330473
18746100,h25_load,0.312241
18747000,h25_load,0.297646
18747900,h25_load,0.283416
18748800,h25_load,0.266162
18749700,h25_load,0.252838
18750600,h25_load,0.243487
18751500,h25_load,0.234832
18752400,h25_load,0.227881
18753300,h25_load,0.220972
18754200,h25_load,0.215295
18755100,h25_load,0.210486
18756000,h25_load,0.208065
18756900,h25_load,0.205783
18757800,h25_load,0.203770
18758700,h25_load,0.202356
18759600,h25_load,0.202463
18760500,h25_load,0.201413
18761400,h25_load,0.201285
18762300,h25_load,0.200578
18763200,h25_load,0.203652
18764100,h25_load,0.205708
18765000,h25_load,0.209286
18765900,h25_load,0.214802
18766800,h25_load,0.226135
18767700,h25_load,0.230666
18768600,h25_load,0.239727
18769500,h25_load,0.245297
18770400,h25_load,0.262092
18771300,h25_load,0.270372
18772200,h25_load,0.276745
18773100,h25_load,0.281394
18774000,h25_load,0.287039
18774900,h25_load,0.290509
18775800,h25_load,0.290541
18776700,h25_load,0.285925
18777600,h25_load,0.282465
18778500,h25_load,0.282904
18779400,h25_load,0.281404
18780300,h25_load,0.281404
18781200,h25_load,0.284575
18782100,h25_load,0.286085
18783000,h25_load,0.285443
18783900,h25_load,0.285646
18784800,h25_load,0.286096
18785700,h25_load,0.287820
18786600,h25_load,0.292641
18787500,h25_load,0.298275
18788400,h25_load,0.307283
18789300,h25_load,0.316548
18790200,h25_load,0.325042
18791100,h25_load,0.331565
18792000,h25_load,0.336481
18792900,h25_load,0.337081
18793800,h25_load,0.334671
18794700,h25_load,0.331544
18795600,h25_load,0.328566
18796500,h25_load,0.326991
18797400,h25_load,0.323960
18798300,h25_load,0.319783
18799200,h25_load,0.317276
18800100,h25_load,0.314770
18801000,h25_load,0.311374
18801900,h25_load,0.312992
18802800,h25_load,0.315477
18803700,h25_load,0.315777
18804600,h25_load,0.317062
18805500,h25_load,0.321711
18806400,h25_load,0.329658
18807300,h25_load,0.336074
18808200,h25_load,0.343401
18809100,h25_load,0.352795
18810000,h25_load,0.367201
18810900,h25_load,0.380976
18811800,h25_load,0.394815
18812700,h25_load,0.409703
18813600,h25_load,0.422396
18814500,h25_load,0.433921
18815400,h25_load,0.443861
18816300,h25_load,0.451177
18817200,h25_load,0.452848
18818100,h25_load,0.454176
18819000,h25_load,0.455397
18819900,h25_load,0.455975
18820800,h25_load,0.455044
18821700,h25_load,0.454701
18822600,h25_load,0.454969
18823500,h25_load,0.456050
18824400,h25_load,0.454476
18825300,h25_load,0.444536
18826200,h25_load,0.434307
18827100,h25_load,0.425481
18828000,h25_load,0.412916
18828900,h25_load,0.390262
18829800,h25_load,0.370543
18830700,h25_load,0.350138
18831600,h25_load,0.330826
18832500,h25_load,0.312574
18833400,h25_load,0.297964
18834300,h25_load,0.283718
18835200,h25_load,0.266464
18836100,h25_load,0.253125
18837000,h25_load,0.243763
18837900,h25_load,0.235099
18838800,h25_load,0.228139
18839700,h25_load,0.221223
18840600,h25_load,0.215539
18841500,h25_load,0.210725
18842400,h25_load,0.208301
18843300,h25_load,0.206017
18844200,h25_load,0.204001
18845100,h25_load,0.202586
18846000,h25_load,0.202693
18846900,h25_load,0.201642
18847800,h25_load,0.201513
18848700,h25_load,0.200805
18849600,h25_load,0.203883
18850500,h25_load,0.205942
18851400,h25_load,0.209524
18852300,h25_load,0.215046
18853200,h25_load,0.226391
18854100,h25_load,0.230927
18855000,h25_load,0.239999
18855900,h25_load,0.245575
18856800,h25_load,0.262390
18857700,h25_load,0.270679
18858600,h25_load,0.277059
18859500,h25_load,0.281713
18860400,h25_load,0.287364
18861300,h25_load,0.290839
18862200,h25_load,0.290871
18863100,h25_load,0.286249
18864000,h25_load,0.282785
18864900,h25_load,0.283225
18865800,h25_load,0.281724
18866700,h25_load,0.281724
18867600,h25_load,0.284898
18868500,h25_load,0.286410
18869400,h25_load,0.285767
18870300,h25_load,0.285970
18871200,h25_load,0.286421
18872100,h25_load,0.288147
18873000,h25_load,0.292973
18873900,h25_load,0.298613
18874800,h25_load,0.307631
18875700,h25_load,0.316907
18876600,h25_load,0.325411
18877500,h25_load,0.331941
18878400,h25_load,0.336863
18879300,h25_load,0.337464
18880200,h25_load,0.335051
18881100,h25_load,0.331920
18882000,h25_load,0.328939
18882900,h25_load,0.327362
18883800,h25_load,0.324328
18884700,h25_load,0.320146
18885600,h25_load,0.317636
18886500,h25_load,0.315127
18887400,h25_load,0.311728
18888300,h25_load,0.313347
18889200,h25_load,0.315835
18890100,h25_load,0.316135
18891000,h25_load,0.317422
18891900,h25_load,0.322076
18892800,h25_load,0.330032
18893700,h25_load,0.336456
18894600,h25_load,0.343791
18895500,h25_load,0.353195
18896400,h25_load,0.367618
18897300,h25_load,0.381408
18898200,h25_load,0.395263
18899100,h25_load,0.410168
18900000,h25_load,0.422875
18900900,h25_load,0.434414
18901800,h25_load,0.444365
18902700,h25_load,0.451689
18903600,h25_load,0.453362
18904500,h25_load,0.454691
18905400,h25_load,0.455914
18906300,h25_load,0.456493
18907200,h25_load,0.455560
18908100,h25_load,0.455217
18909000,h25_load,0.455485
18909900,h25_load,0.456568
18910800,h25_load,0.454992
18911700,h25_load,0.445040
18912600,h25_load,0.434800
18913500,h25_load,0.425964
18914400,h25_load,0.413385
18915300,h25_load,0.390705
18916200,h25_load,0.370964
18917100,h25_load,0.350536
18918000,h25_load,0.331201
18918900,h25_load,0.312929
18919800,h25_load,0.298302
18920700,h25_load,0.284040
18921600,h25_load,0.266785
18922500,h25_load,0.253429
18923400,h25_load,0.244056
18924300,h25_load,0.235381
18925200,h25_load,0.228414
18926100,h25_load,0.221489
18927000,h25_load,0.215798
18927900,h25_load,0.210978
18928800,h25_load,0.208551
18929700,h25_load,0.206265
18930600,h25_load,0.204246
18931500,h25_load,0.202829
18932400,h25_load,0.202936
18933300,h25_load,0.201884
18934200,h25_load,0.201755
18935100,h25_load,0.201047
18936000,h25_load,0.204128
18936900,h25_load,0.206190
18937800,h25_load,0.209775
18938700,h25_load,0.215305
18939600,h25_load,0.226664
18940500,h25_load,0.231205
18941400,h25_load,0.240288
18942300,h25_load,0.245871
18943200,h25_load,0.262705
18944100,h25_load,0.271004
18945000,h25_load,0.277392
18945900,h25_load,0.282052
18946800,h25_load,0.287710
18947700,h25_load,0.291188
18948600,h25_load,0.291221
18949500,h25_load,0.286593
18950400,h25_load,0.283125
18951300,h25_load,0.283566
18952200,h25_load,0.282063
18953100,h25_load,0.282063
18954000,h25_load,0.285240
18954900,h25_load,0.286754
18955800,h25_load,0.286110
18956700,h25_load,0.286314
18957600,h25_load,0.286765
18958500,h25_load,0.288494
18959400,h25_load,0.293325
18960300,h25_load,0.298972
18961200,h25_load,0.308001
18962100,h25_load,0.317288
18963000,h25_load,0.325802
18963900,h25_load,0.332340
18964800,h25_load,0.337268
18965700,h25_load,0.337870
18966600,h25_load,0.335454
18967500,h25_load,0.332319
18968400,h25_load,0.329334
18969300,h25_load,0.327756
18970200,h25_load,0.324718
18971100,h25_load,0.320530
18972000,h25_load,0.318018
18972900,h25_load,0.315506
18973800,h25_load,0.312103
18974700,h25_load,0.313724
18975600,h25_load,0.316215
18976500,h25_load,0.316515
18977400,h25_load,0.317803
18978300,h25_load,0.322463
18979200,h25_load,0.330429
18980100,h25_load,0.336860
18981000,h25_load,0.344204
18981900,h25_load,0.353620
18982800,h25_load,0.368060
18983700,h25_load,0.381867
18984600,h25_load,0.395738
18985500,h25_load,0.410661
18986400,h25_load,0.423384
18987300,h25_load,0.434936
18988200,h25_load,0.444899
18989100,h25_load,0.452232
18990000,h25_load,0.453907
18990900,h25_load,0.455238
18991800,h25_load,0.456462
18992700,h25_load,0.457042
18993600,h25_load,0.456108
18994500,h25_load,0.455764
18995400,h25_load,0.456033
18996300,h25_load,0.457117
18997200,h25_load,0.455539
18998100,h25_load,0.445575
18999000,h25_load,0.435322
18999900,h25_load,0.426476
19000800,h25_load,0.413882
19001700,h25_load,0.391175
19002600,h25_load,0.371410
19003500,h25_load,0.350957
19004400,h25_load,0.331600
19005300,h25_load,0.313305
19006200,h25_load,0.298661
19007100,h25_load,0.284382
19008000,h25_load,0.287688
19008900,h25_load,0.273176
19009800,h25_load,0.264028
19010700,h25_load,0.252891
19011600,h25_load,0.245549
19012500,h25_load,0.237583
19013400,h25_load,0.229800
19014300,h25_load,0.224533
19015200,h25_load,0.220770
19016100,h25_load,0.217094
19017000,h25_load,0.214213
19017900,h25_load,0.212503
19018800,h25_load,0.210665
19019700,h25_load,0.208881
19020600,h25_load,0.207849
19021500,h25_load,0.206311
19022400,h25_load,0.207397
19023300,h25_load,0.207687
19024200,h25_load,0.208085
19025100,h25_load,0.210020
19026000,h25_load,0.214578
19026900,h25_load,0.214180
19027800,h25_load,0.218545
19028700,h25_load,0.220233
19029600,h25_load,0.231724
19030500,h25_load,0.235422
19031400,h25_load,0.245097
19032300,h25_load,0.256664
19033200,h25_load,0.274132
19034100,h25_load,0.291160
19035000,h25_load,0.308317
19035900,h25_load,0.322195
19036800,h25_load,0.338653
19037700,h25_load,0.354047
19038600,h25_load,0.364195
19039500,h25_load,0.372494
19040400,h25_load,0.382437
19041300,h25_load,0.390403
19042200,h25_load,0.396240
19043100,h25_load,0.403335
19044000,h25_load,0.408140
19044900,h25_load,0.415601
19045800,h25_load,0.421621
19046700,h25_load,0.427856
19047600,h25_load,0.436531
19048500,h25_load,0.448151
19049400,h25_load,0.457977
19050300,h25_load,0.460288
19051200,h25_load,0.458159
19052100,h25_load,0.453644
19053000,h25_load,0.448130
19053900,h25_load,0.441218
19054800,h25_load,0.435542
19055700,h25_load,0.427630
19056600,h25_load,0.422061
19057500,h25_load,0.419481
19058400,h25_load,0.418095
19059300,h25_load,0.413074
19060200,h25_load,0.410742
19061100,h25_load,0.407839
19062000,h25_load,0.406141
19062900,h25_load,0.403668
19063800,h25_load,0.403410
19064700,h25_load,0.401508
19065600,h25_load,0.402400
19066500,h25_load,0.404862
19067400,h25_load,0.405829
19068300,h25_load,0.409764
19069200,h25_load,0.413838
19070100,h25_load,0.421330
19071000,h25_load,0.430360
19071900,h25_load,0.436606
19072800,h25_load,0.441648
19073700,h25_load,0.448119
19074600,h25_load,0.449603
19075500,h25_load,0.450280
19076400,h25_load,0.447528
19077300,h25_load,0.446614
19078200,h25_load,0.443583
19079100,h25_load,0.440831
19080000,h25_load,0.439336
19080900,h25_load,0.437778
19081800,h25_load,0.437767
19082700,h25_load,0.439530
19083600,h25_load,0.439014
19084500,h25_load,0.432628
19085400,h25_load,0.425351
19086300,h25_load,0.419481
19087200,h25_load,0.411075
19088100,h25_load,0.395122
19089000,h25_load,0.381878
19089900,h25_load,0.367990
19090800,h25_load,0.353520
19091700,h25_load,0.338922
19092600,h25_load,0.326506
19093500,h25_load,0.312380
19094400,h25_load,0.296619
19095300,h25_load,0.283250
19096200,h25_load,0.271549
19097100,h25_load,0.261646
19098000,h25_load,0.252970
19098900,h25_load,0.244262
19099800,h25_load,0.238169
19100700,h25_load,0.231173
19101600,h25_load,0.226845
19102500,h25_load,0.222217
19103400,h25_load,0.218675
19104300,h25_load,0.215446
19105200,h25_load,0.213326
19106100,h25_load,0.211119
19107000,h25_load,0.208837
19107900,h25_load,0.207513
19108800,h25_load,0.206501
19109700,h25_load,0.206113
19110600,h25_load,0.205995
19111500,h25_load,0.208578
19112400,h25_load,0.213186
19113300,h25_load,0.211183
19114200,h25_load,0.214445
19115100,h25_load,0.215392
19116000,h25_load,0.223250
19116900,h25_load,0.225155
19117800,h25_load,0.232712
19118700,h25_load,0.241614
19119600,h25_load,0.258503
19120500,h25_load,0.273584
19121400,h25_load,0.293874
19122300,h25_load,0.313627
19123200,h25_load,0.334262
19124100,h25_load,0.354714
19125000,h25_load,0.372604
19125900,h25_load,0.387986
19126800,h25_load,0.405112
19127700,h25_load,0.419461
19128600,h25_load,0.431344
19129500,h25_load,0.440903
19130400,h25_load,0.450580
19131300,h25_load,0.461602
19132200,h25_load,0.471226
19133100,h25_load,0.482647
19134000,h25_load,0.497835
19134900,h25_load,0.514143
19135800,h25_load,0.523195
19136700,h25_load,0.521957
19137600,h25_load,0.512711
19138500,h25_load,0.503088
19139400,h25_load,0.488309
19140300,h25_load,0.476952
19141200,h25_load,0.462334
19142100,h25_load,0.449945
19143000,h25_load,0.440225
19143900,h25_load,0.431925
19144800,h25_load,0.422453
19145700,h25_load,0.416533
19146600,h25_load,0.413508
19147500,h25_load,0.406145
19148400,h25_load,0.402195
19149300,h25_load,0.397760
19150200,h25_load,0.395704
19151100,h25_load,0.392270
19152000,h25_load,0.390085
19152900,h25_load,0.391926
19153800,h25_load,0.398416
19154700,h25_load,0.405585
19155600,h25_load,0.415101
19156500,h25_load,0.426662
19157400,h25_load,0.437297
19158300,h25_load,0.447835
19159200,h25_load,0.458147
19160100,h25_load,0.465521
19161000,h25_load,0.469439
19161900,h25_load,0.473066
19162800,h25_load,0.471775
19163700,h25_load,0.469396
19164600,h25_load,0.467856
19165500,h25_load,0.466909
19166400,h25_load,0.465155
19167300,h25_load,0.460677
19168200,h25_load,0.457975
19169100,h25_load,0.458707
19170000,h25_load,0.457674
19170900,h25_load,0.448115
19171800,h25_load,0.437792
19172700,h25_load,0.429008
19173600,h25_load,0.413013
19174500,h25_load,0.388083
19175400,h25_load,0.369105
19176300,h25_load,0.347695
19177200,h25_load,0.328750
19178100,h25_load,0.309655
19179000,h25_load,0.294240
19179900,h25_load,0.279536
19180800,h25_load,0.267855
19181700,h25_load,0.254446
19182600,h25_load,0.245036
19183500,h25_load,0.236326
19184400,h25_load,0.229330
19185300,h25_load,0.222377
19186200,h25_load,0.216664
19187100,h25_load,0.211824
19188000,h25_load,0.209388
19188900,h25_load,0.207092
19189800,h25_load,0.205066
19190700,h25_load,0.203643
19191600,h25_load,0.203751
19192500,h25_load,0.202694
19193400,h25_load,0.202565
19194300,h25_load,0.201854
19195200,h25_load,0.204947
19196100,h25_load,0.207017
19197000,h25_load,0.210617
19197900,h25_load,0.216169
19198800,h25_load,0.227573
19199700,h25_load,0.232133
19200600,h25_load,0.241252
19201500,h25_load,0.246857
19202400,h25_load,0.263759
19203300,h25_load,0.272092
19204200,h25_load,0.278505
19205100,h25_load,0.283184
19206000,h25_load,0.288864
19206900,h25_load,0.292357
19207800,h25_load,0.292389
19208700,h25_load,0.287743
19209600,h25_load,0.284261
19210500,h25_load,0.284703
19211400,h25_load,0.283194
19212300,h25_load,0.283194
19213200,h25_load,0.286385
19214100,h25_load,0.287905
19215000,h25_load,0.287258
19215900,h25_load,0.287463
19216800,h25_load,0.287916
19217700,h25_load,0.289651
19218600,h25_load,0.294502
19219500,h25_load,0.300172
19220400,h25_load,0.309237
19221300,h25_load,0.318561
19222200,h25_load,0.327109
19223100,h25_load,0.333674
19224000,h25_load,0.338622
19224900,h25_load,0.339225
19225800,h25_load,0.336800
19226700,h25_load,0.333652
19227600,h25_load,0.330656
19228500,h25_load,0.329071
19229400,h25_load,0.326021
19230300,h25_load,0.321817
19231200,h25_load,0.319294
19232100,h25_load,0.316772
19233000,h25_load,0.313355
19233900,h25_load,0.314983
19234800,h25_load,0.317483
19235700,h25_load,0.317785
19236600,h25_load,0.319079
19237500,h25_load,0.323757
19238400,h25_load,0.331755
19239300,h25_load,0.338212
19240200,h25_load,0.345585
19241100,h25_load,0.355039
19242000,h25_load,0.369537
19242900,h25_load,0.383399
19243800,h25_load,0.397326
19244700,h25_load,0.412309
19245600,h25_load,0.425083
19246500,h25_load,0.436681
19247400,h25_load,0.446684
19248300,h25_load,0.454047
19249200,h25_load,0.455728
19250100,h25_load,0.457065
19251000,h25_load,0.458294
19251900,h25_load,0.458876
19252800,h25_load,0.457938
19253700,h25_load,0.457593
19254600,h25_load,0.457862
19255500,h25_load,0.458951
19256400,h25_load,0.457367
19257300,h25_load,0.447363
19258200,h25_load,0.437069
19259100,h25_load,0.428187
19260000,h25_load,0.415543
19260900,h25_load,0.392745
19261800,h25_load,0.372900
19262700,h25_load,0.352365
19263600,h25_load,0.332930
19264500,h25_load,0.314562
19265400,h25_load,0.299859
19266300,h25_load,0.285523
19267200,h25_load,0.268248
19268100,h25_load,0.254819
19269000,h25_load,0.245395
19269900,h25_load,0.236673
19270800,h25_load,0.229667
19271700,h25_load,0.222704
19272600,h25_load,0.216982
19273500,h25_load,0.212135
19274400,h25_load,0.209696
19275300,h25_load,0.207396
19276200,h25_load,0.205367
19277100,h25_load,0.203942
19278000,h25_load,0.204050
19278900,h25_load,0.202992
19279800,h25_load,0.202862
19280700,h25_load,0.202150
19281600,h25_load,0.205248
19282500,h25_load,0.207321
19283400,h25_load,0.210926
19284300,h25_load,0.216486
19285200,h25_load,0.227907
19286100,h25_load,0.232473
19287000,h25_load,0.241606
19287900,h25_load,0.247220
19288800,h25_load,0.264146
19289700,h25_load,0.272491
19290600,h25_load,0.278914
19291500,h25_load,0.283599
19292400,h25_load,0.289288
19293300,h25_load,0.292786
19294200,h25_load,0.292818
19295100,h25_load,0.288166
19296000,h25_load,0.284679
19296900,h25_load,0.285121
19297800,h25_load,0.283610
19298700,h25_load,0.283610
19299600,h25_load,0.286805
19300500,h25_load,0.288327
19301400,h25_load,0.287680
19302300,h25_load,0.287885
19303200,h25_load,0.288338
19304100,h25_load,0.290076
19305000,h25_load,0.294934
19305900,h25_load,0.300612
19306800,h25_load,0.309691
19307700,h25_load,0.319029
19308600,h25_load,0.327589
19309500,h25_load,0.334164
19310400,h25_load,0.339119
19311300,h25_load,0.339723
19312200,h25_load,0.337294
19313100,h25_load,0.334142
19314000,h25_load,0.331141
19314900,h25_load,0.329554
19315800,h25_load,0.326499
19316700,h25_load,0.322289
19317600,h25_load,0.319763
19318500,h25_load,0.317237
19319400,h25_load,0.313815
19320300,h25_load,0.315445
19321200,h25_load,0.317949
19322100,h25_load,0.318252
19323000,h25_load,0.319547
19323900,h25_load,0.324232
19324800,h25_load,0.332242
19325700,h25_load,0.338708
19326600,h25_load,0.346092
19327500,h25_load,0.355560
19328400,h25_load,0.370079
19329300,h25_load,0.383962
19330200,h25_load,0.397909
19331100,h25_load,0.412914
19332000,h25_load,0.425706
19332900,h25_load,0.437322
19333800,h25_load,0.447340
19334700,h25_load,0.454713
19335600,h25_load,0.456397
19336500,h25_load,0.457736
19337400,h25_load,0.458966
19338300,h25_load,0.459549
19339200,h25_load,0.458610
19340100,h25_load,0.458265
19341000,h25_load,0.458534
19341900,h25_load,0.459625
19342800,h25_load,0.458038
19343700,h25_load,0.448020
19344600,h25_load,0.437711
19345500,h25_load,0.428815
19346400,h25_load,0.416153
19347300,h25_load,0.393321
19348200,h25_load,0.373447
19349100,h25_load,0.352882
19350000,h25_load,0.333419
19350900,h25_load,0.315024
19351800,h25_load,0.300299
19352700,h25_load,0.285942
19353600,h25_load,0.268660
19354500,h25_load,0.255210
19355400,h25_load,0.245771
19356300,h25_load,0.237035
19357200,h25_load,0.230019
19358100,h25_load,0.223045
19359000,h25_load,0.217315
19359900,h25_load,0.212460
19360800,h25_load,0.210017
19361700,h25_load,0.207714
19362600,h25_load,0.205682
19363500,h25_load,0.204254
19364400,h25_load,0.204363
19365300,h25_load,0.203303
19366200,h25_load,0.203173
19367100,h25_load,0.202460
19368000,h25_load,0.205563
19368900,h25_load,0.207638
19369800,h25_load,0.211250
19370700,h25_load,0.216818
19371600,h25_load,0.228256
19372500,h25_load,0.232830
19373400,h25_load,0.241976
19374300,h25_load,0.247598
19375200,h25_load,0.264551
19376100,h25_load,0.272909
19377000,h25_load,0.279342
19377900,h25_load,0.284034
19378800,h25_load,0.289732
19379700,h25_load,0.293235
19380600,h25_load,0.293267
19381500,h25_load,0.288607
19382400,h25_load,0.285115
19383300,h25_load,0.285558
19384200,h25_load,0.284045
19385100,h25_load,0.284045
19386000,h25_load,0.287245
19386900,h25_load,0.288769
19387800,h25_load,0.288121
19388700,h25_load,0.288326
19389600,h25_load,0.288780
19390500,h25_load,0.290521
19391400,h25_load,0.295386
19392300,h25_load,0.301073
19393200,h25_load,0.310166
19394100,h25_load,0.319518
19395000,h25_load,0.328091
19395900,h25_load,0.334676
19396800,h25_load,0.339638
19397700,h25_load,0.340244
19398600,h25_load,0.337811
19399500,h25_load,0.334654
19400400,h25_load,0.331649
19401300,h25_load,0.330059
19402200,h25_load,0.326999
19403100,h25_load,0.322783
19404000,h25_load,0.320253
19404900,h25_load,0.317723
19405800,h25_load,0.314296
19406700,h25_load,0.315928
19407600,h25_load,0.318437
19408500,h25_load,0.318739
19409400,h25_load,0.320037
19410300,h25_load,0.324729
19411200,h25_load,0.332751
19412100,h25_load,0.339228
19413000,h25_load,0.346623
19413900,h25_load,0.356105
19414800,h25_load,0.370646
19415700,h25_load,0.384550
19416600,h25_load,0.398519
19417500,h25_load,0.413547
19418400,h25_load,0.426359
19419300,h25_load,0.437992
19420200,h25_load,0.448026
19421100,h25_load,0.455410
19422000,h25_load,0.457097
19422900,h25_load,0.458437
19423800,h25_load,0.459670
19424700,h25_load,0.460254
19425600,h25_load,0.459313
19426500,h25_load,0.458967
19427400,h25_load,0.459237
19428300,h25_load,0.460329
19429200,h25_load,0.458740
19430100,h25_load,0.448707
19431000,h25_load,0.438381
19431900,h25_load,0.429473
19432800,h25_load,0.416791
19433700,h25_load,0.393924
19434600,h25_load,0.374020
19435500,h25_load,0.353423
19436400,h25_load,0.333930
19437300,h25_load,0.315507
19438200,h25_load,0.300760
19439100,h25_load,0.286380
19440000,h25_load,0.269089
19440900,h25_load,0.255618
19441800,h25_load,0.246164
19442700,h25_load,0.237414
19443600,h25_load,0.230386
19444500,h25_load,0.223401
19445400,h25_load,0.217662
19446300,h25_load,0.212800
19447200,h25_load,0.210352
19448100,h25_load,0.208046
19449000,h25_load,0.206010
19449900,h25_load,0.204581
19450800,h25_load,0.204689
19451700,h25_load,0.203628
19452600,h25_load,0.203498
19453500,h25_load,0.202783
19454400,h25_load,0.205891
19455300,h25_load,0.207970
19456200,h25_load,0.211587
19457100,h25_load,0.217164
19458000,h25_load,0.228621
19458900,h25_load,0.233202
19459800,h25_load,0.242363
19460700,h25_load,0.247994
19461600,h25_load,0.264974
19462500,h25_load,0.273345
19463400,h25_load,0.279788
19464300,h25_load,0.284488
19465200,h25_load,0.290194
19466100,h25_load,0.293703
19467000,h25_load,0.293735
19467900,h25_load,0.289068
19468800,h25_load,0.285570
19469700,h25_load,0.286014
19470600,h25_load,0.284498
19471500,h25_load,0.284498
19472400,h25_load,0.287704
19473300,h25_load,0.289231
19474200,h25_load,0.288581
19475100,h25_load,0.288787
19476000,h25_load,0.289241
19476900,h25_load,0.290985
19477800,h25_load,0.295858
19478700,h25_load,0.301554
19479600,h25_load,0.310661
19480500,h25_load,0.320028
19481400,h25_load,0.328616
19482300,h25_load,0.335210
19483200,h25_load,0.340181
19484100,h25_load,0.340787
19485000,h25_load,0.338351
19485900,h25_load,0.335189
19486800,h25_load,0.332178
19487700,h25_load,0.330586
19488600,h25_load,0.327522
19489500,h25_load,0.323299
19490400,h25_load,0.320765
19491300,h25_load,0.318231
19492200,h25_load,0.314798
19493100,h25_load,0.316433
19494000,h25_load,0.318945
19494900,h25_load,0.319248
19495800,h25_load,0.320548
19496700,h25_load,0.325248
19497600,h25_load,0.333283
19498500,h25_load,0.339769
19499400,h25_load,0.347176
19500300,h25_load,0.356673
19501200,h25_load,0.371238
19502100,h25_load,0.385164
19503000,h25_load,0.399155
19503900,h25_load,0.414208
19504800,h25_load,0.427040
19505700,h25_load,0.438692
19506600,h25_load,0.448741
19507500,h25_load,0.456137
19508400,h25_load,0.457827
19509300,h25_load,0.459169
19510200,h25_load,0.460404
19511100,h25_load,0.460989
19512000,h25_load,0.460047
19512900,h25_load,0.459700
19513800,h25_load,0.459971
19514700,h25_load,0.461064
19515600,h25_load,0.459473
19516500,h25_load,0.449423
19517400,h25_load,0.439082
19518300,h25_load,0.430159
19519200,h25_load,0.417456
19520100,h25_load,0.394553
19521000,h25_load,0.374617
19521900,h25_load,0.353988
19522800,h25_load,0.334463
19523700,h25_load,0.316011
19524600,h25_load,0.301240
19525500,h25_load,0.286837
19526400,h25_load,0.269536
19527300,h25_load,0.256042
19528200,h25_load,0.246573
19529100,h25_load,0.237808
19530000,h25_load,0.230769
19530900,h25_load,0.223773
19531800,h25_load,0.218024
19532700,h25_load,0.213153
19533600,h25_load,0.210702
19534500,h25_load,0.208392
19535400,h25_load,0.206352
19536300,h25_load,0.204921
19537200,h25_load,0.205029
19538100,h25_load,0.203966
19539000,h25_load,0.203836
19539900,h25_load,0.203120
19540800,h25_load,0.206233
19541700,h25_load,0.208316
19542600,h25_load,0.211938
19543500,h25_load,0.217525
19544400,h25_load,0.229001
19545300,h25_load,0.233589
19546200,h25_load,0.242766
19547100,h25_load,0.248406
19548000,h25_load,0.265414
19548900,h25_load,0.273799
19549800,h25_load,0.280253
19550700,h25_load,0.284960
19551600,h25_load,0.290676
19552500,h25_load,0.294191
19553400,h25_load,0.294223
19554300,h25_load,0.289548
19555200,h25_load,0.286045
19556100,h25_load,0.286490
19557000,h25_load,0.284971
19557900,h25_load,0.284971
19558800,h25_load,0.288182
19559700,h25_load,0.289711
19560600,h25_load,0.289060
19561500,h25_load,0.289266
19562400,h25_load,0.289722
19563300,h25_load,0.291468
19564200,h25_load,0.296349
19565100,h25_load,0.302055
19566000,h25_load,0.311177
19566900,h25_load,0.320560
19567800,h25_load,0.329161
19568700,h25_load,0.335767
19569600,h25_load,0.340746
19570500,h25_load,0.341353
19571400,h25_load,0.338913
19572300,h25_load,0.335746
19573200,h25_load,0.332730
19574100,h25_load,0.331136
19575000,h25_load,0.328066
19575900,h25_load,0.323836
19576800,h25_load,0.321297
19577700,h25_load,0.318759
19578600,h25_load,0.315321
19579500,h25_load,0.316959
19580400,h25_load,0.319475
19581300,h25_load,0.319779
19582200,h25_load,0.321080
19583100,h25_load,0.325788
19584000,h25_load,0.333836
19584900,h25_load,0.340334
19585800,h25_load,0.347753
19586700,h25_load,0.357266
19587600,h25_load,0.371855
19588500,h25_load,0.385804
19589400,h25_load,0.399818
19590300,h25_load,0.414896
19591200,h25_load,0.427749
19592100,h25_load,0.439421
19593000,h25_load,0.449487
19593900,h25_load,0.456895
19594800,h25_load,0.458587
19595700,h25_load,0.459932
19596600,h25_load,0.461169
19597500,h25_load,0.461755
19598400,h25_load,0.460811
19599300,h25_load,0.460464
19600200,h25_load,0.460735
19601100,h25_load,0.461830
19602000,h25_load,0.460236
19602900,h25_load,0.450170
19603800,h25_load,0.439811
19604700,h25_load,0.430873
19605600,h25_load,0.418150
19606500,h25_load,0.395209
19607400,h25_load,0.375239
19608300,h25_load,0.354576
19609200,h25_load,0.335019
19610100,h25_load,0.316536
19611000,h25_load,0.301740
19611900,h25_load,0.287314
19612800,h25_load,0.290787
19613700,h25_load,0.276118
19614600,h25_load,0.266871
19615500,h25_load,0.255615
19616400,h25_load,0.248193
19617300,h25_load,0.240142
19618200,h25_load,0.232275
19619100,h25_load,0.226951
19620000,h25_load,0.223148
19620900,h25_load,0.219432
19621800,h25_load,0.216520
19622700,h25_load,0.214792
19623600,h25_load,0.212934
19624500,h25_load,0.211131
19625400,h25_load,0.210087
19626300,h25_load,0.208534
19627200,h25_load,0.209631
19628100,h25_load,0.209924
19629000,h25_load,0.210326
19629900,h25_load,0.212282
19630800,h25_load,0.216889
19631700,h25_load,0.216487
19632600,h25_load,0.220899
19633500,h25_load,0.222605
19634400,h25_load,0.234220
19635300,h25_load,0.237958
19636200,h25_load,0.247737
19637100,h25_load,0.259428
19638000,h25_load,0.277085
19638900,h25_load,0.294296
19639800,h25_load,0.311638
19640700,h25_load,0.325665
19641600,h25_load,0.342301
19642500,h25_load,0.357860
19643400,h25_load,0.368118
19644300,h25_load,0.376506
19645200,h25_load,0.386557
19646100,h25_load,0.394608
19647000,h25_load,0.400508
19647900,h25_load,0.407679
19648800,h25_load,0.412536
19649700,h25_load,0.420077
19650600,h25_load,0.426162
19651500,h25_load,0.432464
19652400,h25_load,0.441233
19653300,h25_load,0.452978
19654200,h25_load,0.462910
19655100,h25_load,0.465246
19656000,h25_load,0.463094
19656900,h25_load,0.458531
19657800,h25_load,0.452957
19658700,h25_load,0.445970
19659600,h25_load,0.440233
19660500,h25_load,0.432236
19661400,h25_load,0.426607
19662300,h25_load,0.424000
19663200,h25_load,0.422598
19664100,h25_load,0.417524
19665000,h25_load,0.415166
19665900,h25_load,0.412232
19666800,h25_load,0.410515
19667700,h25_load,0.408016
19668600,h25_load,0.407755
19669500,h25_load,0.405832
19670400,h25_load,0.406734
19671300,h25_load,0.409222
19672200,h25_load,0.410200
19673100,h25_load,0.414177
19674000,h25_load,0.418295
19674900,h25_load,0.425868
19675800,h25_load,0.434996
19676700,h25_load,0.441309
19677600,h25_load,0.446405
19678500,h25_load,0.452946
19679400,h25_load,0.454445
19680300,h25_load,0.455130
19681200,h25_load,0.452348
19682100,h25_load,0.451425
19683000,h25_load,0.448360
19683900,h25_load,0.445579
19684800,h25_load,0.444068
19685700,h25_load,0.442493
19686600,h25_load,0.442482
19687500,h25_load,0.444264
19688400,h25_load,0.443742
19689300,h25_load,0.437288
19690200,h25_load,0.429932
19691100,h25_load,0.424000
19692000,h25_load,0.415503
19692900,h25_load,0.399378
19693800,h25_load,0.385992
19694700,h25_load,0.371953
19695600,h25_load,0.357328
19696500,h25_load,0.342572
19697400,h25_load,0.330023
19698300,h25_load,0.315745
19699200,h25_load,0.299949
19700100,h25_load,0.286430
19701000,h25_load,0.274598
19701900,h25_load,0.264584
19702800,h25_load,0.255810
19703700,h25_load,0.247004
19704600,h25_load,0.240843
19705500,h25_load,0.233768
19706400,h25_load,0.229392
19707300,h25_load,0.224712
19708200,h25_load,0.221130
19709100,h25_load,0.217865
19710000,h25_load,0.215720
19710900,h25_load,0.213489
19711800,h25_load,0.211181
19712700,h25_load,0.209843
19713600,h25_load,0.208819
19714500,h25_load,0.208427
19715400,h25_load,0.208308
19716300,h25_load,0.210920
19717200,h25_load,0.215579
19718100,h25_load,0.213554
19719000,h25_load,0.216853
19719900,h25_load,0.217810
19720800,h25_load,0.225757
19721700,h25_load,0.227683
19722600,h25_load,0.235325
19723500,h25_load,0.244326
19724400,h25_load,0.261405
19725300,h25_load,0.276655
19726200,h25_load,0.297174
19727100,h25_load,0.317148
19728000,h25_load,0.338014
19728900,h25_load,0.358696
19729800,h25_load,0.376787
19730700,h25_load,0.392342
19731600,h25_load,0.409660
19732500,h25_load,0.424170
19733400,h25_load,0.436187
19734300,h25_load,0.445853
19735200,h25_load,0.455638
19736100,h25_load,0.466785
19737000,h25_load,0.476516
19737900,h25_load,0.488065
19738800,h25_load,0.503424
19739700,h25_load,0.519915
19740600,h25_load,0.529069
19741500,h25_load,0.527817
19742400,h25_load,0.518467
19743300,h25_load,0.508736
19744200,h25_load,0.493791
19745100,h25_load,0.482307
19746000,h25_load,0.467525
19746900,h25_load,0.454996
19747800,h25_load,0.445167
19748700,h25_load,0.436775
19749600,h25_load,0.427196
19750500,h25_load,0.421209
19751400,h25_load,0.418150
19752300,h25_load,0.410705
19753200,h25_load,0.406710
19754100,h25_load,0.402225
19755000,h25_load,0.400146
19755900,h25_load,0.396674
19756800,h25_load,0.394464
19757700,h25_load,0.396326
19758600,h25_load,0.402889
19759500,h25_load,0.410139
19760400,h25_load,0.419761
19761300,h25_load,0.431452
19762200,h25_load,0.442206
19763100,h25_load,0.452863
19764000,h25_load,0.463291
19764900,h25_load,0.470747
19765800,h25_load,0.474709
19766700,h25_load,0.478377
19767600,h25_load,0.477071
19768500,h25_load,0.474666
19769400,h25_load,0.473109
19770300,h25_load,0.472151
19771200,h25_load,0.470377
19772100,h25_load,0.465849
19773000,h25_load,0.463117
19773900,h25_load,0.463857
19774800,h25_load,0.462812
19775700,h25_load,0.453146
19776600,h25_load,0.442707
19777500,h25_load,0.433825
19778400,h25_load,0.417650
19779300,h25_load,0.392440
19780200,h25_load,0.373249
19781100,h25_load,0.351599
19782000,h25_load,0.332441
19782900,h25_load,0.313131
19783800,h25_load,0.297544
19784700,h25_load,0.282675
19785600,h25_load,0.270984
19786500,h25_load,0.257418
19787400,h25_load,0.247897
19788300,h25_load,0.239086
19789200,h25_load,0.232008
19790100,h25_load,0.224975
19791000,h25_load,0.219195
19791900,h25_load,0.214298
19792800,h25_load,0.211834
19793700,h25_load,0.209511
19794600,h25_load,0.207461
19795500,h25_load,0.206021
19796400,h25_load,0.206130
19797300,h25_load,0.205062
19798200,h25_load,0.204931
19799100,h25_load,0.204211
19800000,h25_load,0.207341
19800900,h25_load,0.209435
19801800,h25_load,0.213077
19802700,h25_load,0.218693
19803600,h25_load,0.230231
19804500,h25_load,0.234844
19805400,h25_load,0.244070
19806300,h25_load,0.249740
19807200,h25_load,0.266840
19808100,h25_load,0.275269
19809000,h25_load,0.281758
19809900,h25_load,0.286491
19810800,h25_load,0.292238
19811700,h25_load,0.295771
19812600,h25_load,0.295804
19813500,h25_load,0.291104
19814400,h25_load,0.287581
19815300,h25_load,0.288028
19816200,h25_load,0.286502
19817100,h25_load,0.286502
19818000,h25_load,0.289730
19818900,h25_load,0.291267
19819800,h25_load,0.290613
19820700,h25_load,0.290820
19821600,h25_load,0.291278
19822500,h25_load,0.293034
19823400,h25_load,0.297941
19824300,h25_load,0.303677
19825200,h25_load,0.312849
19826100,h25_load,0.322282
19827000,h25_load,0.330930
19827900,h25_load,0.337571
19828800,h25_load,0.342576
19829700,h25_load,0.343187
19830600,h25_load,0.340733
19831500,h25_load,0.337549
19832400,h25_load,0.334517
19833300,h25_load,0.332914
19834200,h25_load,0.329828
19835100,h25_load,0.325575
19836000,h25_load,0.323023
19836900,h25_load,0.320471
19837800,h25_load,0.317015
19838700,h25_load,0.318661
19839600,h25_load,0.321191
19840500,h25_load,0.321497
19841400,h25_load,0.322805
19842300,h25_load,0.327538
19843200,h25_load,0.335630
19844100,h25_load,0.342162
19845000,h25_load,0.349621
19845900,h25_load,0.359185
19846800,h25_load,0.373852
19847700,h25_load,0.387877
19848600,h25_load,0.401966
19849500,h25_load,0.417124
19850400,h25_load,0.430047
19851300,h25_load,0.441781
19852200,h25_load,0.451901
19853100,h25_load,0.459349
19854000,h25_load,0.461051
19854900,h25_load,0.462403
19855800,h25_load,0.463646
19856700,h25_load,0.464235
19857600,h25_load,0.463286
19858500,h25_load,0.462937
19859400,h25_load,0.463210
19860300,h25_load,0.464311
19861200,h25_load,0.462708
19862100,h25_load,0.452588
19863000,h25_load,0.442174
19863900,h25_load,0.433188
19864800,h25_load,0.420396
19865700,h25_load,0.397331
19866600,h25_load,0.377255
19867500,h25_load,0.356480
19868400,h25_load,0.336818
19869300,h25_load,0.318236
19870200,h25_load,0.303361
19871100,h25_load,0.288857
19872000,h25_load,0.271502
19872900,h25_load,0.257910
19873800,h25_load,0.248371
19874700,h25_load,0.239543
19875600,h25_load,0.232452
19876500,h25_load,0.225405
19877400,h25_load,0.219614
19878300,h25_load,0.214708
19879200,h25_load,0.212239
19880100,h25_load,0.209911
19881000,h25_load,0.207857
19881900,h25_load,0.206415
19882800,h25_load,0.206524
19883700,h25_load,0.205454
19884600,h25_load,0.205322
19885500,h25_load,0.204601
19886400,h25_load,0.207737
19887300,h25_load,0.209835
19888200,h25_load,0.213484
19889100,h25_load,0.219111
19890000,h25_load,0.230671
19890900,h25_load,0.235293
19891800,h25_load,0.244536
19892700,h25_load,0.250218
19893600,h25_load,0.267350
19894500,h25_load,0.275795
19895400,h25_load,0.282296
19896300,h25_load,0.287038
19897200,h25_load,0.292796
19898100,h25_load,0.296336
19899000,h25_load,0.296369
19899900,h25_load,0.291660
19900800,h25_load,0.288131
19901700,h25_load,0.288579
19902600,h25_load,0.287049
19903500,h25_load,0.287049
19904400,h25_load,0.290283
19905300,h25_load,0.291824
19906200,h25_load,0.291168
19907100,h25_load,0.291376
19908000,h25_load,0.291835
19908900,h25_load,0.293594
19909800,h25_load,0.298511
19910700,h25_load,0.304258
19911600,h25_load,0.313447
19912500,h25_load,0.322898
19913400,h25_load,0.331562
19914300,h25_load,0.338216
19915200,h25_load,0.343231
19916100,h25_load,0.343843
19917000,h25_load,0.341385
19917900,h25_load,0.338194
19918800,h25_load,0.335157
19919700,h25_load,0.333551
19920600,h25_load,0.330459
19921500,h25_load,0.326197
19922400,h25_load,0.323641
19923300,h25_load,0.321084
19924200,h25_load,0.317620
19925100,h25_load,0.319270
19926000,h25_load,0.321805
19926900,h25_load,0.322111
19927800,h25_load,0.323422
19928700,h25_load,0.328164
19929600,h25_load,0.336271
19930500,h25_load,0.342816
19931400,h25_load,0.350289
19932300,h25_load,0.359871
19933200,h25_load,0.374567
19934100,h25_load,0.388618
19935000,h25_load,0.402734
19935900,h25_load,0.417922
19936800,h25_load,0.430869
19937700,h25_load,0.442625
19938600,h25_load,0.452765
19939500,h25_load,0.460227
19940400,h25_load,0.461932
19941300,h25_load,0.463287
19942200,h25_load,0.464532
19943100,h25_load,0.465122
19944000,h25_load,0.464172
19944900,h25_load,0.463822
19945800,h25_load,0.464095
19946700,h25_load,0.465199
19947600,h25_load,0.463593
19948500,h25_load,0.453453
19949400,h25_load,0.443019
19950300,h25_load,0.434016
19951200,h25_load,0.421199
19952100,h25_load,0.398091
19953000,h25_load,0.377976
19953900,h25_load,0.357162
19954800,h25_load,0.337462
19955700,h25_load,0.318844
19956600,h25_load,0.303941
19957500,h25_load,0.289409
19958400,h25_load,0.272037
19959300,h25_load,0.258418
19960200,h25_load,0.248861
19961100,h25_load,0.240015
19962000,h25_load,0.232910
19962900,h25_load,0.225849
19963800,h25_load,0.220047
19964700,h25_load,0.215131
19965600,h25_load,0.212657
19966500,h25_load,0.210325
19967400,h25_load,0.208267
19968300,h25_load,0.206822
19969200,h25_load,0.206932
19970100,h25_load,0.205859
19971000,h25_load,0.205727
19971900,h25_load,0.205005
19972800,h25_load,0.208147
19973700,h25_load,0.210249
19974600,h25_load,0.213905
19975500,h25_load,0.219543
19976400,h25_load,0.231126
19977300,h25_load,0.235757
19978200,h25_load,0.245018
19979100,h25_load,0.250711
19980000,h25_load,0.267877
19980900,h25_load,0.276339
19981800,h25_load,0.282853
19982700,h25_load,0.287605
19983600,h25_load,0.293374
19984500,h25_load,0.296921
19985400,h25_load,0.296954
19986300,h25_load,0.292235
19987200,h25_load,0.288699
19988100,h25_load,0.289148
19989000,h25_load,0.287615
19989900,h25_load,0.287615
19990800,h25_load,0.290856
19991700,h25_load,0.292400
19992600,h25_load,0.291743
19993500,h25_load,0.291951
19994400,h25_load,0.292410
19995300,h25_load,0.294173
19996200,h25_load,0.299099
19997100,h25_load,0.304858
19998000,h25_load,0.314065
19998900,h25_load,0.323535
19999800,h25_load,0.332216
20000700,h25_load,0.338883
20001600,h25_load,0.343908
20002500,h25_load,0.344521
20003400,h25_load,0.342058
20004300,h25_load,0.338861
20005200,h25_load,0.335818
20006100,h25_load,0.334208
20007000,h25_load,0.331110
20007900,h25_load,0.326841
20008800,h25_load,0.324279
20009700,h25_load,0.321717
20010600,h25_load,0.318247
20011500,h25_load,0.319900
20012400,h25_load,0.322440
20013300,h25_load,0.322746
20014200,h25_load,0.324060
20015100,h25_load,0.328811
20016000,h25_load,0.336934
20016900,h25_load,0.343492
20017800,h25_load,0.350980
20018700,h25_load,0.360581
20019600,h25_load,0.375306
20020500,h25_load,0.389384
20021400,h25_load,0.403529
20022300,h25_load,0.418746
20023200,h25_load,0.431719
20024100,h25_load,0.443498
20025000,h25_load,0.453658
20025900,h25_load,0.461135
20026800,h25_load,0.462843
20027700,h25_load,0.464200
20028600,h25_load,0.465448
20029500,h25_load,0.466039
20030400,h25_load,0.465087
20031300,h25_load,0.464737
20032200,h25_load,0.465010
20033100,h25_load,0.466116
20034000,h25_load,0.464507
20034900,h25_load,0.454347
20035800,h25_load,0.443892
20036700,h25_load,0.434872
20037600,h25_load,0.422030
20038500,h25_load,0.398876
20039400,h25_load,0.378721
20040300,h25_load,0.357866
20041200,h25_load,0.338128
20042100,h25_load,0.319473
20043000,h25_load,0.304540
20043900,h25_load,0.289980
20044800,h25_load,0.272590
20045700,h25_load,0.258943
20046600,h25_load,0.249367
20047500,h25_load,0.240503
20048400,h25_load,0.233384
20049300,h25_load,0.226308
20050200,h25_load,0.220494
20051100,h25_load,0.215569
20052000,h25_load,0.213089
20052900,h25_load,0.210753
20053800,h25_load,0.208690
20054700,h25_load,0.207242
20055600,h25_load,0.207352
20056500,h25_load,0.206277
20057400,h25_load,0.206145
20058300,h25_load,0.205421
20059200,h25_load,0.208570
20060100,h25_load,0.210676
20061000,h25_load,0.214340
20061900,h25_load,0.219989
20062800,h25_load,0.231596
20063700,h25_load,0.236236
20064600,h25_load,0.245516
20065500,h25_load,0.251221
20066400,h25_load,0.268421
20067300,h25_load,0.276901
20068200,h25_load,0.283428
20069100,h25_load,0.288189
20070000,h25_load,0.293970
20070900,h25_load,0.297524
20071800,h25_load,0.297557
20072700,h25_load,0.292829
20073600,h25_load,0.289286
20074500,h25_load,0.289736
20075400,h25_load,0.288200
20076300,h25_load,0.288200
20077200,h25_load,0.291447
20078100,h25_load,0.292994
20079000,h25_load,0.292336
20079900,h25_load,0.292544
20080800,h25_load,0.293005
20081700,h25_load,0.294771
20082600,h25_load,0.299707
20083500,h25_load,0.305478
20084400,h25_load,0.314703
20085300,h25_load,0.324192
20086200,h25_load,0.332891
20087100,h25_load,0.339572
20088000,h25_load,0.344607
20088900,h25_load,0.345221
20089800,h25_load,0.342753
20090700,h25_load,0.339550
20091600,h25_load,0.336500
20092500,h25_load,0.334888
20093400,h25_load,0.331783
20094300,h25_load,0.327505
20095200,h25_load,0.324938
20096100,h25_load,0.322371
20097000,h25_load,0.318894
20097900,h25_load,0.320550
20098800,h25_load,0.323095
20099700,h25_load,0.323402
20100600,h25_load,0.324719
20101500,h25_load,0.329480
20102400,h25_load,0.337619
20103300,h25_load,0.344190
20104200,h25_load,0.351694
20105100,h25_load,0.361314
20106000,h25_load,0.376069
20106900,h25_load,0.390176
20107800,h25_load,0.404349
20108700,h25_load,0.419597
20109600,h25_load,0.432596
20110500,h25_load,0.444400
20111400,h25_load,0.454580
20112300,h25_load,0.462072
20113200,h25_load,0.463783
20114100,h25_load,0.465144
20115000,h25_load,0.466394
20115900,h25_load,0.466987
20116800,h25_load,0.466032
20117700,h25_load,0.465681
20118600,h25_load,0.465956
20119500,h25_load,0.467063
20120400,h25_load,0.465451
20121300,h25_load,0.455271
20122200,h25_load,0.444795
20123100,h25_load,0.435756
20124000,h25_load,0.422888
20124900,h25_load,0.399687
20125800,h25_load,0.379491
20126700,h25_load,0.358594
20127600,h25_load,0.338815
20128500,h25_load,0.320122
20129400,h25_load,0.305159
20130300,h25_load,0.290569
20131200,h25_load,0.273160
20132100,h25_load,0.259485
20133000,h25_load,0.249888
20133900,h25_load,0.241006
20134800,h25_load,0.233872
20135700,h25_load,0.226781
20136600,h25_load,0.220955
20137500,h25_load,0.216020
20138400,h25_load,0.213535
20139300,h25_load,0.211194
20140200,h25_load,0.209127
20141100,h25_load,0.207676
20142000,h25_load,0.207786
20142900,h25_load,0.206709
20143800,h25_load,0.206577
20144700,h25_load,0.205851
20145600,h25_load,0.209006
20146500,h25_load,0.211117
20147400,h25_load,0.214788
20148300,h25_load,0.220450
20149200,h25_load,0.232080
20150100,h25_load,0.236730
20151000,h25_load,0.246030
20151900,h25_load,0.251746
20152800,h25_load,0.268983
20153700,h25_load,0.277480
20154600,h25_load,0.284021
20155500,h25_load,0.288792
20156400,h25_load,0.294585
20157300,h25_load,0.298147
20158200,h25_load,0.298180
20159100,h25_load,0.293442
20160000,h25_load,0.289891
20160900,h25_load,0.290342
20161800,h25_load,0.288803
20162700,h25_load,0.288803
20163600,h25_load,0.292057
20164500,h25_load,0.293607
20165400,h25_load,0.292947
20166300,h25_load,0.293156
20167200,h25_load,0.293618
20168100,h25_load,0.295388
20169000,h25_load,0.300334
20169900,h25_load,0.306117
20170800,h25_load,0.315361
20171700,h25_load,0.324870
20172600,h25_load,0.333588
20173500,h25_load,0.340282
20174400,h25_load,0.345328
20175300,h25_load,0.345943
20176200,h25_load,0.343470
20177100,h25_load,0.340260
20178000,h25_load,0.337204
20178900,h25_load,0.335588
20179800,h25_load,0.332477
20180700,h25_load,0.328190
20181600,h25_load,0.325618
20182500,h25_load,0.323045
20183400,h25_load,0.319561
20184300,h25_load,0.321221
20185200,h25_load,0.323771
20186100,h25_load,0.324079
20187000,h25_load,0.325398
20187900,h25_load,0.330169
20188800,h25_load,0.338325
20189700,h25_load,0.344910
20190600,h25_load,0.352429
20191500,h25_load,0.362070
20192400,h25_load,0.376855
20193300,h25_load,0.390992
20194200,h25_load,0.405195
20195100,h25_load,0.420475
20196000,h25_load,0.433501
20196900,h25_load,0.445329
20197800,h25_load,0.455531
20198700,h25_load,0.463039
20199600,h25_load,0.464754
20200500,h25_load,0.466117
20201400,h25_load,0.467370
20202300,h25_load,0.467964
20203200,h25_load,0.467007
20204100,h25_load,0.466655
20205000,h25_load,0.466930
20205900,h25_load,0.468041
20206800,h25_load,0.466425
20207700,h25_load,0.456223
20208600,h25_load,0.445725
20209500,h25_load,0.436667
20210400,h25_load,0.423773
20211300,h25_load,0.400523
20212200,h25_load,0.380285
20213100,h25_load,0.359344
20214000,h25_load,0.339524
20214900,h25_load,0.320792
20215800,h25_load,0.305798
20216700,h25_load,0.291177
20217600,h25_load,0.294822
20218500,h25_load,0.279950
20219400,h25_load,0.270575
20220300,h25_load,0.259162
20221200,h25_load,0.251638
20222100,h25_load,0.243474
20223000,h25_load,0.235499
20223900,h25_load,0.230100
20224800,h25_load,0.226245
20225700,h25_load,0.222477
20226600,h25_load,0.219525
20227500,h25_load,0.217773
20228400,h25_load,0.215889
20229300,h25_load,0.214061
20230200,h25_load,0.213003
20231100,h25_load,0.211428
20232000,h25_load,0.212540
20232900,h25_load,0.212838
20233800,h25_load,0.213245
20234700,h25_load,0.215228
20235600,h25_load,0.219899
20236500,h25_load,0.219492
20237400,h25_load,0.223964
20238300,h25_load,0.225694
20239200,h25_load,0.237470
20240100,h25_load,0.241260
20241000,h25_load,0.251175
20241900,h25_load,0.263029
20242800,h25_load,0.280930
20243700,h25_load,0.298380
20244600,h25_load,0.315963
20245500,h25_load,0.330185
20246400,h25_load,0.347051
20247300,h25_load,0.362827
20248200,h25_load,0.373226
20249100,h25_load,0.381731
20250000,h25_load,0.391921
20250900,h25_load,0.400084
20251800,h25_load,0.406066
20252700,h25_load,0.413337
20253600,h25_load,0.418261
20254500,h25_load,0.425907
20255400,h25_load,0.432076
20256300,h25_load,0.438465
20257200,h25_load,0.447356
20258100,h25_load,0.459265
20259000,h25_load,0.469334
20259900,h25_load,0.471702
20260800,h25_load,0.469521
20261700,h25_load,0.464894
20262600,h25_load,0.459242
20263500,h25_load,0.452159
20264400,h25_load,0.446342
20265300,h25_load,0.438234
20266200,h25_load,0.432528
20267100,h25_load,0.429884
20268000,h25_load,0.428463
20268900,h25_load,0.423318
20269800,h25_load,0.420927
20270700,h25_load,0.417953
20271600,h25_load,0.416212
20272500,h25_load,0.413678
20273400,h25_load,0.413414
20274300,h25_load,0.411464
20275200,h25_load,0.412379
20276100,h25_load,0.414901
20277000,h25_load,0.415893
20277900,h25_load,0.419925
20278800,h25_load,0.424100
20279700,h25_load,0.431779
20280600,h25_load,0.441032
20281500,h25_load,0.447433
20282400,h25_load,0.452600
20283300,h25_load,0.459231
20284200,h25_load,0.460752
20285100,h25_load,0.461446
20286000,h25_load,0.458626
20286900,h25_load,0.457689
20287800,h25_load,0.454583
20288700,h25_load,0.451762
20289600,h25_load,0.450231
20290500,h25_load,0.448634
20291400,h25_load,0.448623
20292300,h25_load,0.450429
20293200,h25_load,0.449901
20294100,h25_load,0.443357
20295000,h25_load,0.435899
20295900,h25_load,0.429884
20296800,h25_load,0.421269
20297700,h25_load,0.404920
20298600,h25_load,0.391348
20299500,h25_load,0.377115
20300400,h25_load,0.362287
20301300,h25_load,0.347326
20302200,h25_load,0.334602
20303100,h25_load,0.320127
20304000,h25_load,0.304240
20304900,h25_load,0.290527
20305800,h25_load,0.278526
20306700,h25_load,0.268368
20307600,h25_load,0.259469
20308500,h25_load,0.250537
20309400,h25_load,0.244288
20310300,h25_load,0.237112
20311200,h25_load,0.232673
20312100,h25_load,0.227926
20313000,h25_load,0.224293
20313900,h25_load,0.220981
20314800,h25_load,0.218806
20315700,h25_load,0.216543
20316600,h25_load,0.214202
20317500,h25_load,0.212844
20318400,h25_load,0.211806
20319300,h25_load,0.211409
20320200,h25_load,0.211287
20321100,h25_load,0.213937
20322000,h25_load,0.218663
20322900,h25_load,0.216609
20323800,h25_load,0.219954
20324700,h25_load,0.220926
20325600,h25_load,0.228986
20326500,h25_load,0.230940
20327400,h25_load,0.238691
20328300,h25_load,0.247821
20329200,h25_load,0.265144
20330100,h25_load,0.280612
20331000,h25_load,0.301424
20331900,h25_load,0.321684
20332800,h25_load,0.342849
20333700,h25_load,0.363827
20334600,h25_load,0.382176
20335500,h25_load,0.397954
20336400,h25_load,0.415520
20337300,h25_load,0.430237
20338200,h25_load,0.442426
20339100,h25_load,0.452230
20340000,h25_load,0.462156
20340900,h25_load,0.473462
20341800,h25_load,0.483332
20342700,h25_load,0.495046
20343600,h25_load,0.510625
20344500,h25_load,0.527352
20345400,h25_load,0.536637
20346300,h25_load,0.535367
20347200,h25_load,0.525883
20348100,h25_load,0.516013
20349000,h25_load,0.500854
20349900,h25_load,0.489206
20350800,h25_load,0.474212
20351700,h25_load,0.461504
20352600,h25_load,0.451535
20353500,h25_load,0.443022
20354400,h25_load,0.433306
20355300,h25_load,0.427234
20356200,h25_load,0.424131
20357100,h25_load,0.416580
20358000,h25_load,0.412528
20358900,h25_load,0.407979
20359800,h25_load,0.405870
20360700,h25_load,0.402348
20361600,h25_load,0.400107
20362500,h25_load,0.401995
20363400,h25_load,0.408652
20364300,h25_load,0.416005
20365200,h25_load,0.425765
20366100,h25_load,0.437623
20367000,h25_load,0.448532
20367900,h25_load,0.459340
20368800,h25_load,0.469918
20369700,h25_load,0.477480
20370600,h25_load,0.481499
20371500,h25_load,0.485220
20372400,h25_load,0.483895
20373300,h25_load,0.481455
20374200,h25_load,0.479876
20375100,h25_load,0.478905
20376000,h25_load,0.477105
20376900,h25_load,0.472512
20377800,h25_load,0.469741
20378700,h25_load,0.470492
20379600,h25_load,0.469432
20380500,h25_load,0.459628
20381400,h25_load,0.449039
20382300,h25_load,0.440030
20383200,h25_load,0.423624
20384100,h25_load,0.398053
20385000,h25_load,0.378588
20385900,h25_load,0.356628
20386800,h25_load,0.337196
20387700,h25_load,0.317610
20388600,h25_load,0.301800
20389500,h25_load,0.286718
20390400,h25_load,0.274974
20391300,h25_load,0.261208
20392200,h25_load,0.251548
20393100,h25_load,0.242607
20394000,h25_load,0.235425
20394900,h25_load,0.228287
20395800,h25_load,0.222422
20396700,h25_load,0.217454
20397600,h25_load,0.214953
20398500,h25_load,0.212596
20399400,h25_load,0.210516
20400300,h25_load,0.209055
20401200,h25_load,0.209166
20402100,h25_load,0.208081
20403000,h25_load,0.207948
20403900,h25_load,0.207218
20404800,h25_load,0.210394
20405700,h25_load,0.212519
20406600,h25_load,0.216215
20407500,h25_load,0.221913
20408400,h25_load,0.233621
20409300,h25_load,0.238302
20410200,h25_load,0.247664
20411100,h25_load,0.253418
20412000,h25_load,0.270769
20412900,h25_load,0.279323
20413800,h25_load,0.285907
20414700,h25_load,0.290710
20415600,h25_load,0.296541
20416500,h25_load,0.300127
20417400,h25_load,0.300160
20418300,h25_load,0.295390
20419200,h25_load,0.291816
20420100,h25_load,0.292270
20421000,h25_load,0.290721
20421900,h25_load,0.290721
20422800,h25_load,0.293996
20423700,h25_load,0.295556
20424600,h25_load,0.294892
20425500,h25_load,0.295103
20426400,h25_load,0.295567
20427300,h25_load,0.297349
20428200,h25_load,0.302329
20429100,h25_load,0.308149
20430000,h25_load,0.317456
20430900,h25_load,0.327027
20431800,h25_load,0.335803
20432700,h25_load,0.342542
20433600,h25_load,0.347621
20434500,h25_load,0.348241
20435400,h25_load,0.345751
20436300,h25_load,0.342520
20437200,h25_load,0.339443
20438100,h25_load,0.337817
20439000,h25_load,0.334685
20439900,h25_load,0.330369
20440800,h25_load,0.327780
20441700,h25_load,0.325191
20442600,h25_load,0.321683
20443500,h25_load,0.323354
20444400,h25_load,0.325921
20445300,h25_load,0.326231
20446200,h25_load,0.327559
20447100,h25_load,0.332361
20448000,h25_load,0.340572
20448900,h25_load,0.347200
20449800,h25_load,0.354769
20450700,h25_load,0.364474
20451600,h25_load,0.379358
20452500,h25_load,0.393588
20453400,h25_load,0.407885
20454300,h25_load,0.423267
20455200,h25_load,0.436380
20456100,h25_load,0.448286
20457000,h25_load,0.458556
20457900,h25_load,0.466113
20458800,h25_load,0.467840
20459700,h25_load,0.469212
20460600,h25_load,0.470473
20461500,h25_load,0.471071
20462400,h25_load,0.470108
20463300,h25_load,0.469754
20464200,h25_load,0.470031
20465100,h25_load,0.471148
20466000,h25_load,0.469522
20466900,h25_load,0.459253
20467800,h25_load,0.448685
20468700,h25_load,0.439567
20469600,h25_load,0.426586
20470500,h25_load,0.403182
20471400,h25_load,0.382810
20472300,h25_load,0.361730
20473200,h25_load,0.341778
20474100,h25_load,0.322922
20475000,h25_load,0.307828
20475900,h25_load,0.293111
20476800,h25_load,0.275613
20477700,h25_load,0.261815
20478600,h25_load,0.252132
20479500,h25_load,0.243170
20480400,h25_load,0.235972
20481300,h25_load,0.228818
20482200,h25_load,0.222939
20483100,h25_load,0.217959
20484000,h25_load,0.215452
20484900,h25_load,0.213090
20485800,h25_load,0.211005
20486700,h25_load,0.209541
20487600,h25_load,0.209651
20488500,h25_load,0.208565
20489400,h25_load,0.208431
20490300,h25_load,0.207699
20491200,h25_load,0.210883
20492100,h25_load,0.213012
20493000,h25_load,0.216717
20493900,h25_load,0.222429
20494800,h25_load,0.234164
20495700,h25_load,0.238855
20496600,h25_load,0.248239
20497500,h25_load,0.254006
20498400,h25_load,0.271398
20499300,h25_load,0.279972
20500200,h25_load,0.286571
20501100,h25_load,0.291385
20502000,h25_load,0.297230
20502900,h25_load,0.300824
20503800,h25_load,0.300857
20504700,h25_load,0.296076
20505600,h25_load,0.292494
20506500,h25_load,0.292949
20507400,h25_load,0.291396
20508300,h25_load,0.291396
20509200,h25_load,0.294679
20510100,h25_load,0.296243
20511000,h25_load,0.295577
20511900,h25_load,0.295788
20512800,h25_load,0.296254
20513700,h25_load,0.298040
20514600,h25_load,0.303031
20515500,h25_load,0.308865
20516400,h25_load,0.318193
20517300,h25_load,0.327787
20518200,h25_load,0.336583
20519100,h25_load,0.343337
20520000,h25_load,0.348428
20520900,h25_load,0.349049
20521800,h25_load,0.346554
20522700,h25_load,0.343315
20523600,h25_load,0.340232
20524500,h25_load,0.338601
20525400,h25_load,0.335462
20526300,h25_load,0.331137
20527200,h25_load,0.328541
20528100,h25_load,0.325946
20529000,h25_load,0.322430
20529900,h25_load,0.324105
20530800,h25_load,0.326678
20531700,h25_load,0.326988
20532600,h25_load,0.328319
20533500,h25_load,0.333133
20534400,h25_load,0.341363
20535300,h25_load,0.348007
20536200,h25_load,0.355593
20537100,h25_load,0.365321
20538000,h25_load,0.380239
20538900,h25_load,0.394502
20539800,h25_load,0.408833
20540700,h25_load,0.424250
20541600,h25_load,0.437393
20542500,h25_load,0.449328
20543400,h25_load,0.459621
20544300,h25_load,0.467196
20545200,h25_load,0.468926
20546100,h25_load,0.470302
20547000,h25_load,0.471566
20547900,h25_load,0.472165
20548800,h25_load,0.471200
20549700,h25_load,0.470845
20550600,h25_load,0.471122
20551500,h25_load,0.472243
20552400,h25_load,0.470612
20553300,h25_load,0.460319
20554200,h25_load,0.449727
20555100,h25_load,0.440588
20556000,h25_load,0.427577
20556900,h25_load,0.404119
20557800,h25_load,0.383699
20558700,h25_load,0.362570
20559600,h25_load,0.342572
20560500,h25_load,0.323672
20561400,h25_load,0.308543
20562300,h25_load,0.293792
20563200,h25_load,0.276268
20564100,h25_load,0.262437
20565000,h25_load,0.252732
20565900,h25_load,0.243748
20566800,h25_load,0.236533
20567700,h25_load,0.229362
20568600,h25_load,0.223469
20569500,h25_load,0.218477
20570400,h25_load,0.215965
20571300,h25_load,0.213597
20572200,h25_load,0.211506
20573100,h25_load,0.210039
20574000,h25_load,0.210150
20574900,h25_load,0.209061
20575800,h25_load,0.208927
20576700,h25_load,0.208193
20577600,h25_load,0.211384
20578500,h25_load,0.213519
20579400,h25_load,0.217232
20580300,h25_load,0.222958
20581200,h25_load,0.234721
20582100,h25_load,0.239423
20583000,h25_load,0.248829
20583900,h25_load,0.254610
20584800,h25_load,0.272043
20585700,h25_load,0.280637
20586600,h25_load,0.287253
20587500,h25_load,0.292078
20588400,h25_load,0.297937
20589300,h25_load,0.301539
20590200,h25_load,0.301572
20591100,h25_load,0.296781
20592000,h25_load,0.293190
20592900,h25_load,0.293645
20593800,h25_load,0.292089
20594700,h25_load,0.292089
20595600,h25_load,0.295380
20596500,h25_load,0.296947
20597400,h25_load,0.296280
20598300,h25_load,0.296492
20599200,h25_load,0.296958
20600100,h25_load,0.298748
20601000,h25_load,0.303751
20601900,h25_load,0.309599
20602800,h25_load,0.318950
20603700,h25_load,0.328567
20604600,h25_load,0.337383
20605500,h25_load,0.344154
20606400,h25_load,0.349257
20607300,h25_load,0.349880
20608200,h25_load,0.347378
20609100,h25_load,0.344132
20610000,h25_load,0.341041
20610900,h25_load,0.339407
20611800,h25_load,0.336260
20612700,h25_load,0.331924
20613600,h25_load,0.329323
20614500,h25_load,0.326721
20615400,h25_load,0.323197
20616300,h25_load,0.324875
20617200,h25_load,0.327455
20618100,h25_load,0.327766
20619000,h25_load,0.329100
20619900,h25_load,0.333925
20620800,h25_load,0.342175
20621700,h25_load,0.348834
20622600,h25_load,0.356439
20623500,h25_load,0.366189
20624400,h25_load,0.381143
20625300,h25_load,0.395441
20626200,h25_load,0.409805
20627100,h25_load,0.425259
20628000,h25_load,0.438433
20628900,h25_load,0.450396
20629800,h25_load,0.460714
20630700,h25_load,0.468307
20631600,h25_load,0.470042
20632500,h25_load,0.471420
20633400,h25_load,0.472688
20634300,h25_load,0.473288
20635200,h25_load,0.472321
20636100,h25_load,0.471965
20637000,h25_load,0.472243
20637900,h25_load,0.473366
20638800,h25_load,0.471731
20639700,h25_load,0.461414
20640600,h25_load,0.450797
20641500,h25_load,0.441635
20642400,h25_load,0.428594
20643300,h25_load,0.405080
20644200,h25_load,0.384612
20645100,h25_load,0.363432
20646000,h25_load,0.343387
20646900,h25_load,0.324442
20647800,h25_load,0.309277
20648700,h25_load,0.294490
20649600,h25_load,0.276940
20650500,h25_load,0.263076
20651400,h25_load,0.253347
20652300,h25_load,0.244341
20653200,h25_load,0.237108
20654100,h25_load,0.229920
20655000,h25_load,0.224013
20655900,h25_load,0.219009
20656800,h25_load,0.216490
20657700,h25_load,0.214116
20658600,h25_load,0.212021
20659500,h25_load,0.210550
20660400,h25_load,0.210661
20661300,h25_load,0.209569
20662200,h25_load,0.209436
20663100,h25_load,0.208700
20664000,h25_load,0.211899
20664900,h25_load,0.214038
20665800,h25_load,0.217761
20666700,h25_load,0.223500
20667600,h25_load,0.235292
20668500,h25_load,0.240006
20669400,h25_load,0.249435
20670300,h25_load,0.255230
20671200,h25_load,0.272705
20672100,h25_load,0.281320
20673000,h25_load,0.287952
20673900,h25_load,0.292788
20674800,h25_load,0.298662
20675700,h25_load,0.302273
20676600,h25_load,0.302306
20677500,h25_load,0.297503
20678400,h25_load,0.293903
20679300,h25_load,0.294360
20680200,h25_load,0.292800
20681100,h25_load,0.292800
20682000,h25_load,0.296098
20682900,h25_load,0.297670
20683800,h25_load,0.297001
20684700,h25_load,0.297213
20685600,h25_load,0.297681
20686500,h25_load,0.299475
20687400,h25_load,0.304491
20688300,h25_load,0.310353
20689200,h25_load,0.319726
20690100,h25_load,0.329366
20691000,h25_load,0.338204
20691900,h25_load,0.344991
20692800,h25_load,0.350107
20693700,h25_load,0.350731
20694600,h25_load,0.348223
20695500,h25_load,0.344969
20696400,h25_load,0.341871
20697300,h25_load,0.340232
20698200,h25_load,0.337078
20699100,h25_load,0.332732
20700000,h25_load,0.330124
20700900,h25_load,0.327516
20701800,h25_load,0.323983
20702700,h25_load,0.325666
20703600,h25_load,0.328252
20704500,h25_load,0.328564
20705400,h25_load,0.329901
20706300,h25_load,0.334738
20707200,h25_load,0.343007
20708100,h25_load,0.349683
20709000,h25_load,0.357306
20709900,h25_load,0.367081
20710800,h25_load,0.382070
20711700,h25_load,0.396403
20712600,h25_load,0.410802
20713500,h25_load,0.426294
20714400,h25_load,0.439500
20715300,h25_load,0.451492
20716200,h25_load,0.461835
20717100,h25_load,0.469447
20718000,h25_load,0.471185
20718900,h25_load,0.472567
20719800,h25_load,0.473838
20720700,h25_load,0.474440
20721600,h25_load,0.473470
20722500,h25_load,0.473113
20723400,h25_load,0.473392
20724300,h25_load,0.474518
20725200,h25_load,0.472879
20726100,h25_load,0.462537
20727000,h25_load,0.451893
20727900,h25_load,0.442710
20728800,h25_load,0.429637
20729700,h25_load,0.406065
20730600,h25_load,0.385548
20731500,h25_load,0.364317
20732400,h25_load,0.344222
20733300,h25_load,0.325231
20734200,h25_load,0.310030
20735100,h25_load,0.295207
20736000,h25_load,0.277629
20736900,h25_load,0.263730
20737800,h25_load,0.253977
20738700,h25_load,0.244949
20739600,h25_load,0.237698
20740500,h25_load,0.230492
20741400,h25_load,0.224570
20742300,h25_load,0.219554
20743200,h25_load,0.217029
20744100,h25_load,0.214649
20745000,h25_load,0.212549
20745900,h25_load,0.211074
20746800,h25_load,0.211185
20747700,h25_load,0.210091
20748600,h25_load,0.209956
20749500,h25_load,0.209219
20750400,h25_load,0.212426
20751300,h25_load,0.214571
20752200,h25_load,0.218302
20753100,h25_load,0.224056
20754000,h25_load,0.235877
20754900,h25_load,0.240603
20755800,h25_load,0.250055
20756700,h25_load,0.255865
20757600,h25_load,0.273384
20758500,h25_load,0.282020
20759400,h25_load,0.288668
20760300,h25_load,0.293517
20761200,h25_load,0.299405
20762100,h25_load,0.303025
20763000,h25_load,0.303058
20763900,h25_load,0.298243
20764800,h25_load,0.294634
20765700,h25_load,0.295092
20766600,h25_load,0.293528
20767500,h25_load,0.293528
20768400,h25_load,0.296835
20769300,h25_load,0.298410
20770200,h25_load,0.297740
20771100,h25_load,0.297952
20772000,h25_load,0.298422
20772900,h25_load,0.300220
20773800,h25_load,0.305248
20774700,h25_load,0.311125
20775600,h25_load,0.320521
20776500,h25_load,0.330185
20777400,h25_load,0.339045
20778300,h25_load,0.345849
20779200,h25_load,0.350978
20780100,h25_load,0.351603
20781000,h25_load,0.349089
20781900,h25_load,0.345827
20782800,h25_load,0.342721
20783700,h25_load,0.341079
20784600,h25_load,0.337917
20785500,h25_load,0.333560
20786400,h25_load,0.330945
20787300,h25_load,0.328331
20788200,h25_load,0.324789
20789100,h25_load,0.326476
20790000,h25_load,0.329068
20790900,h25_load,0.329381
20791800,h25_load,0.330722
20792700,h25_load,0.335571
20793600,h25_load,0.343861
20794500,h25_load,0.350553
20795400,h25_load,0.358195
20796300,h25_load,0.367994
20797200,h25_load,0.383021
20798100,h25_load,0.397389
20799000,h25_load,0.411824
20799900,h25_load,0.427354
20800800,h25_load,0.440594
20801700,h25_load,0.452615
20802600,h25_load,0.462983
20803500,h25_load,0.470614
20804400,h25_load,0.472357
20805300,h25_load,0.473743
20806200,h25_load,0.475016
20807100,h25_load,0.475620
20808000,h25_load,0.474648
20808900,h25_load,0.474290
20809800,h25_load,0.474570
20810700,h25_load,0.475698
20811600,h25_load,0.474056
20812500,h25_load,0.463687
20813400,h25_load,0.453017
20814300,h25_load,0.443811
20815200,h25_load,0.430706
20816100,h25_load,0.407076
20817000,h25_load,0.386507
20817900,h25_load,0.365223
20818800,h25_load,0.345079
20819700,h25_load,0.326040
20820600,h25_load,0.310801
20821500,h25_load,0.295941
20822400,h25_load,0.299762
20823300,h25_load,0.284641
20824200,h25_load,0.275109
20825100,h25_load,0.263504
20826000,h25_load,0.255854
20826900,h25_load,0.247554
20827800,h25_load,0.239445
20828700,h25_load,0.233956
20829600,h25_load,0.230036
20830500,h25_load,0.226205
20831400,h25_load,0.223203
20832300,h25_load,0.221422
20833200,h25_load,0.219507
20834100,h25_load,0.217647
20835000,h25_load,0.216572
20835900,h25_load,0.214970
20836800,h25_load,0.216102
20837700,h25_load,0.216404
20838600,h25_load,0.216818
20839500,h25_load,0.218835
20840400,h25_load,0.223584
20841300,h25_load,0.223169
20842200,h25_load,0.227717
20843100,h25_load,0.229476
20844000,h25_load,0.241450
20844900,h25_load,0.245303
20845800,h25_load,0.255384
20846700,h25_load,0.267436
20847600,h25_load,0.285638
20848500,h25_load,0.303380
20849400,h25_load,0.321257
20850300,h25_load,0.335718
20851200,h25_load,0.352866
20852100,h25_load,0.368906
20853000,h25_load,0.379480
20853900,h25_load,0.388127
20854800,h25_load,0.398488
20855700,h25_load,0.406788
20856600,h25_load,0.412870
20857500,h25_load,0.420263
20858400,h25_load,0.425270
20859300,h25_load,0.433043
20860200,h25_load,0.439316
20861100,h25_load,0.445813
20862000,h25_load,0.454852
20862900,h25_load,0.466960
20863800,h25_load,0.477198
20864700,h25_load,0.479606
20865600,h25_load,0.477388
20866500,h25_load,0.472684
20867400,h25_load,0.466938
20868300,h25_load,0.459735
20869200,h25_load,0.453821
20870100,h25_load,0.445577
20871000,h25_load,0.439775
20871900,h25_load,0.437087
20872800,h25_load,0.435642
20873700,h25_load,0.430411
20874600,h25_load,0.427980
20875500,h25_load,0.424956
20876400,h25_load,0.423186
20877300,h25_load,0.420610
20878200,h25_load,0.420341
20879100,h25_load,0.418359
20880000,h25_load,0.419288
20880900,h25_load,0.421853
20881800,h25_load,0.422862
20882700,h25_load,0.426961
20883600,h25_load,0.431206
20884500,h25_load,0.439013
20885400,h25_load,0.448422
20886300,h25_load,0.454930
20887200,h25_load,0.460183
20888100,h25_load,0.466926
20889000,h25_load,0.468472
20889900,h25_load,0.469178
20890800,h25_load,0.466310
20891700,h25_load,0.465358
20892600,h25_load,0.462200
20893500,h25_load,0.459332
20894400,h25_load,0.457775
20895300,h25_load,0.456151
20896200,h25_load,0.456140
20897100,h25_load,0.457977
20898000,h25_load,0.457439
20898900,h25_load,0.450786
20899800,h25_load,0.443203
20900700,h25_load,0.437087
20901600,h25_load,0.428328
20902500,h25_load,0.411705
20903400,h25_load,0.397906
20904300,h25_load,0.383434
20905200,h25_load,0.368357
20906100,h25_load,0.353146
20907000,h25_load,0.340209
20907900,h25_load,0.325491
20908800,h25_load,0.309456
20909700,h25_load,0.295508
20910600,h25_load,0.283301
20911500,h25_load,0.272970
20912400,h25_load,0.263918
20913300,h25_load,0.254833
20914200,h25_load,0.248477
20915100,h25_load,0.241177
20916000,h25_load,0.236663
20916900,h25_load,0.231834
20917800,h25_load,0.228139
20918700,h25_load,0.224770
20919600,h25_load,0.222558
20920500,h25_load,0.220256
20921400,h25_load,0.217875
20922300,h25_load,0.216494
20923200,h25_load,0.215438
20924100,h25_load,0.215034
20925000,h25_load,0.214910
20925900,h25_load,0.217605
20926800,h25_load,0.222412
20927700,h25_load,0.220323
20928600,h25_load,0.223726
20929500,h25_load,0.224714
20930400,h25_load,0.232912
20931300,h25_load,0.234900
20932200,h25_load,0.242783
20933100,h25_load,0.252070
20934000,h25_load,0.269690
20934900,h25_load,0.285424
20935800,h25_load,0.306593
20936700,h25_load,0.327200
20937600,h25_load,0.348728
20938500,h25_load,0.370065
20939400,h25_load,0.388729
20940300,h25_load,0.404777
20941200,h25_load,0.422644
20942100,h25_load,0.437614
20943000,h25_load,0.450012
20943900,h25_load,0.459984
20944800,h25_load,0.470080
20945700,h25_load,0.481580
20946600,h25_load,0.491619
20947500,h25_load,0.503535
20948400,h25_load,0.519380
20949300,h25_load,0.536394
20950200,h25_load,0.545838
20951100,h25_load,0.544547
20952000,h25_load,0.534900
20952900,h25_load,0.524860
20953800,h25_load,0.509442
20954700,h25_load,0.497594
20955600,h25_load,0.482343
20956500,h25_load,0.469418
20957400,h25_load,0.459277
20958300,h25_load,0.450618
20959200,h25_load,0.440736
20960100,h25_load,0.434559
20961000,h25_load,0.431404
20961900,h25_load,0.423722
20962800,h25_load,0.419601
20963700,h25_load,0.414974
20964600,h25_load,0.412829
20965500,h25_load,0.409247
20966400,h25_load,0.406967
20967300,h25_load,0.408887
20968200,h25_load,0.415659
20969100,h25_load,0.423138
20970000,h25_load,0.433066
20970900,h25_load,0.445127
20971800,h25_load,0.456222
20972700,h25_load,0.467216
20973600,h25_load,0.477975
20974500,h25_load,0.485667
20975400,h25_load,0.489755
20976300,h25_load,0.493540
20977200,h25_load,0.492192
20978100,h25_load,0.489710
20979000,h25_load,0.488104
20979900,h25_load,0.487116
20980800,h25_load,0.485286
20981700,h25_load,0.480614
20982600,h25_load,0.477795
20983500,h25_load,0.478559
20984400,h25_load,0.477481
20985300,h25_load,0.467508
20986200,h25_load,0.456739
20987100,h25_load,0.447575
20988000,h25_load,0.430887
20988900,h25_load,0.404878
20989800,h25_load,0.385080
20990700,h25_load,0.362743
20991600,h25_load,0.342978
20992500,h25_load,0.323056
20993400,h25_load,0.306974
20994300,h25_load,0.291634
20995200,h25_load,0.239788
20996100,h25_load,0.227414
20997000,h25_load,0.219386
20997900,h25_load,0.210997
20998800,h25_load,0.204770
20999700,h25_load,0.197711
21000600,h25_load,0.192193
21001500,h25_load,0.187768
21002400,h25_load,0.185899
21003300,h25_load,0.184120
21004200,h25_load,0.183264
21005100,h25_load,0.182285
21006000,h25_load,0.182273
21006900,h25_load,0.182014
21007800,h25_load,0.181722
21008700,h25_load,0.181249
21009600,h25_load,0.184638
21010500,h25_load,0.186518
21011400,h25_load,0.190471
21012300,h25_load,0.198927
21013200,h25_load,0.210975
21014100,h25_load,0.217809
21015000,h25_load,0.232593
21015900,h25_load,0.247130
21016800,h25_load,0.276630
21017700,h25_load,0.295209
21018600,h25_load,0.307685
21019500,h25_load,0.313349
21020400,h25_load,0.314722
21021300,h25_load,0.311783
21022200,h25_load,0.306154
21023100,h25_load,0.298643
21024000,h25_load,0.292450
21024900,h25_load,0.288588
21025800,h25_load,0.285571
21026700,h25_load,0.282125
21027600,h25_load,0.283364
21028500,h25_load,0.284028
21029400,h25_load,0.282395
21030300,h25_load,0.281382
21031200,h25_load,0.280515
21032100,h25_load,0.281923
21033000,h25_load,0.285075
21033900,h25_load,0.291201
21034800,h25_load,0.298249
21035700,h25_load,0.307584
21036600,h25_load,0.314711
21037500,h25_load,0.319282
21038400,h25_load,0.324406
21039300,h25_load,0.324282
21040200,h25_load,0.322582
21041100,h25_load,0.319406
21042000,h25_load,0.317177
21042900,h25_load,0.316254
21043800,h25_load,0.313574
21044700,h25_load,0.310331
21045600,h25_load,0.306255
21046500,h25_load,0.304071
21047400,h25_load,0.301492
21048300,h25_load,0.301762
21049200,h25_load,0.305973
21050100,h25_load,0.307505
21051000,h25_load,0.309982
21051900,h25_load,0.314846
21052800,h25_load,0.323640
21053700,h25_load,0.330959
21054600,h25_load,0.338672
21055500,h25_load,0.350483
21056400,h25_load,0.367227
21057300,h25_load,0.382889
21058200,h25_load,0.399103
21059100,h25_load,0.416173
21060000,h25_load,0.433434
21060900,h25_load,0.446822
21061800,h25_load,0.459872
21062700,h25_load,0.470884
21063600,h25_load,0.478890
21064500,h25_load,0.489981
21065400,h25_load,0.500621
21066300,h25_load,0.508548
21067200,h25_load,0.512253
21068100,h25_load,0.506386
21069000,h25_load,0.493438
21069900,h25_load,0.477933
21070800,h25_load,0.461966
21071700,h25_load,0.442881
21072600,h25_load,0.425046
21073500,h25_load,0.413381
21074400,h25_load,0.395703
21075300,h25_load,0.370098
21076200,h25_load,0.350686
21077100,h25_load,0.329202
21078000,h25_load,0.309227
21078900,h25_load,0.290356
21079800,h25_load,0.275369
21080700,h25_load,0.260270
21081600,h25_load,0.240435
21082500,h25_load,0.228027
21083400,h25_load,0.219977
21084300,h25_load,0.211566
21085200,h25_load,0.205322
21086100,h25_load,0.198244
21087000,h25_load,0.192711
21087900,h25_load,0.188274
21088800,h25_load,0.186400
21089700,h25_load,0.184616
21090600,h25_load,0.183758
21091500,h25_load,0.182776
21092400,h25_load,0.182765
21093300,h25_load,0.182505
21094200,h25_load,0.182212
21095100,h25_load,0.181737
21096000,h25_load,0.185136
21096900,h25_load,0.187021
21097800,h25_load,0.190984
21098700,h25_load,0.199463
21099600,h25_load,0.211543
21100500,h25_load,0.218396
21101400,h25_load,0.233220
21102300,h25_load,0.247796
21103200,h25_load,0.277376
21104100,h25_load,0.296005
21105000,h25_load,0.308514
21105900,h25_load,0.314193
21106800,h25_load,0.315571
21107700,h25_load,0.312624
21108600,h25_load,0.306979
21109500,h25_load,0.299448
21110400,h25_load,0.293239
21111300,h25_load,0.289366
21112200,h25_load,0.286340
21113100,h25_load,0.282886
21114000,h25_load,0.284128
21114900,h25_load,0.284794
21115800,h25_load,0.283157
21116700,h25_load,0.282141
21117600,h25_load,0.281271
21118500,h25_load,0.282682
21119400,h25_load,0.285844
21120300,h25_load,0.291986
21121200,h25_load,0.299053
21122100,h25_load,0.308413
21123000,h25_load,0.315559
21123900,h25_load,0.320143
21124800,h25_load,0.325280
21125700,h25_load,0.325156
21126600,h25_load,0.323451
21127500,h25_load,0.320267
21128400,h25_load,0.318032
21129300,h25_load,0.317106
21130200,h25_load,0.314419
21131100,h25_load,0.311167
21132000,h25_load,0.307080
21132900,h25_load,0.304890
21133800,h25_load,0.302305
21134700,h25_load,0.302576
21135600,h25_load,0.306798
21136500,h25_load,0.308334
21137400,h25_load,0.310817
21138300,h25_load,0.315695
21139200,h25_load,0.324512
21140100,h25_load,0.331851
21141000,h25_load,0.339585
21141900,h25_load,0.351428
21142800,h25_load,0.368217
21143700,h25_load,0.383921
21144600,h25_load,0.400179
21145500,h25_load,0.417295
21146400,h25_load,0.434603
21147300,h25_load,0.448026
21148200,h25_load,0.461112
21149100,h25_load,0.472154
21150000,h25_load,0.480181
21150900,h25_load,0.491302
21151800,h25_load,0.501971
21152700,h25_load,0.509919
21153600,h25_load,0.513633
21154500,h25_load,0.507751
21155400,h25_load,0.494768
21156300,h25_load,0.479221
21157200,h25_load,0.463212
21158100,h25_load,0.444075
21159000,h25_load,0.426191
21159900,h25_load,0.414495
21160800,h25_load,0.396769
21161700,h25_load,0.371096
21162600,h25_load,0.351631
21163500,h25_load,0.330090
21164400,h25_load,0.310061
21165300,h25_load,0.291139
21166200,h25_load,0.276112
21167100,h25_load,0.260972
21168000,h25_load,0.241095
21168900,h25_load,0.228653
21169800,h25_load,0.220581
21170700,h25_load,0.212147
21171600,h25_load,0.205886
21172500,h25_load,0.198788
21173400,h25_load,0.193240
21174300,h25_load,0.188791
21175200,h25_load,0.186912
21176100,h25_load,0.185123
21177000,h25_load,0.184263
21177900,h25_load,0.183278
21178800,h25_load,0.183266
21179700,h25_load,0.183006
21180600,h25_load,0.182712
21181500,h25_load,0.182236
21182400,h25_load,0.185644
21183300,h25_load,0.187535
21184200,h25_load,0.191508
21185100,h25_load,0.200010
21186000,h25_load,0.212124
21186900,h25_load,0.218996
21187800,h25_load,0.233861
21188700,h25_load,0.248476
21189600,h25_load,0.278138
21190500,h25_load,0.296817
21191400,h25_load,0.309361
21192300,h25_load,0.315056
21193200,h25_load,0.316437
21194100,h25_load,0.313482
21195000,h25_load,0.307822
21195900,h25_load,0.300270
21196800,h25_load,0.294044
21197700,h25_load,0.290161
21198600,h25_load,0.287127
21199500,h25_load,0.283662
21200400,h25_load,0.284908
21201300,h25_load,0.285576
21202200,h25_load,0.283934
21203100,h25_load,0.282915
21204000,h25_load,0.282043
21204900,h25_load,0.283459
21205800,h25_load,0.286628
21206700,h25_load,0.292787
21207600,h25_load,0.299874
21208500,h25_load,0.309259
21209400,h25_load,0.316426
21210300,h25_load,0.321022
21211200,h25_load,0.326173
21212100,h25_load,0.326049
21213000,h25_load,0.324339
21213900,h25_load,0.321147
21214800,h25_load,0.318905
21215700,h25_load,0.317977
21216600,h25_load,0.315282
21217500,h25_load,0.312022
21218400,h25_load,0.307923
21219300,h25_load,0.305727
21220200,h25_load,0.303135
21221100,h25_load,0.303406
21222000,h25_load,0.307640
21222900,h25_load,0.309180
21223800,h25_load,0.311671
21224700,h25_load,0.316562
21225600,h25_load,0.325403
21226500,h25_load,0.332762
21227400,h25_load,0.340517
21228300,h25_load,0.352393
21229200,h25_load,0.369227
21230100,h25_load,0.384975
21231000,h25_load,0.401278
21231900,h25_load,0.418440
21232800,h25_load,0.435796
21233700,h25_load,0.449256
21234600,h25_load,0.462378
21235500,h25_load,0.473450
21236400,h25_load,0.481499
21237300,h25_load,0.492650
21238200,h25_load,0.503349
21239100,h25_load,0.511319
21240000,h25_load,0.515044
21240900,h25_load,0.509145
21241800,h25_load,0.496126
21242700,h25_load,0.480537
21243600,h25_load,0.464483
21244500,h25_load,0.445294
21245400,h25_load,0.427361
21246300,h25_load,0.415633
21247200,h25_load,0.397859
21248100,h25_load,0.372114
21249000,h25_load,0.352597
21249900,h25_load,0.330996
21250800,h25_load,0.310912
21251700,h25_load,0.291938
21252600,h25_load,0.276870
21253500,h25_load,0.261688
21254400,h25_load,0.241769
21255300,h25_load,0.229292
21256200,h25_load,0.221197
21257100,h25_load,0.212740
21258000,h25_load,0.206461
21258900,h25_load,0.199343
21259800,h25_load,0.193780
21260700,h25_load,0.189319
21261600,h25_load,0.187434
21262500,h25_load,0.185640
21263400,h25_load,0.184778
21264300,h25_load,0.183790
21265200,h25_load,0.183779
21266100,h25_load,0.183517
21267000,h25_load,0.183222
21267900,h25_load,0.182746
21268800,h25_load,0.186163
21269700,h25_load,0.188059
21270600,h25_load,0.192043
21271500,h25_load,0.200569
21272400,h25_load,0.212717
21273300,h25_load,0.219608
21274200,h25_load,0.234514
21275100,h25_load,0.249171
21276000,h25_load,0.278915
21276900,h25_load,0.297647
21277800,h25_load,0.310226
21278700,h25_load,0.315936
21279600,h25_load,0.317321
21280500,h25_load,0.314358
21281400,h25_load,0.308682
21282300,h25_load,0.301109
21283200,h25_load,0.294865
21284100,h25_load,0.290971
21285000,h25_load,0.287929
21285900,h25_load,0.284455
21286800,h25_load,0.285704
21287700,h25_load,0.286374
21288600,h25_load,0.284727
21289500,h25_load,0.283706
21290400,h25_load,0.282832
21291300,h25_load,0.284251
21292200,h25_load,0.287429
21293100,h25_load,0.293605
21294000,h25_load,0.300712
21294900,h25_load,0.310124
21295800,h25_load,0.317310
21296700,h25_load,0.321919
21297600,h25_load,0.327085
21298500,h25_load,0.326960
21299400,h25_load,0.325245
21300300,h25_load,0.322044
21301200,h25_load,0.319796
21302100,h25_load,0.318865
21303000,h25_load,0.316163
21303900,h25_load,0.312894
21304800,h25_load,0.308784
21305700,h25_load,0.306581
21306600,h25_load,0.303982
21307500,h25_load,0.304254
21308400,h25_load,0.308500
21309300,h25_load,0.310044
21310200,h25_load,0.312542
21311100,h25_load,0.317446
21312000,h25_load,0.326313
21312900,h25_load,0.333692
21313800,h25_load,0.341469
21314700,h25_load,0.353378
21315600,h25_load,0.370259
21316500,h25_load,0.386051
21317400,h25_load,0.402399
21318300,h25_load,0.419610
21319200,h25_load,0.437013
21320100,h25_load,0.450512
21321000,h25_load,0.463670
21321900,h25_load,0.474773
21322800,h25_load,0.482845
21323700,h25_load,0.494027
21324600,h25_load,0.504755
21325500,h25_load,0.512748
21326400,h25_load,0.516483
21327300,h25_load,0.510568
21328200,h25_load,0.497512
21329100,h25_load,0.481880
21330000,h25_load,0.465781
21330900,h25_load,0.446538
21331800,h25_load,0.428556
21332700,h25_load,0.416794
21333600,h25_load,0.398970
21334500,h25_load,0.373154
21335400,h25_load,0.353582
21336300,h25_load,0.331921
21337200,h25_load,0.311781
21338100,h25_load,0.292754
21339000,h25_load,0.277643
21339900,h25_load,0.262419
21340800,h25_load,0.242456
21341700,h25_load,0.229944
21342600,h25_load,0.221826
21343500,h25_load,0.213344
21344400,h25_load,0.207048
21345300,h25_load,0.199910
21346200,h25_load,0.194331
21347100,h25_load,0.189857
21348000,h25_load,0.187967
21348900,h25_load,0.186168
21349800,h25_load,0.185303
21350700,h25_load,0.184312
21351600,h25_load,0.184301
21352500,h25_load,0.184039
21353400,h25_load,0.183743
21354300,h25_load,0.183265
21355200,h25_load,0.186692
21356100,h25_load,0.188593
21357000,h25_load,0.192589
21357900,h25_load,0.201139
21358800,h25_load,0.213321
21359700,h25_load,0.220232
21360600,h25_load,0.235181
21361500,h25_load,0.249879
21362400,h25_load,0.279708
21363300,h25_load,0.298493
21364200,h25_load,0.311108
21365100,h25_load,0.316834
21366000,h25_load,0.318223
21366900,h25_load,0.315252
21367800,h25_load,0.309559
21368700,h25_load,0.301965
21369600,h25_load,0.295704
21370500,h25_load,0.291798
21371400,h25_load,0.288747
21372300,h25_load,0.285263
21373200,h25_load,0.286516
21374100,h25_load,0.287188
21375000,h25_load,0.285537
21375900,h25_load,0.284512
21376800,h25_load,0.283635
21377700,h25_load,0.285059
21378600,h25_load,0.288246
21379500,h25_load,0.294440
21380400,h25_load,0.301567
21381300,h25_load,0.311005
21382200,h25_load,0.318212
21383100,h25_load,0.322834
21384000,h25_load,0.328014
21384900,h25_load,0.327889
21385800,h25_load,0.326170
21386700,h25_load,0.322959
21387600,h25_load,0.320705
21388500,h25_load,0.319772
21389400,h25_load,0.317062
21390300,h25_load,0.313783
21391200,h25_load,0.309662
21392100,h25_load,0.307453
21393000,h25_load,0.304846
21393900,h25_load,0.305119
21394800,h25_load,0.309377
21395700,h25_load,0.310925
21396600,h25_load,0.313430
21397500,h25_load,0.318348
21398400,h25_load,0.327240
21399300,h25_load,0.334640
21400200,h25_load,0.342439
21401100,h25_load,0.354382
21402000,h25_load,0.371312
21402900,h25_load,0.387148
21403800,h25_load,0.403543
21404700,h25_load,0.420802
21405600,h25_load,0.438256
21406500,h25_load,0.451792
21407400,h25_load,0.464988
21408300,h25_load,0.476122
21409200,h25_load,0.484217
21410100,h25_load,0.495431
21411000,h25_load,0.506190
21411900,h25_load,0.514205
21412800,h25_load,0.517951
21413700,h25_load,0.512019
21414600,h25_load,0.498926
21415500,h25_load,0.483249
21416400,h25_load,0.467105
21417300,h25_load,0.447808
21418200,h25_load,0.429774
21419100,h25_load,0.417979
21420000,h25_load,0.400104
21420900,h25_load,0.374215
21421800,h25_load,0.354587
21422700,h25_load,0.332864
21423600,h25_load,0.312667
21424500,h25_load,0.293586
21425400,h25_load,0.278432
21426300,h25_load,0.263165
21427200,h25_load,0.268892
21428100,h25_load,0.254414
21429000,h25_load,0.245006
21429900,h25_load,0.233440
21430800,h25_load,0.225424
21431700,h25_load,0.217009
21432600,h25_load,0.208800
21433500,h25_load,0.202999
21434400,h25_load,0.199677
21435300,h25_load,0.196594
21436200,h25_load,0.195007
21437100,h25_load,0.193968
21438000,h25_load,0.193260
21438900,h25_load,0.191856
21439800,h25_load,0.189526
21440700,h25_load,0.188601
21441600,h25_load,0.189686
21442500,h25_load,0.189309
21443400,h25_load,0.189583
21444300,h25_load,0.193363
21445200,h25_load,0.197176
21446100,h25_load,0.197302
21447000,h25_load,0.202862
21447900,h25_load,0.210741
21448800,h25_load,0.228062
21449700,h25_load,0.237916
21450600,h25_load,0.249059
21451500,h25_load,0.261254
21452400,h25_load,0.281144
21453300,h25_load,0.300771
21454200,h25_load,0.323413
21455100,h25_load,0.342607
21456000,h25_load,0.360932
21456900,h25_load,0.376472
21457800,h25_load,0.387924
21458700,h25_load,0.397321
21459600,h25_load,0.407632
21460500,h25_load,0.414756
21461400,h25_load,0.422361
21462300,h25_load,0.426928
21463200,h25_load,0.431221
21464100,h25_load,0.435469
21465000,h25_load,0.440139
21465900,h25_load,0.445985
21466800,h25_load,0.457265
21467700,h25_load,0.467873
21468600,h25_load,0.474826
21469500,h25_load,0.476527
21470400,h25_load,0.470830
21471300,h25_load,0.466183
21472200,h25_load,0.456500
21473100,h25_load,0.447674
21474000,h25_load,0.441497
21474900,h25_load,0.434338
21475800,h25_load,0.427967
21476700,h25_load,0.423765
21477600,h25_load,0.418718
21478500,h25_load,0.415853
21479400,h25_load,0.414163
21480300,h25_load,0.412142
21481200,h25_load,0.410737
21482100,h25_load,0.409116
21483000,h25_load,0.405576
21483900,h25_load,0.403852
21484800,h25_load,0.403361
21485700,h25_load,0.406867
21486600,h25_load,0.410486
21487500,h25_load,0.415796
21488400,h25_load,0.422703
21489300,h25_load,0.432523
21490200,h25_load,0.443210
21491100,h25_load,0.453772
21492000,h25_load,0.464230
21492900,h25_load,0.473719
21493800,h25_load,0.481049
21494700,h25_load,0.486393
21495600,h25_load,0.490880
21496500,h25_load,0.499500
21497400,h25_load,0.507573
21498300,h25_load,0.509194
21499200,h25_load,0.510873
21500100,h25_load,0.500448
21501000,h25_load,0.487340
21501900,h25_load,0.474609
21502800,h25_load,0.459401
21503700,h25_load,0.443530
21504600,h25_load,0.428047
21505500,h25_load,0.419084
21506400,h25_load,0.404800
21507300,h25_load,0.386954
21508200,h25_load,0.374794
21509100,h25_load,0.359300
21510000,h25_load,0.342698
21510900,h25_load,0.327912
21511800,h25_load,0.313811
21512700,h25_load,0.298522
21513600,h25_load,0.286447
21514500,h25_load,0.271205
21515400,h25_load,0.260349
21516300,h25_load,0.249802
21517200,h25_load,0.240744
21518100,h25_load,0.231171
21519000,h25_load,0.224025
21519900,h25_load,0.217749
21520800,h25_load,0.213787
21521700,h25_load,0.209894
21522600,h25_load,0.207386
21523500,h25_load,0.204271
21524400,h25_load,0.203114
21525300,h25_load,0.200389
21526200,h25_load,0.197206
21527100,h25_load,0.195751
21528000,h25_load,0.195167
21528900,h25_load,0.194068
21529800,h25_load,0.195144
21530700,h25_load,0.197893
21531600,h25_load,0.201660
21532500,h25_load,0.201133
21533400,h25_load,0.205954
21534300,h25_load,0.211405
21535200,h25_load,0.223132
21536100,h25_load,0.229590
21537000,h25_load,0.237274
21537900,h25_load,0.246664
21538800,h25_load,0.263612
21539700,h25_load,0.281740
21540600,h25_load,0.304815
21541500,h25_load,0.327867
21542400,h25_load,0.353048
21543300,h25_load,0.376673
21544200,h25_load,0.396094
21545100,h25_load,0.413168
21546000,h25_load,0.432063
21546900,h25_load,0.448485
21547800,h25_load,0.461998
21548700,h25_load,0.473060
21549600,h25_load,0.485782
21550500,h25_load,0.496398
21551400,h25_load,0.507861
21552300,h25_load,0.520320
21553200,h25_load,0.536695
21554100,h25_load,0.553105
21555000,h25_load,0.564511
21555900,h25_load,0.563389
21556800,h25_load,0.550792
21557700,h25_load,0.537715
21558600,h25_load,0.523309
21559500,h25_load,0.507803
21560400,h25_load,0.493145
21561300,h25_load,0.478831
21562200,h25_load,0.467735
21563100,h25_load,0.457073
21564000,h25_load,0.449573
21564900,h25_load,0.443400
21565800,h25_load,0.436403
21566700,h25_load,0.431010
21567600,h25_load,0.426475
21568500,h25_load,0.421448
21569400,h25_load,0.417497
21570300,h25_load,0.415837
21571200,h25_load,0.414818
21572100,h25_load,0.416581
21573000,h25_load,0.422627
21573900,h25_load,0.431789
21574800,h25_load,0.443057
21575700,h25_load,0.457566
21576600,h25_load,0.472418
21577500,h25_load,0.487889
21578400,h25_load,0.501310
21579300,h25_load,0.510426
21580200,h25_load,0.516220
21581100,h25_load,0.524122
21582000,h25_load,0.527053
21582900,h25_load,0.531828
21583800,h25_load,0.537497
21584700,h25_load,0.536272
21585600,h25_load,0.534783
21586500,h25_load,0.524019
21587400,h25_load,0.506818
21588300,h25_load,0.489550
21589200,h25_load,0.470792
21590100,h25_load,0.451107
21591000,h25_load,0.433529
21591900,h25_load,0.421104
21592800,h25_load,0.399965
21593700,h25_load,0.373478
21594600,h25_load,0.353713
21595500,h25_load,0.332470
21596400,h25_load,0.311468
21597300,h25_load,0.292436
21598200,h25_load,0.276587
21599100,h25_load,0.260761
21600000,h25_load,0.244597
21600900,h25_load,0.231975
21601800,h25_load,0.223785
21602700,h25_load,0.215229
21603600,h25_load,0.208877
21604500,h25_load,0.201676
21605400,h25_load,0.196048
21606300,h25_load,0.191534
21607200,h25_load,0.189627
21608100,h25_load,0.187812
21609000,h25_load,0.186940
21609900,h25_load,0.185940
21610800,h25_load,0.185929
21611700,h25_load,0.185665
21612600,h25_load,0.185366
21613500,h25_load,0.184884
21614400,h25_load,0.188341
21615300,h25_load,0.190259
21616200,h25_load,0.194290
21617100,h25_load,0.202916
21618000,h25_load,0.215206
21618900,h25_load,0.222177
21619800,h25_load,0.237258
21620700,h25_load,0.252086
21621600,h25_load,0.282178
21622500,h25_load,0.301129
21623400,h25_load,0.313855
21624300,h25_load,0.319633
21625200,h25_load,0.321034
21626100,h25_load,0.318036
21627000,h25_load,0.312293
21627900,h25_load,0.304632
21628800,h25_load,0.298315
21629700,h25_load,0.294376
21630600,h25_load,0.291298
21631500,h25_load,0.287783
21632400,h25_load,0.289046
21633300,h25_load,0.289724
21634200,h25_load,0.288059
21635100,h25_load,0.287025
21636000,h25_load,0.286141
21636900,h25_load,0.287576
21637800,h25_load,0.290792
21638700,h25_load,0.297040
21639600,h25_load,0.304230
21640500,h25_load,0.313752
21641400,h25_load,0.321022
21642300,h25_load,0.325685
21643200,h25_load,0.330911
21644100,h25_load,0.330785
21645000,h25_load,0.329051
21645900,h25_load,0.325812
21646800,h25_load,0.323538
21647700,h25_load,0.322596
21648600,h25_load,0.319862
21649500,h25_load,0.316554
21650400,h25_load,0.312397
21651300,h25_load,0.310168
21652200,h25_load,0.307538
21653100,h25_load,0.307814
21654000,h25_load,0.312109
21654900,h25_load,0.313672
21655800,h25_load,0.316198
21656700,h25_load,0.321160
21657600,h25_load,0.330130
21658500,h25_load,0.337596
21659400,h25_load,0.345464
21660300,h25_load,0.357512
21661200,h25_load,0.374591
21662100,h25_load,0.390568
21663000,h25_load,0.407107
21663900,h25_load,0.424519
21664800,h25_load,0.442126
21665700,h25_load,0.455783
21666600,h25_load,0.469095
21667500,h25_load,0.480327
21668400,h25_load,0.488494
21669300,h25_load,0.499807
21670200,h25_load,0.510661
21671100,h25_load,0.518747
21672000,h25_load,0.522526
21672900,h25_load,0.516542
21673800,h25_load,0.503333
21674700,h25_load,0.487517
21675600,h25_load,0.471231
21676500,h25_load,0.451763
21677400,h25_load,0.433570
21678300,h25_load,0.421671
21679200,h25_load,0.403638
21680100,h25_load,0.377520
21681000,h25_load,0.357719
21681900,h25_load,0.335804
21682800,h25_load,0.315429
21683700,h25_load,0.296179
21684600,h25_load,0.280892
21685500,h25_load,0.265489
21686400,h25_load,0.245337
21687300,h25_load,0.232676
21688200,h25_load,0.224462
21689100,h25_load,0.215880
21690000,h25_load,0.209509
21690900,h25_load,0.202286
21691800,h25_load,0.196641
21692700,h25_load,0.192113
21693600,h25_load,0.190201
21694500,h25_load,0.188381
21695400,h25_load,0.187505
21696300,h25_load,0.186503
21697200,h25_load,0.186491
21698100,h25_load,0.186226
21699000,h25_load,0.185927
21699900,h25_load,0.185443
21700800,h25_load,0.188911
21701700,h25_load,0.190834
21702600,h25_load,0.194878
21703500,h25_load,0.203530
21704400,h25_load,0.215857
21705300,h25_load,0.222849
21706200,h25_load,0.237976
21707100,h25_load,0.252848
21708000,h25_load,0.283032
21708900,h25_load,0.302040
21709800,h25_load,0.314805
21710700,h25_load,0.320600
21711600,h25_load,0.322005
21712500,h25_load,0.318998
21713400,h25_load,0.313238
21714300,h25_load,0.305554
21715200,h25_load,0.299218
21716100,h25_load,0.295266
21717000,h25_load,0.292179
21717900,h25_load,0.288654
21718800,h25_load,0.289921
21719700,h25_load,0.290601
21720600,h25_load,0.288930
21721500,h25_load,0.287893
21722400,h25_load,0.287006
21723300,h25_load,0.288446
21724200,h25_load,0.291672
21725100,h25_load,0.297939
21726000,h25_load,0.305151
21726900,h25_load,0.314701
21727800,h25_load,0.321994
21728700,h25_load,0.326671
21729600,h25_load,0.331913
21730500,h25_load,0.331786
21731400,h25_load,0.330046
21732300,h25_load,0.326798
21733200,h25_load,0.324516
21734100,h25_load,0.323572
21735000,h25_load,0.320830
21735900,h25_load,0.317512
21736800,h25_load,0.313342
21737700,h25_load,0.311107
21738600,h25_load,0.308469
21739500,h25_load,0.308745
21740400,h25_load,0.313054
21741300,h25_load,0.314621
21742200,h25_load,0.317155
21743100,h25_load,0.322132
21744000,h25_load,0.331129
21744900,h25_load,0.338617
21745800,h25_load,0.346509
21746700,h25_load,0.358594
21747600,h25_load,0.375724
21748500,h25_load,0.391749
21749400,h25_load,0.408338
21750300,h25_load,0.425803
21751200,h25_load,0.443464
21752100,h25_load,0.457162
21753000,h25_load,0.470514
21753900,h25_load,0.481781
21754800,h25_load,0.489972
21755700,h25_load,0.501319
21756600,h25_load,0.512206
21757500,h25_load,0.520316
21758400,h25_load,0.524106
21759300,h25_load,0.518104
21760200,h25_load,0.504856
21761100,h25_load,0.488992
21762000,h25_load,0.472657
21762900,h25_load,0.453130
21763800,h25_load,0.434881
21764700,h25_load,0.422946
21765600,h25_load,0.404859
21766500,h25_load,0.378662
21767400,h25_load,0.358801
21768300,h25_load,0.336820
21769200,h25_load,0.316383
21770100,h25_load,0.297075
21771000,h25_load,0.281741
21771900,h25_load,0.266293
21772800,h25_load,0.246090
21773700,h25_load,0.233390
21774600,h25_load,0.225151
21775500,h25_load,0.216542
21776400,h25_load,0.210152
21777300,h25_load,0.202906
21778200,h25_load,0.197244
21779100,h25_load,0.192703
21780000,h25_load,0.190785
21780900,h25_load,0.188959
21781800,h25_load,0.188080
21782700,h25_load,0.187075
21783600,h25_load,0.187064
21784500,h25_load,0.186798
21785400,h25_load,0.186497
21786300,h25_load,0.186012
21787200,h25_load,0.189490
21788100,h25_load,0.191420
21789000,h25_load,0.195476
21789900,h25_load,0.204154
21790800,h25_load,0.216519
21791700,h25_load,0.223533
21792600,h25_load,0.238706
21793500,h25_load,0.253624
21794400,h25_load,0.283900
21795300,h25_load,0.302967
21796200,h25_load,0.315771
21797100,h25_load,0.321583
21798000,h25_load,0.322993
21798900,h25_load,0.319977
21799800,h25_load,0.314199
21800700,h25_load,0.306492
21801600,h25_load,0.300136
21802500,h25_load,0.296172
21803400,h25_load,0.293076
21804300,h25_load,0.289539
21805200,h25_load,0.290811
21806100,h25_load,0.291492
21807000,h25_load,0.289817
21807900,h25_load,0.288777
21808800,h25_load,0.287887
21809700,h25_load,0.289331
21810600,h25_load,0.292567
21811500,h25_load,0.298853
21812400,h25_load,0.306087
21813300,h25_load,0.315667
21814200,h25_load,0.322982
21815100,h25_load,0.327673
21816000,h25_load,0.332931
21816900,h25_load,0.332804
21817800,h25_load,0.331059
21818700,h25_load,0.327800
21819600,h25_load,0.325512
21820500,h25_load,0.324565
21821400,h25_load,0.321815
21822300,h25_load,0.318487
21823200,h25_load,0.314303
21824100,h25_load,0.312062
21825000,h25_load,0.309415
21825900,h25_load,0.309693
21826800,h25_load,0.314014
21827700,h25_load,0.315586
21828600,h25_load,0.318128
21829500,h25_load,0.323120
21830400,h25_load,0.332145
21831300,h25_load,0.339657
21832200,h25_load,0.347572
21833100,h25_load,0.359694
21834000,h25_load,0.376877
21834900,h25_load,0.392951
21835800,h25_load,0.409592
21836700,h25_load,0.427110
21837600,h25_load,0.444825
21838500,h25_load,0.458565
21839400,h25_load,0.471958
21840300,h25_load,0.483259
21841200,h25_load,0.491475
21842100,h25_load,0.502858
21843000,h25_load,0.513778
21843900,h25_load,0.521913
21844800,h25_load,0.525715
21845700,h25_load,0.519694
21846600,h25_load,0.506405
21847500,h25_load,0.490493
21848400,h25_load,0.474107
21849300,h25_load,0.454520
21850200,h25_load,0.436216
21851100,h25_load,0.424244
21852000,h25_load,0.406102
21852900,h25_load,0.379824
21853800,h25_load,0.359902
21854700,h25_load,0.337854
21855600,h25_load,0.317354
21856500,h25_load,0.297987
21857400,h25_load,0.282606
21858300,h25_load,0.267110
21859200,h25_load,0.246856
21860100,h25_load,0.234117
21861000,h25_load,0.225852
21861900,h25_load,0.217216
21862800,h25_load,0.210806
21863700,h25_load,0.203538
21864600,h25_load,0.197858
21865500,h25_load,0.193302
21866400,h25_load,0.191378
21867300,h25_load,0.189547
21868200,h25_load,0.188666
21869100,h25_load,0.187657
21870000,h25_load,0.187646
21870900,h25_load,0.187379
21871800,h25_load,0.187078
21872700,h25_load,0.186591
21873600,h25_load,0.190080
21874500,h25_load,0.192016
21875400,h25_load,0.196084
21876300,h25_load,0.204790
21877200,h25_load,0.217193
21878100,h25_load,0.224229
21879000,h25_load,0.239449
21879900,h25_load,0.254413
21880800,h25_load,0.284784
21881700,h25_load,0.303910
21882600,h25_load,0.316753
21883500,h25_load,0.322584
21884400,h25_load,0.323998
21885300,h25_load,0.320973
21886200,h25_load,0.315177
21887100,h25_load,0.307445
21888000,h25_load,0.301070
21888900,h25_load,0.297094
21889800,h25_load,0.293987
21890700,h25_load,0.290440
21891600,h25_load,0.291715
21892500,h25_load,0.292399
21893400,h25_load,0.290719
21894300,h25_load,0.289675
21895200,h25_load,0.288783
21896100,h25_load,0.290232
21897000,h25_load,0.293477
21897900,h25_load,0.299783
21898800,h25_load,0.307040
21899700,h25_load,0.316649
21900600,h25_load,0.323987
21901500,h25_load,0.328693
21902400,h25_load,0.333967
21903300,h25_load,0.333839
21904200,h25_load,0.332089
21905100,h25_load,0.328820
21906000,h25_load,0.326525
21906900,h25_load,0.325575
21907800,h25_load,0.322816
21908700,h25_load,0.319477
21909600,h25_load,0.315281
21910500,h25_load,0.313032
21911400,h25_load,0.310378
21912300,h25_load,0.310656
21913200,h25_load,0.314991
21914100,h25_load,0.316568
21915000,h25_load,0.319118
21915900,h25_load,0.324126
21916800,h25_load,0.333179
21917700,h25_load,0.340713
21918600,h25_load,0.348654
21919500,h25_load,0.360813
21920400,h25_load,0.378050
21921300,h25_load,0.394174
21922200,h25_load,0.410866
21923100,h25_load,0.428439
21924000,h25_load,0.446209
21924900,h25_load,0.459991
21925800,h25_load,0.473426
21926700,h25_load,0.484763
21927600,h25_load,0.493004
21928500,h25_load,0.504422
21929400,h25_load,0.515376
21930300,h25_load,0.523537
21931200,h25_load,0.527350
21932100,h25_load,0.521311
21933000,h25_load,0.507981
21933900,h25_load,0.492019
21934800,h25_load,0.475582
21935700,h25_load,0.455934
21936600,h25_load,0.437573
21937500,h25_load,0.425564
21938400,h25_load,0.407365
21939300,h25_load,0.381006
21940200,h25_load,0.361022
21941100,h25_load,0.338905
21942000,h25_load,0.318341
21942900,h25_load,0.298914
21943800,h25_load,0.283485
21944700,h25_load,0.267941
21945600,h25_load,0.247634
21946500,h25_load,0.234855
21947400,h25_load,0.226564
21948300,h25_load,0.217901
21949200,h25_load,0.211470
21950100,h25_load,0.204179
21951000,h25_load,0.198482
21951900,h25_load,0.193912
21952800,h25_load,0.191981
21953700,h25_load,0.190144
21954600,h25_load,0.189260
21955500,h25_load,0.188249
21956400,h25_load,0.188237
21957300,h25_load,0.187970
21958200,h25_load,0.187667
21959100,h25_load,0.187179
21960000,h25_load,0.190679
21960900,h25_load,0.192621
21961800,h25_load,0.196703
21962700,h25_load,0.205435
21963600,h25_load,0.217877
21964500,h25_load,0.224936
21965400,h25_load,0.240204
21966300,h25_load,0.255216
21967200,h25_load,0.285681
21968100,h25_load,0.304868
21969000,h25_load,0.317752
21969900,h25_load,0.323601
21970800,h25_load,0.325020
21971700,h25_load,0.321985
21972600,h25_load,0.316171
21973500,h25_load,0.308415
21974400,h25_load,0.302019
21975300,h25_load,0.298031
21976200,h25_load,0.294914
21977100,h25_load,0.291356
21978000,h25_load,0.292635
21978900,h25_load,0.293321
21979800,h25_load,0.291635
21980700,h25_load,0.290589
21981600,h25_load,0.289693
21982500,h25_load,0.291147
21983400,h25_load,0.294403
21984300,h25_load,0.300728
21985200,h25_load,0.308008
21986100,h25_load,0.317647
21987000,h25_load,0.325008
21987900,h25_load,0.329729
21988800,h25_load,0.335020
21989700,h25_load,0.334892
21990600,h25_load,0.333136
21991500,h25_load,0.329857
21992400,h25_load,0.327555
21993300,h25_load,0.326601
21994200,h25_load,0.323834
21995100,h25_load,0.320485
21996000,h25_load,0.316275
21996900,h25_load,0.314019
21997800,h25_load,0.311356
21998700,h25_load,0.311636
21999600,h25_load,0.315985
22000500,h25_load,0.317566
22001400,h25_load,0.320124
22002300,h25_load,0.325148
22003200,h25_load,0.334229
22004100,h25_load,0.341787
22005000,h25_load,0.349753
22005900,h25_load,0.361951
22006800,h25_load,0.379242
22007700,h25_load,0.395417
22008600,h25_load,0.412161
22009500,h25_load,0.429790
22010400,h25_load,0.447616
22011300,h25_load,0.461442
22012200,h25_load,0.474919
22013100,h25_load,0.486291
22014000,h25_load,0.494559
22014900,h25_load,0.506012
22015800,h25_load,0.517001
22016700,h25_load,0.525187
22017600,h25_load,0.529013
22018500,h25_load,0.522955
22019400,h25_load,0.509582
22020300,h25_load,0.493570
22021200,h25_load,0.477082
22022100,h25_load,0.457372
22023000,h25_load,0.438953
22023900,h25_load,0.426906
22024800,h25_load,0.408650
22025700,h25_load,0.382207
22026600,h25_load,0.362160
22027500,h25_load,0.339973
22028400,h25_load,0.319345
22029300,h25_load,0.299856
22030200,h25_load,0.284379
22031100,h25_load,0.268786
22032000,h25_load,0.274718
22032900,h25_load,0.259927
22033800,h25_load,0.250315
22034700,h25_load,0.238498
22035600,h25_load,0.230309
22036500,h25_load,0.221711
22037400,h25_load,0.213324
22038300,h25_load,0.207398
22039200,h25_load,0.204003
22040100,h25_load,0.200854
22041000,h25_load,0.199232
22041900,h25_load,0.198171
22042800,h25_load,0.197447
22043700,h25_load,0.196012
22044600,h25_load,0.193633
22045500,h25_load,0.192688
22046400,h25_load,0.193796
22047300,h25_load,0.193411
22048200,h25_load,0.193691
22049100,h25_load,0.197552
22050000,h25_load,0.201448
22050900,h25_load,0.201577
22051800,h25_load,0.207258
22052700,h25_load,0.215307
22053600,h25_load,0.233003
22054500,h25_load,0.243070
22055400,h25_load,0.254456
22056300,h25_load,0.266914
22057200,h25_load,0.287235
22058100,h25_load,0.307288
22059000,h25_load,0.330420
22059900,h25_load,0.350030
22060800,h25_load,0.368753
22061700,h25_load,0.384629
22062600,h25_load,0.396329
22063500,h25_load,0.405930
22064400,h25_load,0.416464
22065300,h25_load,0.423743
22066200,h25_load,0.431512
22067100,h25_load,0.436178
22068000,h25_load,0.440564
22068900,h25_load,0.444904
22069800,h25_load,0.449675
22070700,h25_load,0.455648
22071600,h25_load,0.467173
22072500,h25_load,0.478010
22073400,h25_load,0.485114
22074300,h25_load,0.486852
22075200,h25_load,0.481031
22076100,h25_load,0.476284
22077000,h25_load,0.466391
22077900,h25_load,0.457374
22078800,h25_load,0.451063
22079700,h25_load,0.443749
22080600,h25_load,0.437240
22081500,h25_load,0.432947
22082400,h25_load,0.427791
22083300,h25_load,0.424863
22084200,h25_load,0.423136
22085100,h25_load,0.421072
22086000,h25_load,0.419637
22086900,h25_load,0.417980
22087800,h25_load,0.414364
22088700,h25_load,0.412603
22089600,h25_load,0.412101
22090500,h25_load,0.415682
22091400,h25_load,0.419380
22092300,h25_load,0.424804
22093200,h25_load,0.431862
22094100,h25_load,0.441894
22095000,h25_load,0.452813
22095900,h25_load,0.463603
22096800,h25_load,0.474289
22097700,h25_load,0.483983
22098600,h25_load,0.491472
22099500,h25_load,0.496931
22100400,h25_load,0.501516
22101300,h25_load,0.510323
22102200,h25_load,0.518570
22103100,h25_load,0.520227
22104000,h25_load,0.521942
22104900,h25_load,0.511291
22105800,h25_load,0.497899
22106700,h25_load,0.484893
22107600,h25_load,0.469354
22108500,h25_load,0.453140
22109400,h25_load,0.437321
22110300,h25_load,0.428164
22111200,h25_load,0.413571
22112100,h25_load,0.395338
22113000,h25_load,0.382914
22113900,h25_load,0.367084
22114800,h25_load,0.350123
22115700,h25_load,0.335016
22116600,h25_load,0.320610
22117500,h25_load,0.304990
22118400,h25_load,0.292740
22119300,h25_load,0.277163
22120200,h25_load,0.266069
22121100,h25_load,0.255290
22122000,h25_load,0.246033
22122900,h25_load,0.236249
22123800,h25_load,0.228946
22124700,h25_load,0.222533
22125600,h25_load,0.218484
22126500,h25_load,0.214505
22127400,h25_load,0.211942
22128300,h25_load,0.208759
22129200,h25_load,0.207577
22130100,h25_load,0.204791
22131000,h25_load,0.201538
22131900,h25_load,0.200052
22132800,h25_load,0.199455
22133700,h25_load,0.198331
22134600,h25_load,0.199431
22135500,h25_load,0.202240
22136400,h25_load,0.206090
22137300,h25_load,0.205552
22138200,h25_load,0.210479
22139100,h25_load,0.216050
22140000,h25_load,0.228034
22140900,h25_load,0.234634
22141800,h25_load,0.242487
22142700,h25_load,0.252083
22143600,h25_load,0.269404
22144500,h25_load,0.287930
22145400,h25_load,0.311511
22146300,h25_load,0.335070
22147200,h25_load,0.360805
22148100,h25_load,0.384948
22149000,h25_load,0.404796
22149900,h25_load,0.422246
22150800,h25_load,0.441556
22151700,h25_load,0.458338
22152600,h25_load,0.472147
22153500,h25_load,0.483452
22154400,h25_load,0.496454
22155300,h25_load,0.507303
22156200,h25_load,0.519018
22157100,h25_load,0.531751
22158000,h25_load,0.548486
22158900,h25_load,0.565257
22159800,h25_load,0.576913
22160700,h25_load,0.575766
22161600,h25_load,0.562893
22162500,h25_load,0.549528
22163400,h25_load,0.534805
22164300,h25_load,0.518959
22165200,h25_load,0.503980
22166100,h25_load,0.489351
22167000,h25_load,0.478011
22167900,h25_load,0.467115
22168800,h25_load,0.459449
22169700,h25_load,0.453142
22170600,h25_load,0.445991
22171500,h25_load,0.440479
22172400,h25_load,0.435844
22173300,h25_load,0.430707
22174200,h25_load,0.426669
22175100,h25_load,0.424972
22176000,h25_load,0.423931
22176900,h25_load,0.425733
22177800,h25_load,0.431912
22178700,h25_load,0.441275
22179600,h25_load,0.452790
22180500,h25_load,0.467618
22181400,h25_load,0.482797
22182300,h25_load,0.498608
22183200,h25_load,0.512324
22184100,h25_load,0.521639
22185000,h25_load,0.527561
22185900,h25_load,0.535636
22186800,h25_load,0.538632
22187700,h25_load,0.543512
22188600,h25_load,0.549305
22189500,h25_load,0.548053
22190400,h25_load,0.546532
22191300,h25_load,0.535531
22192200,h25_load,0.517953
22193100,h25_load,0.500305
22194000,h25_load,0.481135
22194900,h25_load,0.461018
22195800,h25_load,0.443054
22196700,h25_load,0.430356
22197600,h25_load,0.408752
22198500,h25_load,0.381683
22199400,h25_load,0.361483
22200300,h25_load,0.339774
22201200,h25_load,0.318311
22202100,h25_load,0.298860
22203000,h25_load,0.282663
22203900,h25_load,0.266490
22204800,h25_load,0.250043
22205700,h25_load,0.237139
22206600,h25_load,0.228768
22207500,h25_load,0.220021
22208400,h25_load,0.213528
22209300,h25_load,0.206166
22210200,h25_load,0.200413
22211100,h25_load,0.195798
22212000,h25_load,0.193849
22212900,h25_load,0.191994
22213800,h25_load,0.191102
22214700,h25_load,0.190080
22215600,h25_load,0.190068
22216500,h25_load,0.189798
22217400,h25_load,0.189493
22218300,h25_load,0.189000
22219200,h25_load,0.192534
22220100,h25_load,0.194495
22221000,h25_load,0.198616
22221900,h25_load,0.207434
22222800,h25_load,0.219997
22223700,h25_load,0.227124
22224600,h25_load,0.242540
22225500,h25_load,0.257698
22226400,h25_load,0.288461
22227300,h25_load,0.307834
22228200,h25_load,0.320843
22229100,h25_load,0.326749
22230000,h25_load,0.328182
22230900,h25_load,0.325117
22231800,h25_load,0.319246
22232700,h25_load,0.311415
22233600,h25_load,0.304957
22234500,h25_load,0.300930
22235400,h25_load,0.297783
22236300,h25_load,0.294191
22237200,h25_load,0.295482
22238100,h25_load,0.296175
22239000,h25_load,0.294472
22239900,h25_load,0.293416
22240800,h25_load,0.292512
22241700,h25_load,0.293979
22242600,h25_load,0.297267
22243500,h25_load,0.303654
22244400,h25_load,0.311004
22245300,h25_load,0.320738
22246200,h25_load,0.328170
22247100,h25_load,0.332937
22248000,h25_load,0.338279
22248900,h25_load,0.338150
22249800,h25_load,0.336377
22250700,h25_load,0.333066
22251600,h25_load,0.330741
22252500,h25_load,0.329778
22253400,h25_load,0.326984
22254300,h25_load,0.323603
22255200,h25_load,0.319352
22256100,h25_load,0.317074
22257000,h25_load,0.314386
22257900,h25_load,0.314667
22258800,h25_load,0.319059
22259700,h25_load,0.320655
22260600,h25_load,0.323239
22261500,h25_load,0.328311
22262400,h25_load,0.337481
22263300,h25_load,0.345113
22264200,h25_load,0.353155
22265100,h25_load,0.365472
22266000,h25_load,0.382931
22266900,h25_load,0.399264
22267800,h25_load,0.416171
22268700,h25_load,0.433971
22269600,h25_load,0.451970
22270500,h25_load,0.465931
22271400,h25_load,0.479539
22272300,h25_load,0.491022
22273200,h25_load,0.499370
22274100,h25_load,0.510935
22275000,h25_load,0.522031
22275900,h25_load,0.530297
22276800,h25_load,0.534160
22277700,h25_load,0.528042
22278600,h25_load,0.514540
22279500,h25_load,0.498372
22280400,h25_load,0.481723
22281300,h25_load,0.461821
22282200,h25_load,0.443223
22283100,h25_load,0.431059
22284000,h25_load,0.412625
22284900,h25_load,0.385925
22285800,h25_load,0.365683
22286700,h25_load,0.343281
22287600,h25_load,0.322452
22288500,h25_load,0.302773
22289400,h25_load,0.287146
22290300,h25_load,0.271401
22291200,h25_load,0.250871
22292100,h25_load,0.237924
22293000,h25_load,0.229525
22293900,h25_load,0.220749
22294800,h25_load,0.214234
22295700,h25_load,0.206848
22296600,h25_load,0.201076
22297500,h25_load,0.196446
22298400,h25_load,0.194491
22299300,h25_load,0.192629
22300200,h25_load,0.191734
22301100,h25_load,0.190709
22302000,h25_load,0.190697
22302900,h25_load,0.190426
22303800,h25_load,0.190120
22304700,h25_load,0.189625
22305600,h25_load,0.193171
22306500,h25_load,0.195139
22307400,h25_load,0.199273
22308300,h25_load,0.208120
22309200,h25_load,0.220725
22310100,h25_load,0.227876
22311000,h25_load,0.243343
22311900,h25_load,0.258551
22312800,h25_load,0.289415
22313700,h25_load,0.308853
22314600,h25_load,0.321905
22315500,h25_load,0.327830
22316400,h25_load,0.329268
22317300,h25_load,0.326193
22318200,h25_load,0.320303
22319100,h25_load,0.312445
22320000,h25_load,0.305966
22320900,h25_load,0.301926
22321800,h25_load,0.298769
22322700,h25_load,0.295164
22323600,h25_load,0.296460
22324500,h25_load,0.297155
22325400,h25_load,0.295447
22326300,h25_load,0.294386
22327200,h25_load,0.293479
22328100,h25_load,0.294952
22329000,h25_load,0.298250
22329900,h25_load,0.304659
22330800,h25_load,0.312033
22331700,h25_load,0.321799
22332600,h25_load,0.329256
22333500,h25_load,0.334039
22334400,h25_load,0.339399
22335300,h25_load,0.339269
22336200,h25_load,0.337490
22337100,h25_load,0.334168
22338000,h25_load,0.331836
22338900,h25_load,0.330870
22339800,h25_load,0.328066
22340700,h25_load,0.324673
22341600,h25_load,0.320409
22342500,h25_load,0.318124
22343400,h25_load,0.315426
22344300,h25_load,0.315709
22345200,h25_load,0.320114
22346100,h25_load,0.321716
22347000,h25_load,0.324308
22347900,h25_load,0.329397
22348800,h25_load,0.338597
22349700,h25_load,0.346255
22350600,h25_load,0.354324
22351500,h25_load,0.366681
22352400,h25_load,0.384198
22353300,h25_load,0.400585
22354200,h25_load,0.417548
22355100,h25_load,0.435407
22356000,h25_load,0.453466
22356900,h25_load,0.467473
22357800,h25_load,0.481126
22358700,h25_load,0.492647
22359600,h25_load,0.501022
22360500,h25_load,0.512626
22361400,h25_load,0.523758
22362300,h25_load,0.532051
22363200,h25_load,0.535927
22364100,h25_load,0.529790
22365000,h25_load,0.516242
22365900,h25_load,0.500021
22366800,h25_load,0.483317
22367700,h25_load,0.463349
22368600,h25_load,0.444690
22369500,h25_load,0.432485
22370400,h25_load,0.413991
22371300,h25_load,0.387202
22372200,h25_load,0.366893
22373100,h25_load,0.344417
22374000,h25_load,0.323519
22374900,h25_load,0.303775
22375800,h25_load,0.288096
22376700,h25_load,0.272299
22377600,h25_load,0.251710
22378500,h25_load,0.238720
22379400,h25_load,0.230293
22380300,h25_load,0.221487
22381200,h25_load,0.214951
22382100,h25_load,0.207540
22383000,h25_load,0.201748
22383900,h25_load,0.197103
22384800,h25_load,0.195141
22385700,h25_load,0.193274
22386600,h25_load,0.192375
22387500,h25_load,0.191347
22388400,h25_load,0.191335
22389300,h25_load,0.191064
22390200,h25_load,0.190756
22391100,h25_load,0.190260
22392000,h25_load,0.193817
22392900,h25_load,0.195791
22393800,h25_load,0.199940
22394700,h25_load,0.208817
22395600,h25_load,0.221463
22396500,h25_load,0.228638
22397400,h25_load,0.244157
22398300,h25_load,0.259416
22399200,h25_load,0.290383
22400100,h25_load,0.309886
22401000,h25_load,0.322982
22401900,h25_load,0.328927
22402800,h25_load,0.330369
22403700,h25_load,0.327284
22404600,h25_load,0.321374
22405500,h25_load,0.313491
22406400,h25_load,0.306990
22407300,h25_load,0.302936
22408200,h25_load,0.299768
22409100,h25_load,0.296151
22410000,h25_load,0.297452
22410900,h25_load,0.298149
22411800,h25_load,0.296435
22412700,h25_load,0.295371
22413600,h25_load,0.294461
22414500,h25_load,0.295939
22415400,h25_load,0.299248
22416300,h25_load,0.305678
22417200,h25_load,0.313077
22418100,h25_load,0.322875
22419000,h25_load,0.330357
22419900,h25_load,0.335156
22420800,h25_load,0.340534
22421700,h25_load,0.340404
22422600,h25_load,0.338619
22423500,h25_load,0.335286
22424400,h25_load,0.332946
22425300,h25_load,0.331977
22426200,h25_load,0.329164
22427100,h25_load,0.325759
22428000,h25_load,0.321481
22428900,h25_load,0.319188
22429800,h25_load,0.316481
22430700,h25_load,0.316765
22431600,h25_load,0.321185
22432500,h25_load,0.322793
22433400,h25_load,0.325393
22434300,h25_load,0.330499
22435200,h25_load,0.339730
22436100,h25_load,0.347413
22437000,h25_load,0.355509
22437900,h25_load,0.367908
22438800,h25_load,0.385484
22439700,h25_load,0.401925
22440600,h25_load,0.418945
22441500,h25_load,0.436864
22442400,h25_load,0.454983
22443300,h25_load,0.469036
22444200,h25_load,0.482735
22445100,h25_load,0.494295
22446000,h25_load,0.502699
22446900,h25_load,0.514341
22447800,h25_load,0.525510
22448700,h25_load,0.533831
22449600,h25_load,0.537720
22450500,h25_load,0.531562
22451400,h25_load,0.517969
22452300,h25_load,0.501694
22453200,h25_load,0.484934
22454100,h25_load,0.464900
22455000,h25_load,0.446177
22455900,h25_load,0.433932
22456800,h25_load,0.415376
22457700,h25_load,0.388498
22458600,h25_load,0.368121
22459500,h25_load,0.345569
22460400,h25_load,0.324601
22461300,h25_load,0.304792
22462200,h25_load,0.289060
22463100,h25_load,0.273210
22464000,h25_load,0.252561
22464900,h25_load,0.239527
22465800,h25_load,0.231071
22466700,h25_load,0.222236
22467600,h25_load,0.215678
22468500,h25_load,0.208242
22469400,h25_load,0.202431
22470300,h25_load,0.197770
22471200,h25_load,0.195801
22472100,h25_load,0.193927
22473000,h25_load,0.193026
22473900,h25_load,0.191994
22474800,h25_load,0.191982
22475700,h25_load,0.191710
22476600,h25_load,0.191401
22477500,h25_load,0.190903
22478400,h25_load,0.194473
22479300,h25_load,0.196453
22480200,h25_load,0.200616
22481100,h25_load,0.209523
22482000,h25_load,0.222212
22482900,h25_load,0.229411
22483800,h25_load,0.244983
22484700,h25_load,0.260293
22485600,h25_load,0.291365
22486500,h25_load,0.310933
22487400,h25_load,0.324074
22488300,h25_load,0.330039
22489200,h25_load,0.331486
22490100,h25_load,0.328391
22491000,h25_load,0.322461
22491900,h25_load,0.314551
22492800,h25_load,0.308028
22493700,h25_load,0.303960
22494600,h25_load,0.300782
22495500,h25_load,0.297153
22496400,h25_load,0.298457
22497300,h25_load,0.299157
22498200,h25_load,0.297437
22499100,h25_load,0.296370
22500000,h25_load,0.295457
22500900,h25_load,0.296939
22501800,h25_load,0.300260
22502700,h25_load,0.306711
22503600,h25_load,0.314136
22504500,h25_load,0.323967
22505400,h25_load,0.331474
22506300,h25_load,0.336289
22507200,h25_load,0.341685
22508100,h25_load,0.341555
22509000,h25_load,0.339764
22509900,h25_load,0.336420
22510800,h25_load,0.334071
22511700,h25_load,0.333099
22512600,h25_load,0.330276
22513500,h25_load,0.326861
22514400,h25_load,0.322568
22515300,h25_load,0.320267
22516200,h25_load,0.317551
22517100,h25_load,0.317836
22518000,h25_load,0.322271
22518900,h25_load,0.323884
22519800,h25_load,0.326493
22520700,h25_load,0.331617
22521600,h25_load,0.340879
22522500,h25_load,0.348588
22523400,h25_load,0.356711
22524300,h25_load,0.369152
22525200,h25_load,0.386787
22526100,h25_load,0.403284
22527000,h25_load,0.420361
22527900,h25_load,0.438341
22528800,h25_load,0.456521
22529700,h25_load,0.470622
22530600,h25_load,0.484367
22531500,h25_load,0.495966
22532400,h25_load,0.504398
22533300,h25_load,0.516080
22534200,h25_load,0.527287
22535100,h25_load,0.535636
22536000,h25_load,0.539538
22536900,h25_load,0.533359
22537800,h25_load,0.519721
22538700,h25_load,0.503390
22539600,h25_load,0.486573
22540500,h25_load,0.466471
22541400,h25_load,0.447686
22542300,h25_load,0.435399
22543200,h25_load,0.416780
22544100,h25_load,0.389811
22545000,h25_load,0.369365
22545900,h25_load,0.346737
22546800,h25_load,0.325699
22547700,h25_load,0.305822
22548600,h25_load,0.290037
22549500,h25_load,0.274133
22550400,h25_load,0.253423
22551300,h25_load,0.240345
22552200,h25_load,0.231861
22553100,h25_load,0.222995
22554000,h25_load,0.216414
22554900,h25_load,0.208953
22555800,h25_load,0.203122
22556700,h25_load,0.198445
22557600,h25_load,0.196470
22558500,h25_load,0.194590
22559400,h25_load,0.193685
22560300,h25_load,0.192650
22561200,h25_load,0.192638
22562100,h25_load,0.192364
22563000,h25_load,0.192055
22563900,h25_load,0.191555
22564800,h25_load,0.195137
22565700,h25_load,0.197124
22566600,h25_load,0.201301
22567500,h25_load,0.210238
22568400,h25_load,0.222971
22569300,h25_load,0.230195
22570200,h25_load,0.245819
22571100,h25_load,0.261182
22572000,h25_load,0.292360
22572900,h25_load,0.311996
22573800,h25_load,0.325181
22574700,h25_load,0.331166
22575600,h25_load,0.332618
22576500,h25_load,0.329512
22577400,h25_load,0.323562
22578300,h25_load,0.315625
22579200,h25_load,0.309080
22580100,h25_load,0.304998
22581000,h25_load,0.301809
22581900,h25_load,0.298168
22582800,h25_load,0.299477
22583700,h25_load,0.300179
22584600,h25_load,0.298453
22585500,h25_load,0.297382
22586400,h25_load,0.296466
22587300,h25_load,0.297953
22588200,h25_load,0.301285
22589100,h25_load,0.307759
22590000,h25_load,0.315209
22590900,h25_load,0.325074
22591800,h25_load,0.332606
22592700,h25_load,0.337438
22593600,h25_load,0.342852
22594500,h25_load,0.342721
22595400,h25_load,0.340925
22596300,h25_load,0.337569
22597200,h25_load,0.335212
22598100,h25_load,0.334237
22599000,h25_load,0.331404
22599900,h25_load,0.327977
22600800,h25_load,0.323669
22601700,h25_load,0.321361
22602600,h25_load,0.318636
22603500,h25_load,0.318921
22604400,h25_load,0.323372
22605300,h25_load,0.324990
22606200,h25_load,0.327608
22607100,h25_load,0.332749
22608000,h25_load,0.342043
22608900,h25_load,0.349778
22609800,h25_load,0.357930
22610700,h25_load,0.370413
22611600,h25_load,0.388108
22612500,h25_load,0.404661
22613400,h25_load,0.421797
22614300,h25_load,0.439838
22615200,h25_load,0.458081
22616100,h25_load,0.472230
22617000,h25_load,0.486022
22617900,h25_load,0.497660
22618800,h25_load,0.506121
22619700,h25_load,0.517843
22620600,h25_load,0.529088
22621500,h25_load,0.537466
22622400,h25_load,0.541381
22623300,h25_load,0.535181
22624200,h25_load,0.521496
22625100,h25_load,0.505110
22626000,h25_load,0.488235
22626900,h25_load,0.468065
22627800,h25_load,0.449215
22628700,h25_load,0.436887
22629600,h25_load,0.418203
22630500,h25_load,0.391143
22631400,h25_load,0.370627
22632300,h25_load,0.347922
22633200,h25_load,0.326811
22634100,h25_load,0.306867
22635000,h25_load,0.291028
22635900,h25_load,0.275070
22636800,h25_load,0.281213
22637700,h25_load,0.266071
22638600,h25_load,0.256232
22639500,h25_load,0.244136
22640400,h25_load,0.235753
22641300,h25_load,0.226952
22642200,h25_load,0.218367
22643100,h25_load,0.212301
22644000,h25_load,0.208826
22644900,h25_load,0.205602
22645800,h25_load,0.203942
22646700,h25_load,0.202855
22647600,h25_load,0.202115
22648500,h25_load,0.200646
22649400,h25_load,0.198210
22650300,h25_load,0.197243
22651200,h25_load,0.198377
22652100,h25_load,0.197983
22653000,h25_load,0.198270
22653900,h25_load,0.202222
22654800,h25_load,0.206211
22655700,h25_load,0.206342
22656600,h25_load,0.212157
22657500,h25_load,0.220397
22658400,h25_load,0.238511
22659300,h25_load,0.248817
22660200,h25_load,0.260471
22661100,h25_load,0.273224
22662000,h25_load,0.294026
22662900,h25_load,0.314552
22663800,h25_load,0.338232
22664700,h25_load,0.358304
22665600,h25_load,0.377470
22666500,h25_load,0.393722
22667400,h25_load,0.405699
22668300,h25_load,0.415526
22669200,h25_load,0.426309
22670100,h25_load,0.433760
22671000,h25_load,0.441713
22671900,h25_load,0.446489
22672800,h25_load,0.450979
22673700,h25_load,0.455421
22674600,h25_load,0.460305
22675500,h25_load,0.466419
22676400,h25_load,0.478217
22677300,h25_load,0.489310
22678200,h25_load,0.496582
22679100,h25_load,0.498362
22680000,h25_load,0.492403
22680900,h25_load,0.487543
22681800,h25_load,0.477417
22682700,h25_load,0.468186
22683600,h25_load,0.461726
22684500,h25_load,0.454239
22685400,h25_load,0.447576
22686300,h25_load,0.443182
22687200,h25_load,0.437904
22688100,h25_load,0.434907
22689000,h25_load,0.433139
22689900,h25_load,0.431026
22690800,h25_load,0.429557
22691700,h25_load,0.427861
22692600,h25_load,0.424160
22693500,h25_load,0.422357
22694400,h25_load,0.421843
22695300,h25_load,0.425509
22696200,h25_load,0.429294
22697100,h25_load,0.434847
22698000,h25_load,0.442071
22698900,h25_load,0.452341
22699800,h25_load,0.463517
22700700,h25_load,0.474563
22701600,h25_load,0.485501
22702500,h25_load,0.495424
22703400,h25_load,0.503090
22704300,h25_load,0.508679
22705200,h25_load,0.513372
22706100,h25_load,0.522387
22707000,h25_load,0.530829
22707900,h25_load,0.532525
22708800,h25_load,0.534280
22709700,h25_load,0.523378
22710600,h25_load,0.509670
22711500,h25_load,0.496355
22712400,h25_load,0.480450
22713300,h25_load,0.463852
22714200,h25_load,0.447660
22715100,h25_load,0.438286
22716000,h25_load,0.423348
22716900,h25_load,0.404684
22717800,h25_load,0.391966
22718700,h25_load,0.375762
22719600,h25_load,0.358400
22720500,h25_load,0.342936
22721400,h25_load,0.328189
22722300,h25_load,0.312200
22723200,h25_load,0.299734
22724100,h25_load,0.283786
22725000,h25_load,0.272426
22725900,h25_load,0.261390
22726800,h25_load,0.251912
22727700,h25_load,0.241894
22728600,h25_load,0.234417
22729500,h25_load,0.227850
22730400,h25_load,0.223704
22731300,h25_load,0.219630
22732200,h25_load,0.217006
22733100,h25_load,0.213747
22734000,h25_load,0.212537
22734900,h25_load,0.209685
22735800,h25_load,0.206354
22736700,h25_load,0.204832
22737600,h25_load,0.204221
22738500,h25_load,0.203070
22739400,h25_load,0.204197
22740300,h25_load,0.207073
22741200,h25_load,0.211015
22742100,h25_load,0.210464
22743000,h25_load,0.215508
22743900,h25_load,0.221212
22744800,h25_load,0.233482
22745700,h25_load,0.240241
22746600,h25_load,0.248281
22747500,h25_load,0.258107
22748400,h25_load,0.275841
22749300,h25_load,0.294810
22750200,h25_load,0.318955
22751100,h25_load,0.343076
22752000,h25_load,0.369426
22752900,h25_load,0.394146
22753800,h25_load,0.414469
22754700,h25_load,0.432335
22755600,h25_load,0.452106
22756500,h25_load,0.469289
22757400,h25_load,0.483429
22758300,h25_load,0.495004
22759200,h25_load,0.508317
22760100,h25_load,0.519425
22761000,h25_load,0.531419
22761900,h25_load,0.544457
22762800,h25_load,0.561592
22763700,h25_load,0.578763
22764600,h25_load,0.590698
22765500,h25_load,0.589523
22766400,h25_load,0.576342
22767300,h25_load,0.562658
22768200,h25_load,0.547584
22769100,h25_load,0.531359
22770000,h25_load,0.516022
22770900,h25_load,0.501043
22771800,h25_load,0.489432
22772700,h25_load,0.478276
22773600,h25_load,0.470428
22774500,h25_load,0.463969
22775400,h25_load,0.456648
22776300,h25_load,0.451004
22777200,h25_load,0.446259
22778100,h25_load,0.440998
22779000,h25_load,0.436864
22779900,h25_load,0.435127
22780800,h25_load,0.434060
22781700,h25_load,0.435906
22782600,h25_load,0.442232
22783500,h25_load,0.451819
22784400,h25_load,0.463609
22785300,h25_load,0.478792
22786200,h25_load,0.494333
22787100,h25_load,0.510522
22788000,h25_load,0.524565
22788900,h25_load,0.534104
22789800,h25_load,0.540167
22790700,h25_load,0.548435
22791600,h25_load,0.551502
22792500,h25_load,0.556499
22793400,h25_load,0.562431
22794300,h25_load,0.561148
22795200,h25_load,0.559591
22796100,h25_load,0.548327
22797000,h25_load,0.530329
22797900,h25_load,0.512259
22798800,h25_load,0.492632
22799700,h25_load,0.472033
22800600,h25_load,0.453640
22801500,h25_load,0.440639
22802400,h25_load,0.418519
22803300,h25_load,0.390803
22804200,h25_load,0.370121
22805100,h25_load,0.347893
22806000,h25_load,0.325917
22806900,h25_load,0.306001
22807800,h25_load,0.289417
22808700,h25_load,0.272857
22809600,h25_load,0.256079
22810500,h25_load,0.242864
22811400,h25_load,0.234291
22812300,h25_load,0.225332
22813200,h25_load,0.218682
22814100,h25_load,0.211143
22815000,h25_load,0.205251
22815900,h25_load,0.200525
22816800,h25_load,0.198529
22817700,h25_load,0.196629
22818600,h25_load,0.195715
22819500,h25_load,0.194669
22820400,h25_load,0.194657
22821300,h25_load,0.194380
22822200,h25_load,0.194068
22823100,h25_load,0.193563
22824000,h25_load,0.197182
22824900,h25_load,0.199190
22825800,h25_load,0.203411
22826700,h25_load,0.212442
22827600,h25_load,0.225308
22828500,h25_load,0.232607
22829400,h25_load,0.248396
22830300,h25_load,0.263920
22831200,h25_load,0.295424
22832100,h25_load,0.315265
22833000,h25_load,0.328589
22833900,h25_load,0.334637
22834800,h25_load,0.336104
22835700,h25_load,0.332966
22836600,h25_load,0.326953
22837500,h25_load,0.318933
22838400,h25_load,0.312319
22839300,h25_load,0.308195
22840200,h25_load,0.304972
22841100,h25_load,0.301293
22842000,h25_load,0.302615
22842900,h25_load,0.303325
22843800,h25_load,0.301581
22844700,h25_load,0.300499
22845600,h25_load,0.299573
22846500,h25_load,0.301076
22847400,h25_load,0.304443
22848300,h25_load,0.310985
22849200,h25_load,0.318512
22850100,h25_load,0.328481
22851000,h25_load,0.336092
22851900,h25_load,0.340974
22852800,h25_load,0.346446
22853700,h25_load,0.346313
22854600,h25_load,0.344498
22855500,h25_load,0.341107
22856400,h25_load,0.338726
22857300,h25_load,0.337740
22858200,h25_load,0.334878
22859100,h25_load,0.331415
22860000,h25_load,0.327062
22860900,h25_load,0.324729
22861800,h25_load,0.321975
22862700,h25_load,0.322264
22863600,h25_load,0.326761
22864500,h25_load,0.328396
22865400,h25_load,0.331042
22866300,h25_load,0.336237
22867200,h25_load,0.345628
22868100,h25_load,0.353444
22869000,h25_load,0.361681
22869900,h25_load,0.374295
22870800,h25_load,0.392176
22871700,h25_load,0.408902
22872600,h25_load,0.426218
22873500,h25_load,0.444447
22874400,h25_load,0.462881
22875300,h25_load,0.477179
22876200,h25_load,0.491116
22877100,h25_load,0.502876
22878000,h25_load,0.511425
22878900,h25_load,0.523270
22879800,h25_load,0.534633
22880700,h25_load,0.543099
22881600,h25_load,0.547055
22882500,h25_load,0.540790
22883400,h25_load,0.526961
22884300,h25_load,0.510403
22885200,h25_load,0.493352
22886100,h25_load,0.472970
22887000,h25_load,0.453923
22887900,h25_load,0.441465
22888800,h25_load,0.422586
22889700,h25_load,0.395242
22890600,h25_load,0.374511
22891500,h25_load,0.351568
22892400,h25_load,0.330236
22893300,h25_load,0.310083
22894200,h25_load,0.294078
22895100,h25_load,0.277952
22896000,h25_load,0.256987
22896900,h25_load,0.243725
22897800,h25_load,0.235121
22898700,h25_load,0.226131
22899600,h25_load,0.219457
22900500,h25_load,0.211891
22901400,h25_load,0.205978
22902300,h25_load,0.201236
22903200,h25_load,0.199232
22904100,h25_load,0.197326
22905000,h25_load,0.196409
22905900,h25_load,0.195359
22906800,h25_load,0.195347
22907700,h25_load,0.195069
22908600,h25_load,0.194755
22909500,h25_load,0.194249
22910400,h25_load,0.197881
22911300,h25_load,0.199896
22912200,h25_load,0.204132
22913100,h25_load,0.213194
22914000,h25_load,0.226107
22914900,h25_load,0.233431
22915800,h25_load,0.249276
22916700,h25_load,0.264855
22917600,h25_load,0.296471
22918500,h25_load,0.316383
22919400,h25_load,0.329753
22920300,h25_load,0.335823
22921200,h25_load,0.337295
22922100,h25_load,0.334146
22923000,h25_load,0.328112
22923900,h25_load,0.320063
22924800,h25_load,0.313426
22925700,h25_load,0.309287
22926600,h25_load,0.306053
22927500,h25_load,0.302360
22928400,h25_load,0.303688
22929300,h25_load,0.304400
22930200,h25_load,0.302650
22931100,h25_load,0.301564
22932000,h25_load,0.300635
22932900,h25_load,0.302143
22933800,h25_load,0.305522
22934700,h25_load,0.312087
22935600,h25_load,0.319641
22936500,h25_load,0.329645
22937400,h25_load,0.337283
22938300,h25_load,0.342183
22939200,h25_load,0.347673
22940100,h25_load,0.347541
22941000,h25_load,0.345718
22941900,h25_load,0.342315
22942800,h25_load,0.339926
22943700,h25_load,0.338937
22944600,h25_load,0.336064
22945500,h25_load,0.332589
22946400,h25_load,0.328221
22947300,h25_load,0.325880
22948200,h25_load,0.323116
22949100,h25_load,0.323406
22950000,h25_load,0.327919
22950900,h25_load,0.329560
22951800,h25_load,0.332215
22952700,h25_load,0.337428
22953600,h25_load,0.346853
22954500,h25_load,0.354697
22955400,h25_load,0.362963
22956300,h25_load,0.375621
22957200,h25_load,0.393566
22958100,h25_load,0.410351
22959000,h25_load,0.427728
22959900,h25_load,0.446022
22960800,h25_load,0.464522
22961700,h25_load,0.478870
22962600,h25_load,0.492856
22963500,h25_load,0.504658
22964400,h25_load,0.513238
22965300,h25_load,0.525124
22966200,h25_load,0.536528
22967100,h25_load,0.545023
22968000,h25_load,0.548993
22968900,h25_load,0.542706
22969800,h25_load,0.528829
22970700,h25_load,0.512212
22971600,h25_load,0.495100
22972500,h25_load,0.474646
22973400,h25_load,0.455532
22974300,h25_load,0.443030
22975200,h25_load,0.424084
22976100,h25_load,0.396643
22977000,h25_load,0.375839
22977900,h25_load,0.352814
22978800,h25_load,0.331406
22979700,h25_load,0.311182
22980600,h25_load,0.295120
22981500,h25_load,0.278937
22982400,h25_load,0.257905
22983300,h25_load,0.244596
22984200,h25_load,0.235961
22985100,h25_load,0.226939
22986000,h25_load,0.220242
22986900,h25_load,0.212648
22987800,h25_load,0.206714
22988700,h25_load,0.201955
22989600,h25_load,0.199944
22990500,h25_load,0.198031
22991400,h25_load,0.197111
22992300,h25_load,0.196057
22993200,h25_load,0.196045
22994100,h25_load,0.195766
22995000,h25_load,0.195451
22995900,h25_load,0.194943
22996800,h25_load,0.198588
22997700,h25_load,0.200610
22998600,h25_load,0.204861
22999500,h25_load,0.213956
23000400,h25_load,0.226914
23001300,h25_load,0.234266
23002200,h25_load,0.250167
23003100,h25_load,0.265801
23004000,h25_load,0.297531
23004900,h25_load,0.317513
23005800,h25_load,0.330932
23006700,h25_load,0.337023
23007600,h25_load,0.338501
23008500,h25_load,0.335340
23009400,h25_load,0.329285
23010300,h25_load,0.321207
23011200,h25_load,0.314546
23012100,h25_load,0.310392
23013000,h25_load,0.307147
23013900,h25_load,0.303441
23014800,h25_load,0.304773
23015700,h25_load,0.305487
23016600,h25_load,0.303731
23017500,h25_load,0.302641
23018400,h25_load,0.301709
23019300,h25_load,0.303223
23020200,h25_load,0.306614
23021100,h25_load,0.313202
23022000,h25_load,0.320783
23022900,h25_load,0.330823
23023800,h25_load,0.338488
23024700,h25_load,0.343405
23025600,h25_load,0.348916
23026500,h25_load,0.348782
23027400,h25_load,0.346954
23028300,h25_load,0.343539
23029200,h25_load,0.341141
23030100,h25_load,0.340148
23031000,h25_load,0.337265
23031900,h25_load,0.333777
23032800,h25_load,0.329393
23033700,h25_load,0.327044
23034600,h25_load,0.324271
23035500,h25_load,0.324561
23036400,h25_load,0.329091
23037300,h25_load,0.330738
23038200,h25_load,0.333402
23039100,h25_load,0.338634
23040000,h25_load,0.348092
23040900,h25_load,0.355964
23041800,h25_load,0.364260
23042700,h25_load,0.376964
23043600,h25_load,0.394972
23044500,h25_load,0.411818
23045400,h25_load,0.429257
23046300,h25_load,0.447616
23047200,h25_load,0.466182
23048100,h25_load,0.480581
23049000,h25_load,0.494617
23049900,h25_load,0.506461
23050800,h25_load,0.515072
23051700,h25_load,0.527001
23052600,h25_load,0.538445
23053500,h25_load,0.546971
23054400,h25_load,0.550955
23055300,h25_load,0.544646
23056200,h25_load,0.530718
23057100,h25_load,0.514042
23058000,h25_load,0.496870
23058900,h25_load,0.476342
23059800,h25_load,0.457159
23060700,h25_load,0.444613
23061600,h25_load,0.425599
23062500,h25_load,0.398060
23063400,h25_load,0.377182
23064300,h25_load,0.354075
23065200,h25_load,0.332591
23066100,h25_load,0.312293
23067000,h25_load,0.296174
23067900,h25_load,0.279934
23068800,h25_load,0.258834
23069700,h25_load,0.245477
23070600,h25_load,0.236811
23071500,h25_load,0.227756
23072400,h25_load,0.221035
23073300,h25_load,0.213414
23074200,h25_load,0.207459
23075100,h25_load,0.202682
23076000,h25_load,0.200665
23076900,h25_load,0.198744
23077800,h25_load,0.197820
23078700,h25_load,0.196763
23079600,h25_load,0.196751
23080500,h25_load,0.196471
23081400,h25_load,0.196155
23082300,h25_load,0.195645
23083200,h25_load,0.199303
23084100,h25_load,0.201333
23085000,h25_load,0.205599
23085900,h25_load,0.214727
23086800,h25_load,0.227732
23087700,h25_load,0.235109
23088600,h25_load,0.251068
23089500,h25_load,0.266759
23090400,h25_load,0.298602
23091300,h25_load,0.318657
23092200,h25_load,0.332123
23093100,h25_load,0.338237
23094000,h25_load,0.339720
23094900,h25_load,0.336548
23095800,h25_load,0.330471
23096700,h25_load,0.322364
23097600,h25_load,0.315679
23098500,h25_load,0.311510
23099400,h25_load,0.308253
23100300,h25_load,0.304534
23101200,h25_load,0.305871
23102100,h25_load,0.306588
23103000,h25_load,0.304825
23103900,h25_load,0.303731
23104800,h25_load,0.302796
23105700,h25_load,0.304315
23106600,h25_load,0.307718
23107500,h25_load,0.314330
23108400,h25_load,0.321938
23109300,h25_load,0.332014
23110200,h25_load,0.339708
23111100,h25_load,0.344642
23112000,h25_load,0.350172
23112900,h25_load,0.350039
23113800,h25_load,0.348203
23114700,h25_load,0.344776
23115600,h25_load,0.342369
23116500,h25_load,0.341373
23117400,h25_load,0.338480
23118300,h25_load,0.334980
23119200,h25_load,0.330580
23120100,h25_load,0.328222
23121000,h25_load,0.325439
23121900,h25_load,0.325730
23122800,h25_load,0.330276
23123700,h25_load,0.331929
23124600,h25_load,0.334603
23125500,h25_load,0.339853
23126400,h25_load,0.349346
23127300,h25_load,0.357246
23128200,h25_load,0.365572
23129100,h25_load,0.378321
23130000,h25_load,0.396394
23130900,h25_load,0.413301
23131800,h25_load,0.430803
23132700,h25_load,0.449228
23133600,h25_load,0.467861
23134500,h25_load,0.482312
23135400,h25_load,0.496399
23136300,h25_load,0.508285
23137200,h25_load,0.516927
23138100,h25_load,0.528899
23139000,h25_load,0.540384
23139900,h25_load,0.548941
23140800,h25_load,0.552940
23141700,h25_load,0.546607
23142600,h25_load,0.532630
23143500,h25_load,0.515894
23144400,h25_load,0.498659
23145300,h25_load,0.478058
23146200,h25_load,0.458806
23147100,h25_load,0.446214
23148000,h25_load,0.427132
23148900,h25_load,0.399494
23149800,h25_load,0.378540
23150700,h25_load,0.355350
23151600,h25_load,0.333789
23152500,h25_load,0.313418
23153400,h25_load,0.297241
23154300,h25_load,0.280942
23155200,h25_load,0.259774
23156100,h25_load,0.246368
23157000,h25_load,0.237670
23157900,h25_load,0.228583
23158800,h25_load,0.221837
23159700,h25_load,0.214189
23160600,h25_load,0.208212
23161500,h25_load,0.203418
23162400,h25_load,0.201393
23163300,h25_load,0.199465
23164200,h25_load,0.198538
23165100,h25_load,0.197477
23166000,h25_load,0.197465
23166900,h25_load,0.197184
23167800,h25_load,0.196867
23168700,h25_load,0.196355
23169600,h25_load,0.200027
23170500,h25_load,0.202064
23171400,h25_load,0.206345
23172300,h25_load,0.215506
23173200,h25_load,0.228558
23174100,h25_load,0.235963
23175000,h25_load,0.251979
23175900,h25_load,0.267727
23176800,h25_load,0.299686
23177700,h25_load,0.319813
23178600,h25_load,0.333329
23179500,h25_load,0.339465
23180400,h25_load,0.340953
23181300,h25_load,0.337769
23182200,h25_load,0.331670
23183100,h25_load,0.323534
23184000,h25_load,0.316825
23184900,h25_load,0.312641
23185800,h25_load,0.309372
23186700,h25_load,0.305639
23187600,h25_load,0.306981
23188500,h25_load,0.307700
23189400,h25_load,0.305932
23190300,h25_load,0.304834
23191200,h25_load,0.303895
23192100,h25_load,0.305419
23193000,h25_load,0.308835
23193900,h25_load,0.315471
23194800,h25_load,0.323107
23195700,h25_load,0.333219
23196600,h25_load,0.340941
23197500,h25_load,0.345893
23198400,h25_load,0.351443
23199300,h25_load,0.351309
23200200,h25_load,0.349467
23201100,h25_load,0.346027
23202000,h25_load,0.343612
23202900,h25_load,0.342612
23203800,h25_load,0.339709
23204700,h25_load,0.336195
23205600,h25_load,0.331780
23206500,h25_load,0.329413
23207400,h25_load,0.326620
23208300,h25_load,0.326913
23209200,h25_load,0.331475
23210100,h25_load,0.333134
23211000,h25_load,0.335817
23211900,h25_load,0.341087
23212800,h25_load,0.350614
23213700,h25_load,0.358543
23214600,h25_load,0.366898
23215500,h25_load,0.379694
23216400,h25_load,0.397833
23217300,h25_load,0.414801
23218200,h25_load,0.432366
23219100,h25_load,0.450859
23220000,h25_load,0.469559
23220900,h25_load,0.484062
23221800,h25_load,0.498200
23222700,h25_load,0.510130
23223600,h25_load,0.518803
23224500,h25_load,0.530818
23225400,h25_load,0.542346
23226300,h25_load,0.550933
23227200,h25_load,0.554946
23228100,h25_load,0.548591
23229000,h25_load,0.534563
23229900,h25_load,0.517766
23230800,h25_load,0.500469
23231700,h25_load,0.479793
23232600,h25_load,0.460471
23233500,h25_load,0.447834
23234400,h25_load,0.428682
23235300,h25_load,0.400944
23236200,h25_load,0.379914
23237100,h25_load,0.356640
23238000,h25_load,0.335000
23238900,h25_load,0.314556
23239800,h25_load,0.298320
23240700,h25_load,0.281962
23241600,h25_load,0.288318
23242500,h25_load,0.272795
23243400,h25_load,0.262707
23244300,h25_load,0.250305
23245200,h25_load,0.241710
23246100,h25_load,0.232687
23247000,h25_load,0.223885
23247900,h25_load,0.217665
23248800,h25_load,0.214103
23249700,h25_load,0.210797
23250600,h25_load,0.209095
23251500,h25_load,0.207981
23252400,h25_load,0.207222
23253300,h25_load,0.205716
23254200,h25_load,0.203219
23255100,h25_load,0.202227
23256000,h25_load,0.203390
23256900,h25_load,0.202986
23257800,h25_load,0.203280
23258700,h25_load,0.207332
23259600,h25_load,0.211421
23260500,h25_load,0.211556
23261400,h25_load,0.217518
23262300,h25_load,0.225966
23263200,h25_load,0.244538
23264100,h25_load,0.255104
23265000,h25_load,0.267053
23265900,h25_load,0.280128
23266800,h25_load,0.301455
23267700,h25_load,0.322500
23268600,h25_load,0.346778
23269500,h25_load,0.367358
23270400,h25_load,0.387008
23271300,h25_load,0.403670
23272200,h25_load,0.415950
23273100,h25_load,0.426026
23274000,h25_load,0.437081
23274900,h25_load,0.444721
23275800,h25_load,0.452874
23276700,h25_load,0.457771
23277600,h25_load,0.462375
23278500,h25_load,0.466929
23279400,h25_load,0.471936
23280300,h25_load,0.478205
23281200,h25_load,0.490301
23282100,h25_load,0.501674
23283000,h25_load,0.509130
23283900,h25_load,0.510954
23284800,h25_load,0.504845
23285700,h25_load,0.499862
23286600,h25_load,0.489480
23287500,h25_load,0.480017
23288400,h25_load,0.473393
23289300,h25_load,0.465717
23290200,h25_load,0.458886
23291100,h25_load,0.454380
23292000,h25_load,0.448969
23292900,h25_load,0.445896
23293800,h25_load,0.444084
23294700,h25_load,0.441917
23295600,h25_load,0.440411
23296500,h25_load,0.438673
23297400,h25_load,0.434877
23298300,h25_load,0.433029
23299200,h25_load,0.432502
23300100,h25_load,0.436261
23301000,h25_load,0.440142
23301900,h25_load,0.445835
23302800,h25_load,0.453242
23303700,h25_load,0.463770
23304600,h25_load,0.475230
23305500,h25_load,0.486554
23306400,h25_load,0.497769
23307300,h25_load,0.507943
23308200,h25_load,0.515802
23309100,h25_load,0.521532
23310000,h25_load,0.526343
23310900,h25_load,0.535587
23311800,h25_load,0.544242
23312700,h25_load,0.545981
23313600,h25_load,0.547781
23314500,h25_load,0.536603
23315400,h25_load,0.522548
23316300,h25_load,0.508897
23317200,h25_load,0.492590
23318100,h25_load,0.475572
23319000,h25_load,0.458971
23319900,h25_load,0.449361
23320800,h25_load,0.434045
23321700,h25_load,0.414909
23322600,h25_load,0.401871
23323500,h25_load,0.385257
23324400,h25_load,0.367456
23325300,h25_load,0.351602
23326200,h25_load,0.336482
23327100,h25_load,0.320089
23328000,h25_load,0.307369
23328900,h25_load,0.291014
23329800,h25_load,0.279365
23330700,h25_load,0.268048
23331600,h25_load,0.258328
23332500,h25_load,0.248056
23333400,h25_load,0.240388
23334300,h25_load,0.233654
23335200,h25_load,0.229403
23336100,h25_load,0.225225
23337000,h25_load,0.222534
23337900,h25_load,0.219191
23338800,h25_load,0.217950
23339700,h25_load,0.215026
23340600,h25_load,0.211610
23341500,h25_load,0.210049
23342400,h25_load,0.209423
23343300,h25_load,0.208243
23344200,h25_load,0.209398
23345100,h25_load,0.212347
23346000,h25_load,0.216390
23346900,h25_load,0.215825
23347800,h25_load,0.220998
23348700,h25_load,0.226847
23349600,h25_load,0.239430
23350500,h25_load,0.246360
23351400,h25_load,0.254605
23352300,h25_load,0.264681
23353200,h25_load,0.282867
23354100,h25_load,0.302319
23355000,h25_load,0.327079
23355900,h25_load,0.351815
23356800,h25_load,0.378836
23357700,h25_load,0.404186
23358600,h25_load,0.425026
23359500,h25_load,0.443347
23360400,h25_load,0.463622
23361300,h25_load,0.481243
23362200,h25_load,0.495743
23363100,h25_load,0.507613
23364000,h25_load,0.521265
23364900,h25_load,0.532656
23365800,h25_load,0.544956
23366700,h25_load,0.558325
23367600,h25_load,0.575897
23368500,h25_load,0.593505
23369400,h25_load,0.605744
23370300,h25_load,0.604540
23371200,h25_load,0.591023
23372100,h25_load,0.576990
23373000,h25_load,0.561532
23373900,h25_load,0.544894
23374800,h25_load,0.529166
23375700,h25_load,0.513806
23376600,h25_load,0.501899
23377500,h25_load,0.490459
23378400,h25_load,0.482410
23379300,h25_load,0.475787
23380200,h25_load,0.468279
23381100,h25_load,0.462492
23382000,h25_load,0.457626
23382900,h25_load,0.452231
23383800,h25_load,0.447992
23384700,h25_load,0.446210
23385600,h25_load,0.445117
23386500,h25_load,0.447009
23387400,h25_load,0.453497
23388300,h25_load,0.463327
23389200,h25_load,0.475419
23390100,h25_load,0.490987
23391000,h25_load,0.506925
23391900,h25_load,0.523526
23392800,h25_load,0.537927
23393700,h25_load,0.547708
23394600,h25_load,0.553926
23395500,h25_load,0.562405
23396400,h25_load,0.565550
23397300,h25_load,0.570674
23398200,h25_load,0.576757
23399100,h25_load,0.575442
23400000,h25_load,0.573845
23400900,h25_load,0.562294
23401800,h25_load,0.543838
23402700,h25_load,0.525307
23403600,h25_load,0.505180
23404500,h25_load,0.484057
23405400,h25_load,0.465195
23406300,h25_load,0.451863
23407200,h25_load,0.429179
23408100,h25_load,0.400757
23409000,h25_load,0.379548
23409900,h25_load,0.356754
23410800,h25_load,0.334218
23411700,h25_load,0.313796
23412600,h25_load,0.296789
23413500,h25_load,0.279808
23414400,h25_load,0.262653
23415300,h25_load,0.249098
23416200,h25_load,0.240304
23417100,h25_load,0.231116
23418000,h25_load,0.224296
23418900,h25_load,0.216563
23419800,h25_load,0.210519
23420700,h25_load,0.205672
23421600,h25_load,0.203625
23422500,h25_load,0.201676
23423400,h25_load,0.200739
23424300,h25_load,0.199666
23425200,h25_load,0.199654
23426100,h25_load,0.199370
23427000,h25_load,0.199049
23427900,h25_load,0.198531
23428800,h25_load,0.202244
23429700,h25_load,0.204303
23430600,h25_load,0.208632
23431500,h25_load,0.217895
23432400,h25_load,0.231091
23433300,h25_load,0.238578
23434200,h25_load,0.254772
23435100,h25_load,0.270694
23436000,h25_load,0.303008
23436900,h25_load,0.323358
23437800,h25_load,0.337023
23438700,h25_load,0.343227
23439600,h25_load,0.344732
23440500,h25_load,0.341513
23441400,h25_load,0.335346
23442300,h25_load,0.327119
23443200,h25_load,0.320336
23444100,h25_load,0.316106
23445000,h25_load,0.312800
23445900,h25_load,0.309026
23446800,h25_load,0.310383
23447700,h25_load,0.311111
23448600,h25_load,0.309322
23449500,h25_load,0.308212
23450400,h25_load,0.307263
23451300,h25_load,0.308804
23452200,h25_load,0.312258
23453100,h25_load,0.318967
23454000,h25_load,0.326688
23454900,h25_load,0.336912
23455800,h25_load,0.344719
23456700,h25_load,0.349727
23457600,h25_load,0.355338
23458500,h25_load,0.355203
23459400,h25_load,0.353340
23460300,h25_load,0.349862
23461200,h25_load,0.347420
23462100,h25_load,0.346409
23463000,h25_load,0.343474
23463900,h25_load,0.339922
23464800,h25_load,0.335457
23465700,h25_load,0.333064
23466600,h25_load,0.330240
23467500,h25_load,0.330536
23468400,h25_load,0.335149
23469300,h25_load,0.336826
23470200,h25_load,0.339539
23471100,h25_load,0.344867
23472000,h25_load,0.354500
23472900,h25_load,0.362516
23473800,h25_load,0.370965
23474700,h25_load,0.383903
23475600,h25_load,0.402242
23476500,h25_load,0.419398
23477400,h25_load,0.437158
23478300,h25_load,0.455856
23479200,h25_load,0.474763
23480100,h25_load,0.489427
23481000,h25_load,0.503722
23481900,h25_load,0.515784
23482800,h25_load,0.524553
23483700,h25_load,0.536701
23484600,h25_load,0.548356
23485500,h25_load,0.557039
23486400,h25_load,0.561097
23487300,h25_load,0.554671
23488200,h25_load,0.540488
23489100,h25_load,0.523505
23490000,h25_load,0.506016
23490900,h25_load,0.485111
23491800,h25_load,0.465575
23492700,h25_load,0.452797
23493600,h25_load,0.433434
23494500,h25_load,0.405387
23495400,h25_load,0.384125
23496300,h25_load,0.360592
23497200,h25_load,0.338713
23498100,h25_load,0.318042
23499000,h25_load,0.301626
23499900,h25_load,0.285087
23500800,h25_load,0.263632
23501700,h25_load,0.250027
23502600,h25_load,0.241201
23503500,h25_load,0.231978
23504400,h25_load,0.225132
23505300,h25_load,0.217370
23506200,h25_load,0.211304
23507100,h25_load,0.206439
23508000,h25_load,0.204384
23508900,h25_load,0.202428
23509800,h25_load,0.201487
23510700,h25_load,0.200410
23511600,h25_load,0.200398
23512500,h25_load,0.200113
23513400,h25_load,0.199791
23514300,h25_load,0.199271
23515200,h25_load,0.202998
23516100,h25_load,0.205065
23517000,h25_load,0.209410
23517900,h25_load,0.218707
23518800,h25_load,0.231953
23519700,h25_load,0.239467
23520600,h25_load,0.255722
23521500,h25_load,0.271703
23522400,h25_load,0.304138
23523300,h25_load,0.324564
23524200,h25_load,0.338280
23525100,h25_load,0.344507
23526000,h25_load,0.346017
23526900,h25_load,0.342786
23527800,h25_load,0.336596
23528700,h25_load,0.328339
23529600,h25_load,0.321531
23530500,h25_load,0.317284
23531400,h25_load,0.313967
23532300,h25_load,0.310179
23533200,h25_load,0.311540
23534100,h25_load,0.312271
23535000,h25_load,0.310476
23535900,h25_load,0.309362
23536800,h25_load,0.308408
23537700,h25_load,0.309956
23538600,h25_load,0.313422
23539500,h25_load,0.320157
23540400,h25_load,0.327906
23541300,h25_load,0.338169
23542200,h25_load,0.346005
23543100,h25_load,0.351031
23544000,h25_load,0.356663
23544900,h25_load,0.356527
23545800,h25_load,0.354658
23546700,h25_load,0.351167
23547600,h25_load,0.348716
23548500,h25_load,0.347701
23549400,h25_load,0.344754
23550300,h25_load,0.341189
23551200,h25_load,0.336708
23552100,h25_load,0.334306
23553000,h25_load,0.331471
23553900,h25_load,0.331768
23554800,h25_load,0.336398
23555700,h25_load,0.338082
23556600,h25_load,0.340805
23557500,h25_load,0.346153
23558400,h25_load,0.355822
23559300,h25_load,0.363868
23560200,h25_load,0.372348
23561100,h25_load,0.385334
23562000,h25_load,0.403742
23562900,h25_load,0.420962
23563800,h25_load,0.438788
23564700,h25_load,0.457556
23565600,h25_load,0.476533
23566500,h25_load,0.491252
23567400,h25_load,0.505600
23568300,h25_load,0.517707
23569200,h25_load,0.526509
23570100,h25_load,0.538703
23571000,h25_load,0.550401
23571900,h25_load,0.559116
23572800,h25_load,0.563189
23573700,h25_load,0.556740
23574600,h25_load,0.542503
23575500,h25_load,0.525457
23576400,h25_load,0.507903
23577300,h25_load,0.486920
23578200,h25_load,0.467311
23579100,h25_load,0.454486
23580000,h25_load,0.435050
23580900,h25_load,0.406899
23581800,h25_load,0.385557
23582700,h25_load,0.361937
23583600,h25_load,0.339976
23584500,h25_load,0.319228
23585400,h25_load,0.302751
23586300,h25_load,0.286150
23587200,h25_load,0.254842
23588100,h25_load,0.239334
23589000,h25_load,0.230872
23589900,h25_load,0.220919
23590800,h25_load,0.213427
23591700,h25_load,0.206394
23592600,h25_load,0.200628
23593500,h25_load,0.195633
23594400,h25_load,0.194216
23595300,h25_load,0.192613
23596200,h25_load,0.191333
23597100,h25_load,0.190836
23598000,h25_load,0.192191
23598900,h25_load,0.191917
23599800,h25_load,0.192427
23600700,h25_load,0.193011
23601600,h25_load,0.197534
23602500,h25_load,0.200615
23603400,h25_load,0.206157
23604300,h25_load,0.217167
23605200,h25_load,0.228325
23606100,h25_load,0.235259
23607000,h25_load,0.248033
23607900,h25_load,0.263627
23608800,h25_load,0.290094
23609700,h25_load,0.310684
23610600,h25_load,0.324924
23611500,h25_load,0.336617
23612400,h25_load,0.342693
23613300,h25_load,0.342892
23614200,h25_load,0.336617
23615100,h25_load,0.329248
23616000,h25_load,0.322178
23616900,h25_load,0.319556
23617800,h25_load,0.314126
23618700,h25_load,0.310236
23619600,h25_load,0.309677
23620500,h25_load,0.309541
23621400,h25_load,0.310000
23622300,h25_load,0.308460
23623200,h25_load,0.307018
23624100,h25_load,0.308882
23625000,h25_load,0.313256
23625900,h25_load,0.317555
23626800,h25_load,0.325458
23627700,h25_load,0.337089
23628600,h25_load,0.346967
23629500,h25_load,0.352807
23630400,h25_load,0.356610
23631300,h25_load,0.356038
23632200,h25_load,0.354559
23633100,h25_load,0.351913
23634000,h25_load,0.349850
23634900,h25_load,0.347713
23635800,h25_load,0.344830
23636700,h25_load,0.340195
23637600,h25_load,0.336915
23638500,h25_load,0.334765
23639400,h25_load,0.333249
23640300,h25_load,0.333933
23641200,h25_load,0.338294
23642100,h25_load,0.338692
23643000,h25_load,0.339885
23643900,h25_load,0.344084
23644800,h25_load,0.354895
23645700,h25_load,0.362897
23646600,h25_load,0.373459
23647500,h25_load,0.388395
23648400,h25_load,0.410973
23649300,h25_load,0.432221
23650200,h25_load,0.454476
23651100,h25_load,0.477961
23652000,h25_load,0.503073
23652900,h25_load,0.524732
23653800,h25_load,0.547906
23654700,h25_load,0.569775
23655600,h25_load,0.581207
23656500,h25_load,0.583344
23657400,h25_load,0.577753
23658300,h25_load,0.564184
23659200,h25_load,0.549409
23660100,h25_load,0.530435
23661000,h25_load,0.510467
23661900,h25_load,0.493443
23662800,h25_load,0.477836
23663700,h25_load,0.461447
23664600,h25_load,0.445057
23665500,h25_load,0.436707
23666400,h25_load,0.424579
23667300,h25_load,0.398572
23668200,h25_load,0.379076
23669100,h25_load,0.356423
23670000,h25_load,0.335970
23670900,h25_load,0.315120
23671800,h25_load,0.297587
23672700,h25_load,0.279669
23673600,h25_load,0.255803
23674500,h25_load,0.240237
23675400,h25_load,0.231744
23676300,h25_load,0.221753
23677200,h25_load,0.214232
23678100,h25_load,0.207172
23679000,h25_load,0.201385
23679900,h25_load,0.196371
23680800,h25_load,0.194949
23681700,h25_load,0.193340
23682600,h25_load,0.192055
23683500,h25_load,0.191556
23684400,h25_load,0.192916
23685300,h25_load,0.192641
23686200,h25_load,0.193153
23687100,h25_load,0.193739
23688000,h25_load,0.198279
23688900,h25_load,0.201372
23689800,h25_load,0.206935
23690700,h25_load,0.217986
23691600,h25_load,0.229187
23692500,h25_load,0.236146
23693400,h25_load,0.248968
23694300,h25_load,0.264622
23695200,h25_load,0.291189
23696100,h25_load,0.311856
23697000,h25_load,0.326150
23697900,h25_load,0.337887
23698800,h25_load,0.343986
23699700,h25_load,0.344185
23700600,h25_load,0.337887
23701500,h25_load,0.330490
23702400,h25_load,0.323393
23703300,h25_load,0.320761
23704200,h25_load,0.315311
23705100,h25_load,0.311407
23706000,h25_load,0.310846
23706900,h25_load,0.310708
23707800,h25_load,0.311170
23708700,h25_load,0.309623
23709600,h25_load,0.308176
23710500,h25_load,0.310047
23711400,h25_load,0.314438
23712300,h25_load,0.318753
23713200,h25_load,0.326686
23714100,h25_load,0.338361
23715000,h25_load,0.348276
23715900,h25_load,0.354139
23716800,h25_load,0.357955
23717700,h25_load,0.357381
23718600,h25_load,0.355897
23719500,h25_load,0.353240
23720400,h25_load,0.351170
23721300,h25_load,0.349025
23722200,h25_load,0.346131
23723100,h25_load,0.341479
23724000,h25_load,0.338186
23724900,h25_load,0.336028
23725800,h25_load,0.334506
23726700,h25_load,0.335192
23727600,h25_load,0.339570
23728500,h25_load,0.339969
23729400,h25_load,0.341167
23730300,h25_load,0.345383
23731200,h25_load,0.356234
23732100,h25_load,0.364266
23733000,h25_load,0.374868
23733900,h25_load,0.389860
23734800,h25_load,0.412523
23735700,h25_load,0.433852
23736600,h25_load,0.456190
23737500,h25_load,0.479764
23738400,h25_load,0.504971
23739300,h25_load,0.526711
23740200,h25_load,0.549973
23741100,h25_load,0.571925
23742000,h25_load,0.583400
23742900,h25_load,0.585545
23743800,h25_load,0.579933
23744700,h25_load,0.566312
23745600,h25_load,0.551482
23746500,h25_load,0.532436
23747400,h25_load,0.512393
23748300,h25_load,0.495305
23749200,h25_load,0.479639
23750100,h25_load,0.463188
23751000,h25_load,0.446736
23751900,h25_load,0.438354
23752800,h25_load,0.426181
23753700,h25_load,0.400076
23754600,h25_load,0.380506
23755500,h25_load,0.357768
23756400,h25_load,0.337238
23757300,h25_load,0.316309
23758200,h25_load,0.298710
23759100,h25_load,0.280724
23760000,h25_load,0.294947
23760900,h25_load,0.277883
23761800,h25_load,0.265037
23762700,h25_load,0.253218
23763600,h25_load,0.243465
23764500,h25_load,0.234325
23765400,h25_load,0.229793
23766300,h25_load,0.221605
23767200,h25_load,0.215019
23768100,h25_load,0.211727
23769000,h25_load,0.208196
23769900,h25_load,0.205391
23770800,h25_load,0.206043
23771700,h25_load,0.204640
23772600,h25_load,0.202474
23773500,h25_load,0.201310
23774400,h25_load,0.202337
23775300,h25_load,0.200859
23776200,h25_load,0.202662
23777100,h25_load,0.208033
23778000,h25_load,0.210963
23778900,h25_load,0.210011
23779800,h25_load,0.214907
23780700,h25_load,0.222569
23781600,h25_load,0.236679
23782500,h25_load,0.246683
23783400,h25_load,0.258214
23784300,h25_load,0.272011
23785200,h25_load,0.291842
23786100,h25_load,0.309809
23787000,h25_load,0.331982
23787900,h25_load,0.355870
23788800,h25_load,0.382099
23789700,h25_load,0.407177
23790600,h25_load,0.424843
23791500,h25_load,0.441758
23792400,h25_load,0.460175
23793300,h25_load,0.477915
23794200,h25_load,0.492902
23795100,h25_load,0.504896
23796000,h25_load,0.516778
23796900,h25_load,0.528784
23797800,h25_load,0.540165
23798700,h25_load,0.554188
23799600,h25_load,0.571803
23800500,h25_load,0.588705
23801400,h25_load,0.599961
23802300,h25_load,0.598909
23803200,h25_load,0.585275
23804100,h25_load,0.570338
23805000,h25_load,0.555227
23805900,h25_load,0.541705
23806800,h25_load,0.525129
23807700,h25_load,0.512709
23808600,h25_load,0.502079
23809500,h25_load,0.491036
23810400,h25_load,0.480858
23811300,h25_load,0.474410
23812200,h25_load,0.468025
23813100,h25_load,0.463254
23814000,h25_load,0.459323
23814900,h25_load,0.454904
23815800,h25_load,0.451974
23816700,h25_load,0.449858
23817600,h25_load,0.451936
23818500,h25_load,0.456807
23819400,h25_load,0.465220
23820300,h25_load,0.477815
23821200,h25_load,0.495594
23822100,h25_load,0.515676
23823000,h25_load,0.536021
23823900,h25_load,0.553562
23824800,h25_load,0.568849
23825700,h25_load,0.581694
23826600,h25_load,0.591936
23827500,h25_load,0.604118
23828400,h25_load,0.609764
23829300,h25_load,0.607811
23830200,h25_load,0.597883
23831100,h25_load,0.579578
23832000,h25_load,0.563665
23832900,h25_load,0.541392
23833800,h25_load,0.517454
23834700,h25_load,0.498010
23835600,h25_load,0.482135
23836500,h25_load,0.465784
23837400,h25_load,0.448205
23838300,h25_load,0.441094
23839200,h25_load,0.424743
23840100,h25_load,0.397850
23841000,h25_load,0.376403
23841900,h25_load,0.354205
23842800,h25_load,0.333171
23843700,h25_load,0.313677
23844600,h25_load,0.295849
23845500,h25_load,0.277707
23846400,h25_load,0.287425
23847300,h25_load,0.270635
23848200,h25_load,0.260920
23849100,h25_load,0.248968
23850000,h25_load,0.238713
23850900,h25_load,0.229651
23851800,h25_load,0.221935
23852700,h25_load,0.214620
23853600,h25_load,0.211629
23854500,h25_load,0.208726
23855400,h25_load,0.206803
23856300,h25_load,0.204968
23857200,h25_load,0.204754
23858100,h25_load,0.203661
23859000,h25_load,0.203221
23859900,h25_load,0.203322
23860800,h25_load,0.205508
23861700,h25_load,0.206099
23862600,h25_load,0.207532
23863500,h25_load,0.213753
23864400,h25_load,0.216782
23865300,h25_load,0.217146
23866200,h25_load,0.221206
23867100,h25_load,0.227854
23868000,h25_load,0.241327
23868900,h25_load,0.251507
23869800,h25_load,0.264854
23870700,h25_load,0.281154
23871600,h25_load,0.301740
23872500,h25_load,0.318355
23873400,h25_load,0.338325
23874300,h25_load,0.355279
23875200,h25_load,0.375400
23876100,h25_load,0.394050
23877000,h25_load,0.406329
23877900,h25_load,0.413832
23878800,h25_load,0.423685
23879700,h25_load,0.435562
23880600,h25_load,0.443077
23881500,h25_load,0.449148
23882400,h25_load,0.455457
23883300,h25_load,0.459893
23884200,h25_load,0.464681
23885100,h25_load,0.471656
23886000,h25_load,0.482666
23886900,h25_load,0.492368
23887800,h25_load,0.500763
23888700,h25_load,0.502435
23889600,h25_load,0.499896
23890500,h25_load,0.491740
23891400,h25_load,0.484815
23892300,h25_load,0.478280
23893200,h25_load,0.470450
23894100,h25_load,0.462846
23895000,h25_load,0.457291
23895900,h25_load,0.451460
23896800,h25_load,0.446295
23897700,h25_load,0.442738
23898600,h25_load,0.441242
23899500,h25_load,0.440187
23900400,h25_load,0.439445
23901300,h25_load,0.437208
23902200,h25_load,0.435348
23903100,h25_load,0.433576
23904000,h25_load,0.435499
23904900,h25_load,0.440312
23905800,h25_load,0.447225
23906700,h25_load,0.452239
23907600,h25_load,0.463538
23908500,h25_load,0.476319
23909400,h25_load,0.493726
23910300,h25_load,0.511836
23911200,h25_load,0.531555
23912100,h25_load,0.553033
23913000,h25_load,0.570276
23913900,h25_load,0.582944
23914800,h25_load,0.588361
23915700,h25_load,0.585370
23916600,h25_load,0.577716
23917500,h25_load,0.559706
23918400,h25_load,0.544902
23919300,h25_load,0.524982
23920200,h25_load,0.505162
23921100,h25_load,0.489540
23922000,h25_load,0.476696
23922900,h25_load,0.463789
23923800,h25_load,0.449688
23924700,h25_load,0.442524
23925600,h25_load,0.435625
23926500,h25_load,0.417816
23927400,h25_load,0.403552
23928300,h25_load,0.386346
23929200,h25_load,0.368902
23930100,h25_load,0.352262
23931000,h25_load,0.338828
23931900,h25_load,0.319712
23932800,h25_load,0.297206
23933700,h25_load,0.280011
23934600,h25_load,0.267067
23935500,h25_load,0.255157
23936400,h25_load,0.245329
23937300,h25_load,0.236120
23938200,h25_load,0.231553
23939100,h25_load,0.223302
23940000,h25_load,0.216666
23940900,h25_load,0.213348
23941800,h25_load,0.209790
23942700,h25_load,0.206964
23943600,h25_load,0.207620
23944500,h25_load,0.206207
23945400,h25_load,0.204025
23946300,h25_load,0.202852
23947200,h25_load,0.203886
23948100,h25_load,0.202397
23949000,h25_load,0.204214
23949900,h25_load,0.209626
23950800,h25_load,0.212578
23951700,h25_load,0.211620
23952600,h25_load,0.216553
23953500,h25_load,0.224273
23954400,h25_load,0.238492
23955300,h25_load,0.248572
23956200,h25_load,0.260191
23957100,h25_load,0.274094
23958000,h25_load,0.294077
23958900,h25_load,0.312181
23959800,h25_load,0.334524
23960700,h25_load,0.358595
23961600,h25_load,0.385026
23962500,h25_load,0.410295
23963400,h25_load,0.428096
23964300,h25_load,0.445141
23965200,h25_load,0.463699
23966100,h25_load,0.481575
23967000,h25_load,0.496677
23967900,h25_load,0.508763
23968800,h25_load,0.520735
23969700,h25_load,0.532834
23970600,h25_load,0.544302
23971500,h25_load,0.558432
23972400,h25_load,0.576182
23973300,h25_load,0.593214
23974200,h25_load,0.604556
23975100,h25_load,0.603496
23976000,h25_load,0.589757
23976900,h25_load,0.574706
23977800,h25_load,0.559479
23978700,h25_load,0.545854
23979600,h25_load,0.529150
23980500,h25_load,0.516635
23981400,h25_load,0.505924
23982300,h25_load,0.494797
23983200,h25_load,0.484540
23984100,h25_load,0.478043
23985000,h25_load,0.471609
23985900,h25_load,0.466802
23986800,h25_load,0.462841
23987700,h25_load,0.458387
23988600,h25_load,0.455435
23989500,h25_load,0.453303
23990400,h25_load,0.455397
23991300,h25_load,0.460305
23992200,h25_load,0.468783
23993100,h25_load,0.481474
23994000,h25_load,0.499389
23994900,h25_load,0.519625
23995800,h25_load,0.540126
23996700,h25_load,0.557801
23997600,h25_load,0.573205
23998500,h25_load,0.586149
23999400,h25_load,0.596469
24000300,h25_load,0.608744
24001200,h25_load,0.614434
24002100,h25_load,0.612466
24003000,h25_load,0.602461
24003900,h25_load,0.584017
24004800,h25_load,0.567982
24005700,h25_load,0.545538
24006600,h25_load,0.521417
24007500,h25_load,0.501824
24008400,h25_load,0.485827
24009300,h25_load,0.469351
24010200,h25_load,0.451638
24011100,h25_load,0.444472
24012000,h25_load,0.427996
24012900,h25_load,0.400897
24013800,h25_load,0.379285
24014700,h25_load,0.356917
24015600,h25_load,0.335723
24016500,h25_load,0.316080
24017400,h25_load,0.298115
24018300,h25_load,0.279834
24019200,h25_load,0.259736
24020100,h25_load,0.243931
24021000,h25_load,0.235306
24021900,h25_load,0.225162
24022800,h25_load,0.217525
24023700,h25_load,0.210357
24024600,h25_load,0.204481
24025500,h25_load,0.199390
24026400,h25_load,0.197946
24027300,h25_load,0.196312
24028200,h25_load,0.195008
24029100,h25_load,0.194501
24030000,h25_load,0.195882
24030900,h25_load,0.195603
24031800,h25_load,0.196122
24032700,h25_load,0.196717
24033600,h25_load,0.201327
24034500,h25_load,0.204468
24035400,h25_load,0.210116
24036300,h25_load,0.221337
24037200,h25_load,0.232710
24038100,h25_load,0.239777
24039000,h25_load,0.252796
24039900,h25_load,0.268690
24040800,h25_load,0.295665
24041700,h25_load,0.316650
24042600,h25_load,0.331164
24043500,h25_load,0.343081
24044400,h25_load,0.349274
24045300,h25_load,0.349476
24046200,h25_load,0.343081
24047100,h25_load,0.335571
24048000,h25_load,0.328365
24048900,h25_load,0.325693
24049800,h25_load,0.320158
24050700,h25_load,0.316194
24051600,h25_load,0.315624
24052500,h25_load,0.315485
24053400,h25_load,0.315954
24054300,h25_load,0.314383
24055200,h25_load,0.312914
24056100,h25_load,0.314814
24057000,h25_load,0.319272
24057900,h25_load,0.323654
24058800,h25_load,0.331708
24059700,h25_load,0.343562
24060600,h25_load,0.353630
24061500,h25_load,0.359583
24062400,h25_load,0.363458
24063300,h25_load,0.362875
24064200,h25_load,0.361368
24065100,h25_load,0.358671
24066000,h25_load,0.356569
24066900,h25_load,0.354390
24067800,h25_load,0.351452
24068700,h25_load,0.346728
24069600,h25_load,0.343385
24070500,h25_load,0.341194
24071400,h25_load,0.339649
24072300,h25_load,0.340345
24073200,h25_load,0.344791
24074100,h25_load,0.345196
24075000,h25_load,0.346412
24075900,h25_load,0.350692
24076800,h25_load,0.361710
24077700,h25_load,0.369866
24078600,h25_load,0.380631
24079500,h25_load,0.395854
24080400,h25_load,0.418865
24081300,h25_load,0.440521
24082200,h25_load,0.463204
24083100,h25_load,0.487139
24084000,h25_load,0.512734
24084900,h25_load,0.534809
24085800,h25_load,0.558428
24086700,h25_load,0.580717
24087600,h25_load,0.592369
24088500,h25_load,0.594547
24089400,h25_load,0.588848
24090300,h25_load,0.575018
24091200,h25_load,0.559960
24092100,h25_load,0.540622
24093000,h25_load,0.520270
24093900,h25_load,0.502919
24094800,h25_load,0.487013
24095700,h25_load,0.470308
24096600,h25_load,0.453604
24097500,h25_load,0.445093
24098400,h25_load,0.432733
24099300,h25_load,0.406226
24100200,h25_load,0.386355
24101100,h25_load,0.363268
24102000,h25_load,0.342422
24102900,h25_load,0.321171
24103800,h25_load,0.303302
24104700,h25_load,0.285040
24105600,h25_load,0.260740
24106500,h25_load,0.244873
24107400,h25_load,0.236216
24108300,h25_load,0.226032
24109200,h25_load,0.218366
24110100,h25_load,0.211170
24111000,h25_load,0.205271
24111900,h25_load,0.200160
24112800,h25_load,0.198711
24113700,h25_load,0.197071
24114600,h25_load,0.195761
24115500,h25_load,0.195253
24116400,h25_load,0.196639
24117300,h25_load,0.196359
24118200,h25_load,0.196880
24119100,h25_load,0.197478
24120000,h25_load,0.202105
24120900,h25_load,0.205258
24121800,h25_load,0.210928
24122700,h25_load,0.222193
24123600,h25_load,0.233609
24124500,h25_load,0.240703
24125400,h25_load,0.253773
24126300,h25_load,0.269728
24127200,h25_load,0.296808
24128100,h25_load,0.317874
24129000,h25_load,0.332443
24129900,h25_load,0.344407
24130800,h25_load,0.350624
24131700,h25_load,0.350827
24132600,h25_load,0.344407
24133500,h25_load,0.336868
24134400,h25_load,0.329634
24135300,h25_load,0.326951
24136200,h25_load,0.321395
24137100,h25_load,0.317416
24138000,h25_load,0.316844
24138900,h25_load,0.316704
24139800,h25_load,0.317175
24140700,h25_load,0.315598
24141600,h25_load,0.314123
24142500,h25_load,0.316030
24143400,h25_load,0.320506
24144300,h25_load,0.324904
24145200,h25_load,0.332990
24146100,h25_load,0.344890
24147000,h25_load,0.354997
24147900,h25_load,0.360972
24148800,h25_load,0.364863
24149700,h25_load,0.364278
24150600,h25_load,0.362765
24151500,h25_load,0.360057
24152400,h25_load,0.357947
24153300,h25_load,0.355760
24154200,h25_load,0.352810
24155100,h25_load,0.348068
24156000,h25_load,0.344712
24156900,h25_load,0.342512
24157800,h25_load,0.340961
24158700,h25_load,0.341661
24159600,h25_load,0.346123
24160500,h25_load,0.346530
24161400,h25_load,0.347750
24162300,h25_load,0.352048
24163200,h25_load,0.363108
24164100,h25_load,0.371296
24165000,h25_load,0.382102
24165900,h25_load,0.397384
24166800,h25_load,0.420484
24167700,h25_load,0.442224
24168600,h25_load,0.464994
24169500,h25_load,0.489022
24170400,h25_load,0.514716
24171300,h25_load,0.536875
24172200,h25_load,0.560586
24173100,h25_load,0.582962
24174000,h25_load,0.594658
24174900,h25_load,0.596845
24175800,h25_load,0.591124
24176700,h25_load,0.577241
24177600,h25_load,0.562124
24178500,h25_load,0.542711
24179400,h25_load,0.522280
24180300,h25_load,0.504863
24181200,h25_load,0.488895
24182100,h25_load,0.472126
24183000,h25_load,0.455357
24183900,h25_load,0.446813
24184800,h25_load,0.434405
24185700,h25_load,0.407796
24186600,h25_load,0.387849
24187500,h25_load,0.364672
24188400,h25_load,0.343746
24189300,h25_load,0.322413
24190200,h25_load,0.304474
24191100,h25_load,0.286141
24192000,h25_load,0.261751
24192900,h25_load,0.245823
24193800,h25_load,0.237132
24194700,h25_load,0.226909
24195600,h25_load,0.219213
24196500,h25_load,0.211989
24197400,h25_load,0.206067
24198300,h25_load,0.200937
24199200,h25_load,0.199482
24200100,h25_load,0.197836
24201000,h25_load,0.196521
24201900,h25_load,0.196010
24202800,h25_load,0.197402
24203700,h25_load,0.197121
24204600,h25_load,0.197644
24205500,h25_load,0.198244
24206400,h25_load,0.202890
24207300,h25_load,0.206055
24208200,h25_load,0.211747
24209100,h25_load,0.223055
24210000,h25_load,0.234516
24210900,h25_load,0.241637
24211800,h25_load,0.254757
24212700,h25_load,0.270775
24213600,h25_load,0.297959
24214500,h25_load,0.319107
24215400,h25_load,0.333733
24216300,h25_load,0.345743
24217200,h25_load,0.351984
24218100,h25_load,0.352188
24219000,h25_load,0.345743
24219900,h25_load,0.338175
24220800,h25_load,0.330913
24221700,h25_load,0.328220
24222600,h25_load,0.322643
24223500,h25_load,0.318648
24224400,h25_load,0.318073
24225300,h25_load,0.317933
24226200,h25_load,0.318405
24227100,h25_load,0.316823
24228000,h25_load,0.315342
24228900,h25_load,0.317257
24229800,h25_load,0.321749
24230700,h25_load,0.326165
24231600,h25_load,0.334282
24232500,h25_load,0.346228
24233400,h25_load,0.356374
24234300,h25_load,0.362373
24235200,h25_load,0.366278
24236100,h25_load,0.365691
24237000,h25_load,0.364173
24237900,h25_load,0.361454
24238800,h25_load,0.359335
24239700,h25_load,0.357140
24240600,h25_load,0.354179
24241500,h25_load,0.349419
24242400,h25_load,0.346049
24243300,h25_load,0.343841
24244200,h25_load,0.342284
24245100,h25_load,0.342986
24246000,h25_load,0.347466
24246900,h25_load,0.347874
24247800,h25_load,0.349100
24248700,h25_load,0.353414
24249600,h25_load,0.364517
24250500,h25_load,0.372736
24251400,h25_load,0.383585
24252300,h25_load,0.398926
24253200,h25_load,0.422115
24254100,h25_load,0.443940
24255000,h25_load,0.466798
24255900,h25_load,0.490919
24256800,h25_load,0.516713
24257700,h25_load,0.538958
24258600,h25_load,0.562761
24259500,h25_load,0.585223
24260400,h25_load,0.596965
24261300,h25_load,0.599160
24262200,h25_load,0.593417
24263100,h25_load,0.579480
24264000,h25_load,0.564305
24264900,h25_load,0.544817
24265800,h25_load,0.524307
24266700,h25_load,0.506822
24267600,h25_load,0.490792
24268500,h25_load,0.473958
24269400,h25_load,0.457124
24270300,h25_load,0.448547
24271200,h25_load,0.436091
24272100,h25_load,0.409378
24273000,h25_load,0.389353
24273900,h25_load,0.366087
24274800,h25_load,0.345079
24275700,h25_load,0.323664
24276600,h25_load,0.305655
24277500,h25_load,0.287251
24278400,h25_load,0.262771
24279300,h25_load,0.246781
24280200,h25_load,0.238056
24281100,h25_load,0.227793
24282000,h25_load,0.220067
24282900,h25_load,0.212815
24283800,h25_load,0.206870
24284700,h25_load,0.201719
24285600,h25_load,0.200259
24286500,h25_load,0.198606
24287400,h25_load,0.197286
24288300,h25_load,0.196774
24289200,h25_load,0.198170
24290100,h25_load,0.197888
24291000,h25_load,0.198414
24291900,h25_load,0.199016
24292800,h25_load,0.203680
24293700,h25_load,0.206857
24294600,h25_load,0.212572
24295500,h25_load,0.223923
24296400,h25_load,0.235429
24297300,h25_load,0.242578
24298200,h25_load,0.255750
24299100,h25_load,0.271829
24300000,h25_load,0.299120
24300900,h25_load,0.320350
24301800,h25_load,0.335033
24302700,h25_load,0.347090
24303600,h25_load,0.353355
24304500,h25_load,0.353560
24305400,h25_load,0.347090
24306300,h25_load,0.339492
24307200,h25_load,0.332201
24308100,h25_load,0.329498
24309000,h25_load,0.323899
24309900,h25_load,0.319889
24310800,h25_load,0.319312
24311700,h25_load,0.319171
24312600,h25_load,0.319645
24313500,h25_load,0.318057
24314400,h25_load,0.316570
24315300,h25_load,0.318492
24316200,h25_load,0.323002
24317100,h25_load,0.327435
24318000,h25_load,0.335584
24318900,h25_load,0.347576
24319800,h25_load,0.357762
24320700,h25_load,0.363784
24321600,h25_load,0.367705
24322500,h25_load,0.367115
24323400,h25_load,0.365591
24324300,h25_load,0.362862
24325200,h25_load,0.360735
24326100,h25_load,0.358531
24327000,h25_load,0.355559
24327900,h25_load,0.350780
24328800,h25_load,0.347397
24329700,h25_load,0.345181
24330600,h25_load,0.343617
24331500,h25_load,0.344322
24332400,h25_load,0.348819
24333300,h25_load,0.349229
24334200,h25_load,0.350459
24335100,h25_load,0.354790
24336000,h25_load,0.365937
24336900,h25_load,0.374188
24337800,h25_load,0.385079
24338700,h25_load,0.400479
24339600,h25_load,0.423759
24340500,h25_load,0.445669
24341400,h25_load,0.468616
24342300,h25_load,0.492831
24343200,h25_load,0.518725
24344100,h25_load,0.541057
24345000,h25_load,0.564953
24345900,h25_load,0.587503
24346800,h25_load,0.599290
24347700,h25_load,0.601494
24348600,h25_load,0.595728
24349500,h25_load,0.581737
24350400,h25_load,0.566503
24351300,h25_load,0.546938
24352200,h25_load,0.526349
24353100,h25_load,0.508796
24354000,h25_load,0.492703
24354900,h25_load,0.475804
24355800,h25_load,0.458904
24356700,h25_load,0.450294
24357600,h25_load,0.437789
24358500,h25_load,0.410973
24359400,h25_load,0.390870
24360300,h25_load,0.367513
24361200,h25_load,0.346423
24362100,h25_load,0.324924
24363000,h25_load,0.306846
24363900,h25_load,0.288370
24364800,h25_load,0.263798
24365700,h25_load,0.247745
24366600,h25_load,0.238986
24367500,h25_load,0.228683
24368400,h25_load,0.220927
24369300,h25_load,0.213647
24370200,h25_load,0.207678
24371100,h25_load,0.202508
24372000,h25_load,0.201041
24372900,h25_load,0.199382
24373800,h25_load,0.198057
24374700,h25_load,0.197543
24375600,h25_load,0.198945
24376500,h25_load,0.198662
24377400,h25_load,0.199189
24378300,h25_load,0.199794
24379200,h25_load,0.204476
24380100,h25_load,0.207666
24381000,h25_load,0.213402
24381900,h25_load,0.224798
24382800,h25_load,0.236349
24383700,h25_load,0.243526
24384600,h25_load,0.256749
24385500,h25_load,0.272891
24386400,h25_load,0.300289
24387300,h25_load,0.321602
24388200,h25_load,0.336342
24389100,h25_load,0.348446
24390000,h25_load,0.354736
24390900,h25_load,0.354941
24391800,h25_load,0.348446
24392700,h25_load,0.340818
24393600,h25_load,0.333500
24394500,h25_load,0.330786
24395400,h25_load,0.325165
24396300,h25_load,0.321139
24397200,h25_load,0.320560
24398100,h25_load,0.320418
24399000,h25_load,0.320894
24399900,h25_load,0.319299
24400800,h25_load,0.317807
24401700,h25_load,0.319737
24402600,h25_load,0.324264
24403500,h25_load,0.328715
24404400,h25_load,0.336895
24405300,h25_load,0.348935
24406200,h25_load,0.359160
24407100,h25_load,0.365206
24408000,h25_load,0.369142
24408900,h25_load,0.368550
24409800,h25_load,0.367019
24410700,h25_load,0.364280
24411600,h25_load,0.362145
24412500,h25_load,0.359932
24413400,h25_load,0.356948
24414300,h25_load,0.352150
24415200,h25_load,0.348755
24416100,h25_load,0.346529
24417000,h25_load,0.344960
24417900,h25_load,0.345668
24418800,h25_load,0.350182
24419700,h25_load,0.350594
24420600,h25_load,0.351829
24421500,h25_load,0.356176
24422400,h25_load,0.367367
24423300,h25_load,0.375650
24424200,h25_load,0.386583
24425100,h25_load,0.402044
24426000,h25_load,0.425415
24426900,h25_load,0.447410
24427800,h25_load,0.470447
24428700,h25_load,0.494757
24429600,h25_load,0.520752
24430500,h25_load,0.543172
24431400,h25_load,0.567160
24432300,h25_load,0.589798
24433200,h25_load,0.601632
24434100,h25_load,0.603844
24435000,h25_load,0.598056
24435900,h25_load,0.584010
24436800,h25_load,0.568717
24437700,h25_load,0.549076
24438600,h25_load,0.528406
24439500,h25_load,0.510784
24440400,h25_load,0.494629
24441300,h25_load,0.477663
24442200,h25_load,0.460697
24443100,h25_load,0.452054
24444000,h25_load,0.439500
24444900,h25_load,0.412578
24445800,h25_load,0.392397
24446700,h25_load,0.368949
24447600,h25_load,0.347777
24448500,h25_load,0.326194
24449400,h25_load,0.308045
24450300,h25_load,0.289497
24451200,h25_load,0.295319
24452100,h25_load,0.278068
24453000,h25_load,0.268086
24453900,h25_load,0.255806
24454800,h25_load,0.245269
24455700,h25_load,0.235958
24456600,h25_load,0.228030
24457500,h25_load,0.220514
24458400,h25_load,0.217441
24459300,h25_load,0.214458
24460200,h25_load,0.212483
24461100,h25_load,0.210597
24462000,h25_load,0.210378
24462900,h25_load,0.209254
24463800,h25_load,0.208802
24464700,h25_load,0.208906
24465600,h25_load,0.211153
24466500,h25_load,0.211760
24467400,h25_load,0.213232
24468300,h25_load,0.219623
24469200,h25_load,0.222736
24470100,h25_load,0.223110
24471000,h25_load,0.227281
24471900,h25_load,0.234112
24472800,h25_load,0.247955
24473700,h25_load,0.258414
24474600,h25_load,0.272128
24475500,h25_load,0.288876
24476400,h25_load,0.310027
24477300,h25_load,0.327098
24478200,h25_load,0.347617
24479100,h25_load,0.365036
24480000,h25_load,0.385710
24480900,h25_load,0.404873
24481800,h25_load,0.417489
24482700,h25_load,0.425198
24483600,h25_load,0.435321
24484500,h25_load,0.447524
24485400,h25_load,0.455246
24486300,h25_load,0.461483
24487200,h25_load,0.467965
24488100,h25_load,0.472524
24489000,h25_load,0.477444
24489900,h25_load,0.484610
24490800,h25_load,0.495922
24491700,h25_load,0.505891
24492600,h25_load,0.514517
24493500,h25_load,0.516234
24494400,h25_load,0.513626
24495300,h25_load,0.505245
24496200,h25_load,0.498130
24497100,h25_load,0.491415
24498000,h25_load,0.483371
24498900,h25_load,0.475558
24499800,h25_load,0.469851
24500700,h25_load,0.463859
24501600,h25_load,0.458552
24502500,h25_load,0.454897
24503400,h25_load,0.453361
24504300,h25_load,0.452276
24505200,h25_load,0.451514
24506100,h25_load,0.449216
24507000,h25_load,0.447305
24507900,h25_load,0.445484
24508800,h25_load,0.447460
24509700,h25_load,0.452405
24510600,h25_load,0.459507
24511500,h25_load,0.464660
24512400,h25_load,0.476268
24513300,h25_load,0.489401
24514200,h25_load,0.507285
24515100,h25_load,0.525893
24516000,h25_load,0.546153
24516900,h25_load,0.568222
24517800,h25_load,0.585938
24518700,h25_load,0.598954
24519600,h25_load,0.604520
24520500,h25_load,0.601447
24521400,h25_load,0.593583
24522300,h25_load,0.575078
24523200,h25_load,0.559867
24524100,h25_load,0.539400
24525000,h25_load,0.519036
24525900,h25_load,0.502985
24526800,h25_load,0.489788
24527700,h25_load,0.476527
24528600,h25_load,0.462038
24529500,h25_load,0.454678
24530400,h25_load,0.447589
24531300,h25_load,0.429291
24532200,h25_load,0.414635
24533100,h25_load,0.396957
24534000,h25_load,0.379034
24534900,h25_load,0.361937
24535800,h25_load,0.348133
24536700,h25_load,0.328493
24537600,h25_load,0.305399
24538500,h25_load,0.287730
24539400,h25_load,0.274429
24540300,h25_load,0.262191
24541200,h25_load,0.252093
24542100,h25_load,0.242629
24543000,h25_load,0.237936
24543900,h25_load,0.229458
24544800,h25_load,0.222639
24545700,h25_load,0.219229
24546600,h25_load,0.215574
24547500,h25_load,0.212670
24548400,h25_load,0.213344
24549300,h25_load,0.211892
24550200,h25_load,0.209649
24551100,h25_load,0.208444
24552000,h25_load,0.209507
24552900,h25_load,0.207977
24553800,h25_load,0.209844
24554700,h25_load,0.215405
24555600,h25_load,0.218439
24556500,h25_load,0.217453
24557400,h25_load,0.222522
24558300,h25_load,0.230456
24559200,h25_load,0.245066
24560100,h25_load,0.255424
24561000,h25_load,0.267364
24561900,h25_load,0.281650
24562800,h25_load,0.302184
24563700,h25_load,0.320787
24564600,h25_load,0.343746
24565500,h25_load,0.368481
24566400,h25_load,0.395640
24567300,h25_load,0.421606
24568200,h25_load,0.439898
24569100,h25_load,0.457412
24570000,h25_load,0.476482
24570900,h25_load,0.494851
24571800,h25_load,0.510369
24572700,h25_load,0.522788
24573600,h25_load,0.535091
24574500,h25_load,0.547523
24575400,h25_load,0.559307
24576300,h25_load,0.573826
24577200,h25_load,0.592066
24578100,h25_load,0.609567
24579000,h25_load,0.621221
24579900,h25_load,0.620133
24580800,h25_load,0.606015
24581700,h25_load,0.590549
24582600,h25_load,0.574902
24583500,h25_load,0.560901
24584400,h25_load,0.543737
24585300,h25_load,0.530877
24586200,h25_load,0.519871
24587100,h25_load,0.508437
24588000,h25_load,0.497898
24588900,h25_load,0.491221
24589800,h25_load,0.484610
24590700,h25_load,0.479671
24591600,h25_load,0.475600
24592500,h25_load,0.471024
24593400,h25_load,0.467990
24594300,h25_load,0.465799
24595200,h25_load,0.467951
24596100,h25_load,0.472994
24597000,h25_load,0.481706
24597900,h25_load,0.494747
24598800,h25_load,0.513156
24599700,h25_load,0.533950
24600600,h25_load,0.555016
24601500,h25_load,0.573178
24602400,h25_load,0.589007
24603300,h25_load,0.602307
24604200,h25_load,0.612912
24605100,h25_load,0.625525
24606000,h25_load,0.631372
24606900,h25_load,0.629350
24607800,h25_load,0.619070
24608700,h25_load,0.600117
24609600,h25_load,0.583640
24610500,h25_load,0.560577
24611400,h25_load,0.535791
24612300,h25_load,0.515658
24613200,h25_load,0.499220
24614100,h25_load,0.482289
24615000,h25_load,0.464088
24615900,h25_load,0.456725
24616800,h25_load,0.439794
24617700,h25_load,0.411948
24618600,h25_load,0.389741
24619500,h25_load,0.366757
24620400,h25_load,0.344978
24621300,h25_load,0.324793
24622200,h25_load,0.306333
24623100,h25_load,0.287548
24624000,h25_load,0.266921
24624900,h25_load,0.250678
24625800,h25_load,0.241815
24626700,h25_load,0.231391
24627600,h25_load,0.223543
24628500,h25_load,0.216176
24629400,h25_load,0.210137
24630300,h25_load,0.204905
24631200,h25_load,0.203422
24632100,h25_load,0.201743
24633000,h25_load,0.200402
24633900,h25_load,0.199882
24634800,h25_load,0.201300
24635700,h25_load,0.201014
24636600,h25_load,0.201548
24637500,h25_load,0.202159
24638400,h25_load,0.206897
24639300,h25_load,0.210124
24640200,h25_load,0.215929
24641100,h25_load,0.227460
24642000,h25_load,0.239147
24642900,h25_load,0.246410
24643800,h25_load,0.259789
24644700,h25_load,0.276122
24645600,h25_load,0.303844
24646500,h25_load,0.325410
24647400,h25_load,0.340325
24648300,h25_load,0.352572
24649200,h25_load,0.358936
24650100,h25_load,0.359144
24651000,h25_load,0.352572
24651900,h25_load,0.344854
24652800,h25_load,0.337448
24653700,h25_load,0.334702
24654600,h25_load,0.329015
24655500,h25_load,0.324941
24656400,h25_load,0.324355
24657300,h25_load,0.324212
24658200,h25_load,0.324694
24659100,h25_load,0.323080
24660000,h25_load,0.321570
24660900,h25_load,0.323522
24661800,h25_load,0.328104
24662700,h25_load,0.332607
24663600,h25_load,0.340884
24664500,h25_load,0.353066
24665400,h25_load,0.363413
24666300,h25_load,0.369530
24667200,h25_load,0.373512
24668100,h25_load,0.372914
24669000,h25_load,0.371365
24669900,h25_load,0.368593
24670800,h25_load,0.366432
24671700,h25_load,0.364194
24672600,h25_load,0.361174
24673500,h25_load,0.356320
24674400,h25_load,0.352884
24675300,h25_load,0.350632
24676200,h25_load,0.349045
24677100,h25_load,0.349760
24678000,h25_load,0.354329
24678900,h25_load,0.354745
24679800,h25_load,0.355994
24680700,h25_load,0.360393
24681600,h25_load,0.371716
24682500,h25_load,0.380098
24683400,h25_load,0.391160
24684300,h25_load,0.406804
24685200,h25_load,0.430452
24686100,h25_load,0.452708
24687000,h25_load,0.476017
24687900,h25_load,0.500615
24688800,h25_load,0.526918
24689700,h25_load,0.549603
24690600,h25_load,0.573876
24691500,h25_load,0.596782
24692400,h25_load,0.608755
24693300,h25_load,0.610994
24694200,h25_load,0.605137
24695100,h25_load,0.590925
24696000,h25_load,0.575450
24696900,h25_load,0.555577
24697800,h25_load,0.534662
24698700,h25_load,0.516832
24699600,h25_load,0.500485
24700500,h25_load,0.483318
24701400,h25_load,0.466152
24702300,h25_load,0.457406
24703200,h25_load,0.444703
24704100,h25_load,0.417463
24705000,h25_load,0.397043
24705900,h25_load,0.373317
24706800,h25_load,0.351895
24707700,h25_load,0.330056
24708600,h25_load,0.311692
24709500,h25_load,0.292925
24710400,h25_load,0.267976
24711300,h25_load,0.251669
24712200,h25_load,0.242771
24713100,h25_load,0.232305
24714000,h25_load,0.224426
24714900,h25_load,0.217030
24715800,h25_load,0.210968
24716700,h25_load,0.205715
24717600,h25_load,0.204225
24718500,h25_load,0.202540
24719400,h25_load,0.201194
24720300,h25_load,0.200671
24721200,h25_load,0.202096
24722100,h25_load,0.201808
24723000,h25_load,0.202344
24723900,h25_load,0.202958
24724800,h25_load,0.207714
24725700,h25_load,0.210955
24726600,h25_load,0.216782
24727500,h25_load,0.228359
24728400,h25_load,0.240092
24729300,h25_load,0.247383
24730200,h25_load,0.260815
24731100,h25_load,0.277214
24732000,h25_load,0.305045
24732900,h25_load,0.326695
24733800,h25_load,0.341669
24734700,h25_load,0.353965
24735600,h25_load,0.360354
24736500,h25_load,0.360563
24737400,h25_load,0.353965
24738300,h25_load,0.346216
24739200,h25_load,0.338782
24740100,h25_load,0.336025
24741000,h25_load,0.330315
24741900,h25_load,0.326225
24742800,h25_load,0.325637
24743700,h25_load,0.325493
24744600,h25_load,0.325977
24745500,h25_load,0.324357
24746400,h25_load,0.322841
24747300,h25_load,0.324801
24748200,h25_load,0.329400
24749100,h25_load,0.333921
24750000,h25_load,0.342231
24750900,h25_load,0.354461
24751800,h25_load,0.364849
24752700,h25_load,0.370990
24753600,h25_load,0.374988
24754500,h25_load,0.374387
24755400,h25_load,0.372832
24756300,h25_load,0.370049
24757200,h25_load,0.367880
24758100,h25_load,0.365633
24759000,h25_load,0.362601
24759900,h25_load,0.357728
24760800,h25_load,0.354278
24761700,h25_load,0.352018
24762600,h25_load,0.350424
24763500,h25_load,0.351142
24764400,h25_load,0.355729
24765300,h25_load,0.356147
24766200,h25_load,0.357401
24767100,h25_load,0.361818
24768000,h25_load,0.373185
24768900,h25_load,0.381600
24769800,h25_load,0.392706
24770700,h25_load,0.408412
24771600,h25_load,0.432153
24772500,h25_load,0.454496
24773400,h25_load,0.477898
24774300,h25_load,0.502593
24775200,h25_load,0.529000
24776100,h25_load,0.551775
24777000,h25_load,0.576143
24777900,h25_load,0.599140
24778800,h25_load,0.611161
24779700,h25_load,0.613408
24780600,h25_load,0.607528
24781500,h25_load,0.593260
24782400,h25_load,0.577724
24783300,h25_load,0.557772
24784200,h25_load,0.536775
24785100,h25_load,0.518874
24786000,h25_load,0.502463
24786900,h25_load,0.485228
24787800,h25_load,0.467994
24788700,h25_load,0.459213
24789600,h25_load,0.446461
24790500,h25_load,0.419113
24791400,h25_load,0.398612
24792300,h25_load,0.374792
24793200,h25_load,0.353285
24794100,h25_load,0.331360
24795000,h25_load,0.312924
24795900,h25_load,0.294082
24796800,h25_load,0.269037
24797700,h25_load,0.252666
24798600,h25_load,0.243732
24799500,h25_load,0.233225
24800400,h25_load,0.225315
24801300,h25_load,0.217890
24802200,h25_load,0.211803
24803100,h25_load,0.206530
24804000,h25_load,0.205034
24804900,h25_load,0.203342
24805800,h25_load,0.201991
24806700,h25_load,0.201466
24807600,h25_load,0.202896
24808500,h25_load,0.202607
24809400,h25_load,0.203145
24810300,h25_load,0.203762
24811200,h25_load,0.208537
24812100,h25_load,0.211790
24813000,h25_load,0.217641
24813900,h25_load,0.229263
24814800,h25_load,0.241043
24815700,h25_load,0.248363
24816600,h25_load,0.261848
24817500,h25_load,0.278311
24818400,h25_load,0.306253
24819300,h25_load,0.327989
24820200,h25_load,0.343022
24821100,h25_load,0.355366
24822000,h25_load,0.361781
24822900,h25_load,0.361991
24823800,h25_load,0.355366
24824700,h25_load,0.347587
24825600,h25_load,0.340123
24826500,h25_load,0.337355
24827400,h25_load,0.331623
24828300,h25_load,0.327517
24829200,h25_load,0.326927
24830100,h25_load,0.326782
24831000,h25_load,0.327268
24831900,h25_load,0.325641
24832800,h25_load,0.324119
24833700,h25_load,0.326087
24834600,h25_load,0.330705
24835500,h25_load,0.335243
24836400,h25_load,0.343586
24837300,h25_load,0.355865
24838200,h25_load,0.366294
24839100,h25_load,0.372459
24840000,h25_load,0.376473
24840900,h25_load,0.375870
24841800,h25_load,0.374309
24842700,h25_load,0.371515
24843600,h25_load,0.369337
24844500,h25_load,0.367081
24845400,h25_load,0.364037
24846300,h25_load,0.359144
24847200,h25_load,0.355681
24848100,h25_load,0.353412
24849000,h25_load,0.351811
24849900,h25_load,0.352533
24850800,h25_load,0.357137
24851700,h25_load,0.357557
24852600,h25_load,0.358816
24853500,h25_load,0.363250
24854400,h25_load,0.374663
24855300,h25_load,0.383111
24856200,h25_load,0.394261
24857100,h25_load,0.410029
24858000,h25_load,0.433864
24858900,h25_load,0.456296
24859800,h25_load,0.479790
24860700,h25_load,0.504583
24861600,h25_load,0.531095
24862500,h25_load,0.553960
24863400,h25_load,0.578425
24864300,h25_load,0.601512
24865200,h25_load,0.613581
24866100,h25_load,0.615837
24867000,h25_load,0.609934
24867900,h25_load,0.595609
24868800,h25_load,0.580012
24869700,h25_load,0.559981
24870600,h25_load,0.538900
24871500,h25_load,0.520928
24872400,h25_load,0.504452
24873300,h25_load,0.487150
24874200,h25_load,0.469847
24875100,h25_load,0.461032
24876000,h25_load,0.448229
24876900,h25_load,0.420773
24877800,h25_load,0.400190
24878700,h25_load,0.376276
24879600,h25_load,0.354684
24880500,h25_load,0.332672
24881400,h25_load,0.314163
24882300,h25_load,0.295247
24883200,h25_load,0.270104
24884100,h25_load,0.253668
24885000,h25_load,0.244699
24885900,h25_load,0.234150
24886800,h25_load,0.226208
24887700,h25_load,0.218754
24888600,h25_load,0.212643
24889500,h25_load,0.207349
24890400,h25_load,0.205848
24891300,h25_load,0.204149
24892200,h25_load,0.202792
24893100,h25_load,0.202265
24894000,h25_load,0.203701
24894900,h25_load,0.203411
24895800,h25_load,0.203951
24896700,h25_load,0.204570
24897600,h25_load,0.209364
24898500,h25_load,0.212630
24899400,h25_load,0.218504
24900300,h25_load,0.230173
24901200,h25_load,0.241999
24902100,h25_load,0.249348
24903000,h25_load,0.262887
24903900,h25_load,0.279415
24904800,h25_load,0.307468
24905700,h25_load,0.329290
24906600,h25_load,0.344383
24907500,h25_load,0.356776
24908400,h25_load,0.363216
24909300,h25_load,0.363427
24910200,h25_load,0.356776
24911100,h25_load,0.348966
24912000,h25_load,0.341473
24912900,h25_load,0.338694
24913800,h25_load,0.332938
24914700,h25_load,0.328816
24915600,h25_load,0.328224
24916500,h25_load,0.328079
24917400,h25_load,0.328566
24918300,h25_load,0.326933
24919200,h25_load,0.325405
24920100,h25_load,0.327381
24921000,h25_load,0.332017
24921900,h25_load,0.336573
24922800,h25_load,0.344949
24923700,h25_load,0.357277
24924600,h25_load,0.367747
24925500,h25_load,0.373937
24926400,h25_load,0.377967
24927300,h25_load,0.377361
24928200,h25_load,0.375794
24929100,h25_load,0.372988
24930000,h25_load,0.370802
24930900,h25_load,0.368537
24931800,h25_load,0.365482
24932700,h25_load,0.360569
24933600,h25_load,0.357092
24934500,h25_load,0.354814
24935400,h25_load,0.353207
24936300,h25_load,0.353931
24937200,h25_load,0.358554
24938100,h25_load,0.358976
24939000,h25_load,0.360240
24939900,h25_load,0.364691
24940800,h25_load,0.376149
24941700,h25_load,0.384631
24942600,h25_load,0.395825
24943500,h25_load,0.411656
24944400,h25_load,0.435586
24945300,h25_load,0.458106
24946200,h25_load,0.481694
24947100,h25_load,0.506585
24948000,h25_load,0.533202
24948900,h25_load,0.556157
24949800,h25_load,0.580719
24950700,h25_load,0.603899
24951600,h25_load,0.616015
24952500,h25_load,0.618280
24953400,h25_load,0.612354
24954300,h25_load,0.597972
24955200,h25_load,0.582313
24956100,h25_load,0.562202
24957000,h25_load,0.541038
24957900,h25_load,0.522995
24958800,h25_load,0.506454
24959700,h25_load,0.489082
24960600,h25_load,0.471711
24961500,h25_load,0.462861
24962400,h25_load,0.450007
24963300,h25_load,0.422442
24964200,h25_load,0.401778
24965100,h25_load,0.377769
24966000,h25_load,0.356091
24966900,h25_load,0.333992
24967800,h25_load,0.315409
24968700,h25_load,0.296418
24969600,h25_load,0.271178
24970500,h25_load,0.254676
24971400,h25_load,0.245672
24972300,h25_load,0.235080
24973200,h25_load,0.227107
24974100,h25_load,0.219624
24975000,h25_load,0.213488
24975900,h25_load,0.208173
24976800,h25_load,0.206666
24977700,h25_load,0.204960
24978600,h25_load,0.203598
24979500,h25_load,0.203069
24980400,h25_load,0.204510
24981300,h25_load,0.204219
24982200,h25_load,0.204762
24983100,h25_load,0.205383
24984000,h25_load,0.210196
24984900,h25_load,0.213475
24985800,h25_load,0.219372
24986700,h25_load,0.231087
24987600,h25_load,0.242961
24988500,h25_load,0.250339
24989400,h25_load,0.263932
24990300,h25_load,0.280526
24991200,h25_load,0.308689
24992100,h25_load,0.330599
24993000,h25_load,0.345752
24993900,h25_load,0.358194
24994800,h25_load,0.364660
24995700,h25_load,0.364871
24996600,h25_load,0.358194
24997500,h25_load,0.350353
24998400,h25_load,0.342830
24999300,h25_load,0.340040
25000200,h25_load,0.334261
25001100,h25_load,0.330123
25002000,h25_load,0.329528
25002900,h25_load,0.329382
25003800,h25_load,0.329872
25004700,h25_load,0.328232
25005600,h25_load,0.326698
25006500,h25_load,0.328682
25007400,h25_load,0.333336
25008300,h25_load,0.337911
25009200,h25_load,0.346320
25010100,h25_load,0.358696
25011000,h25_load,0.369208
25011900,h25_load,0.375423
25012800,h25_load,0.379469
25013700,h25_load,0.378860
25014600,h25_load,0.377287
25015500,h25_load,0.374471
25016400,h25_load,0.372276
25017300,h25_load,0.370002
25018200,h25_load,0.366934
25019100,h25_load,0.362002
25020000,h25_load,0.358511
25020900,h25_load,0.356224
25021800,h25_load,0.354611
25022700,h25_load,0.355338
25023600,h25_load,0.359979
25024500,h25_load,0.360402
25025400,h25_load,0.361671
25026300,h25_load,0.366141
25027200,h25_load,0.377644
25028100,h25_load,0.386159
25029000,h25_load,0.397398
25029900,h25_load,0.413292
25030800,h25_load,0.437317
25031700,h25_load,0.459927
25032600,h25_load,0.483608
25033500,h25_load,0.508598
25034400,h25_load,0.535321
25035300,h25_load,0.558367
25036200,h25_load,0.583027
25037100,h25_load,0.606298
25038000,h25_load,0.618463
25038900,h25_load,0.620737
25039800,h25_load,0.614787
25040700,h25_load,0.600348
25041600,h25_load,0.584627
25042500,h25_load,0.564436
25043400,h25_load,0.543188
25044300,h25_load,0.525073
25045200,h25_load,0.508466
25046100,h25_load,0.491026
25047000,h25_load,0.473586
25047900,h25_load,0.464700
25048800,h25_load,0.451795
25049700,h25_load,0.424121
25050600,h25_load,0.403375
25051500,h25_load,0.379270
25052400,h25_load,0.357506
25053300,h25_load,0.335319
25054200,h25_load,0.316662
25055100,h25_load,0.297596
25056000,h25_load,0.303599
25056900,h25_load,0.285864
25057800,h25_load,0.275602
25058700,h25_load,0.262977
25059600,h25_load,0.252145
25060500,h25_load,0.242574
25061400,h25_load,0.234423
25062300,h25_load,0.226697
25063200,h25_load,0.223537
25064100,h25_load,0.220471
25065000,h25_load,0.218440
25065900,h25_load,0.216502
25066800,h25_load,0.216276
25067700,h25_load,0.215121
25068600,h25_load,0.214656
25069500,h25_load,0.214763
25070400,h25_load,0.217073
25071300,h25_load,0.217696
25072200,h25_load,0.219210
25073100,h25_load,0.225781
25074000,h25_load,0.228980
25074900,h25_load,0.229365
25075800,h25_load,0.233653
25076700,h25_load,0.240675
25077600,h25_load,0.254906
25078500,h25_load,0.265659
25079400,h25_load,0.279757
25080300,h25_load,0.296975
25081200,h25_load,0.318719
25082100,h25_load,0.336269
25083000,h25_load,0.357363
25083900,h25_load,0.375271
25084800,h25_load,0.396524
25085700,h25_load,0.416224
25086600,h25_load,0.429194
25087500,h25_load,0.437119
25088400,h25_load,0.447526
25089300,h25_load,0.460071
25090200,h25_load,0.468010
25091100,h25_load,0.474421
25092000,h25_load,0.481085
25092900,h25_load,0.485771
25093800,h25_load,0.490829
25094700,h25_load,0.498197
25095600,h25_load,0.509826
25096500,h25_load,0.520074
25097400,h25_load,0.528942
25098300,h25_load,0.530707
25099200,h25_load,0.528026
25100100,h25_load,0.519410
25101000,h25_load,0.512096
25101900,h25_load,0.505193
25102800,h25_load,0.496922
25103700,h25_load,0.488891
25104600,h25_load,0.483024
25105500,h25_load,0.476864
25106400,h25_load,0.471408
25107300,h25_load,0.467651
25108200,h25_load,0.466071
25109100,h25_load,0.464956
25110000,h25_load,0.464173
25110900,h25_load,0.461810
25111800,h25_load,0.459845
25112700,h25_load,0.457974
25113600,h25_load,0.460005
25114500,h25_load,0.465089
25115400,h25_load,0.472390
25116300,h25_load,0.477687
25117200,h25_load,0.489621
25118100,h25_load,0.503122
25119000,h25_load,0.521508
25119900,h25_load,0.540637
25120800,h25_load,0.561465
25121700,h25_load,0.584152
25122600,h25_load,0.602366
25123500,h25_load,0.615747
25124400,h25_load,0.621468
25125300,h25_load,0.618309
25126200,h25_load,0.610224
25127100,h25_load,0.591201
25128000,h25_load,0.575563
25128900,h25_load,0.554523
25129800,h25_load,0.533588
25130700,h25_load,0.517087
25131600,h25_load,0.503520
25132500,h25_load,0.489887
25133400,h25_load,0.474992
25134300,h25_load,0.467425
25135200,h25_load,0.460137
25136100,h25_load,0.441327
25137000,h25_load,0.426260
25137900,h25_load,0.408086
25138800,h25_load,0.389661
25139700,h25_load,0.372085
25140600,h25_load,0.357894
25141500,h25_load,0.337702
25142400,h25_load,0.313978
25143300,h25_load,0.295812
25144200,h25_load,0.282138
25145100,h25_load,0.269556
25146000,h25_load,0.259174
25146900,h25_load,0.249444
25147800,h25_load,0.244620
25148700,h25_load,0.235903
25149600,h25_load,0.228893
25150500,h25_load,0.225388
25151400,h25_load,0.221629
25152300,h25_load,0.218644
25153200,h25_load,0.219337
25154100,h25_load,0.217844
25155000,h25_load,0.215538
25155900,h25_load,0.214299
25156800,h25_load,0.215392
25157700,h25_load,0.213819
25158600,h25_load,0.215738
25159500,h25_load,0.221456
25160400,h25_load,0.224575
25161300,h25_load,0.223562
25162200,h25_load,0.228773
25163100,h25_load,0.236930
25164000,h25_load,0.251950
25164900,h25_load,0.262599
25165800,h25_load,0.274874
25166700,h25_load,0.289561
25167600,h25_load,0.310673
25168500,h25_load,0.329798
25169400,h25_load,0.353402
25170300,h25_load,0.378831
25171200,h25_load,0.406753
25172100,h25_load,0.433449
25173000,h25_load,0.452255
25173900,h25_load,0.470261
25174800,h25_load,0.489866
25175700,h25_load,0.508751
25176600,h25_load,0.524705
25177500,h25_load,0.537473
25178400,h25_load,0.550121
25179300,h25_load,0.562903
25180200,h25_load,0.575018
25181100,h25_load,0.589945
25182000,h25_load,0.608697
25182900,h25_load,0.626690
25183800,h25_load,0.638672
25184700,h25_load,0.637552
25185600,h25_load,0.623038
25186500,h25_load,0.607138
25187400,h25_load,0.591051
25188300,h25_load,0.576657
25189200,h25_load,0.559011
25190100,h25_load,0.545790
25191000,h25_load,0.534474
25191900,h25_load,0.522719
25192800,h25_load,0.511884
25193700,h25_load,0.505020
25194600,h25_load,0.498222
25195500,h25_load,0.493145
25196400,h25_load,0.488960
25197300,h25_load,0.484255
25198200,h25_load,0.481136
25199100,h25_load,0.478884
25200000,h25_load,0.481096
25200900,h25_load,0.486281
25201800,h25_load,0.495237
25202700,h25_load,0.508645
25203600,h25_load,0.527570
25204500,h25_load,0.548948
25205400,h25_load,0.570606
25206300,h25_load,0.589278
25207200,h25_load,0.605552
25208100,h25_load,0.619226
25209000,h25_load,0.630128
25209900,h25_load,0.643096
25210800,h25_load,0.649107
25211700,h25_load,0.647028
25212600,h25_load,0.636459
25213500,h25_load,0.616974
25214400,h25_load,0.600034
25215300,h25_load,0.576324
25216200,h25_load,0.550841
25217100,h25_load,0.530143
25218000,h25_load,0.513243
25218900,h25_load,0.495837
25219800,h25_load,0.477124
25220700,h25_load,0.469554
25221600,h25_load,0.452148
25222500,h25_load,0.423520
25223400,h25_load,0.400689
25224300,h25_load,0.377059
25225200,h25_load,0.354668
25226100,h25_load,0.333916
25227000,h25_load,0.314938
25227900,h25_load,0.295626
25228800,h25_load,0.274431
25229700,h25_load,0.257732
25230600,h25_load,0.248619
25231500,h25_load,0.237901
25232400,h25_load,0.229832
25233300,h25_load,0.222259
25234200,h25_load,0.216050
25235100,h25_load,0.210671
25236000,h25_load,0.209145
25236900,h25_load,0.207419
25237800,h25_load,0.206041
25238700,h25_load,0.205506
25239600,h25_load,0.206964
25240500,h25_load,0.206670
25241400,h25_load,0.207218
25242300,h25_load,0.207847
25243200,h25_load,0.212718
25244100,h25_load,0.216037
25245000,h25_load,0.222004
25245900,h25_load,0.233860
25246800,h25_load,0.245876
25247700,h25_load,0.253343
25248600,h25_load,0.267098
25249500,h25_load,0.283892
25250400,h25_load,0.312393
25251300,h25_load,0.334566
25252200,h25_load,0.349900
25253100,h25_load,0.362492
25254000,h25_load,0.369035
25254900,h25_load,0.369249
25255800,h25_load,0.362492
25256700,h25_load,0.354557
25257600,h25_load,0.346943
25258500,h25_load,0.344120
25259400,h25_load,0.338272
25260300,h25_load,0.334084
25261200,h25_load,0.333482
25262100,h25_load,0.333335
25263000,h25_load,0.333830
25263900,h25_load,0.332170
25264800,h25_load,0.330618
25265700,h25_load,0.332625
25266600,h25_load,0.337335
25267500,h25_load,0.341965
25268400,h25_load,0.350476
25269300,h25_load,0.363000
25270200,h25_load,0.373638
25271100,h25_load,0.379927
25272000,h25_load,0.384022
25272900,h25_load,0.383406
25273800,h25_load,0.381814
25274700,h25_load,0.378964
25275600,h25_load,0.376743
25276500,h25_load,0.374441
25277400,h25_load,0.371337
25278300,h25_load,0.366345
25279200,h25_load,0.362813
25280100,h25_load,0.360498
25281000,h25_load,0.358865
25281900,h25_load,0.359601
25282800,h25_load,0.364298
25283700,h25_load,0.364726
25284600,h25_load,0.366011
25285500,h25_load,0.370534
25286400,h25_load,0.382175
25287300,h25_load,0.390793
25288200,h25_load,0.402166
25289100,h25_load,0.418250
25290000,h25_load,0.442564
25290900,h25_load,0.465445
25291800,h25_load,0.489411
25292700,h25_load,0.514701
25293600,h25_load,0.541744
25294500,h25_load,0.565067
25295400,h25_load,0.590023
25296300,h25_load,0.613573
25297200,h25_load,0.625884
25298100,h25_load,0.628185
25299000,h25_load,0.622164
25299900,h25_load,0.607552
25300800,h25_load,0.591642
25301700,h25_load,0.571209
25302600,h25_load,0.549706
25303500,h25_load,0.531374
25304400,h25_load,0.514567
25305300,h25_load,0.496917
25306200,h25_load,0.479268
25307100,h25_load,0.470276
25308000,h25_load,0.457216
25308900,h25_load,0.429210
25309800,h25_load,0.408215
25310700,h25_load,0.383821
25311600,h25_load,0.361796
25312500,h25_load,0.339343
25313400,h25_load,0.320462
25314300,h25_load,0.301167
25315200,h25_load,0.275526
25316100,h25_load,0.258760
25317000,h25_load,0.249611
25317900,h25_load,0.238850
25318800,h25_load,0.230749
25319700,h25_load,0.223146
25320600,h25_load,0.216912
25321500,h25_load,0.211511
25322400,h25_load,0.209980
25323300,h25_load,0.208247
25324200,h25_load,0.206863
25325100,h25_load,0.206326
25326000,h25_load,0.207790
25326900,h25_load,0.207494
25327800,h25_load,0.208045
25328700,h25_load,0.208677
25329600,h25_load,0.213567
25330500,h25_load,0.216899
25331400,h25_load,0.222890
25332300,h25_load,0.234793
25333200,h25_load,0.246857
25334100,h25_load,0.254354
25335000,h25_load,0.268164
25335900,h25_load,0.285024
25336800,h25_load,0.313640
25337700,h25_load,0.335901
25338600,h25_load,0.351296
25339500,h25_load,0.363938
25340400,h25_load,0.370508
25341300,h25_load,0.370723
25342200,h25_load,0.363938
25343100,h25_load,0.355972
25344000,h25_load,0.348327
25344900,h25_load,0.345493
25345800,h25_load,0.339622
25346700,h25_load,0.335417
25347600,h25_load,0.334812
25348500,h25_load,0.334665
25349400,h25_load,0.335162
25350300,h25_load,0.333496
25351200,h25_load,0.331937
25352100,h25_load,0.333953
25353000,h25_load,0.338682
25353900,h25_load,0.343330
25354800,h25_load,0.351874
25355700,h25_load,0.364449
25356600,h25_load,0.375129
25357500,h25_load,0.381443
25358400,h25_load,0.385554
25359300,h25_load,0.384936
25360200,h25_load,0.383337
25361100,h25_load,0.380476
25362000,h25_load,0.378246
25362900,h25_load,0.375935
25363800,h25_load,0.372818
25364700,h25_load,0.367807
25365600,h25_load,0.364261
25366500,h25_load,0.361936
25367400,h25_load,0.360297
25368300,h25_load,0.361036
25369200,h25_load,0.365752
25370100,h25_load,0.366182
25371000,h25_load,0.367471
25371900,h25_load,0.372012
25372800,h25_load,0.383700
25373700,h25_load,0.392352
25374600,h25_load,0.403771
25375500,h25_load,0.419919
25376400,h25_load,0.444330
25377300,h25_load,0.467303
25378200,h25_load,0.491364
25379100,h25_load,0.516755
25380000,h25_load,0.543906
25380900,h25_load,0.567322
25381800,h25_load,0.592377
25382700,h25_load,0.616021
25383600,h25_load,0.628381
25384500,h25_load,0.630692
25385400,h25_load,0.624646
25386300,h25_load,0.609976
25387200,h25_load,0.594002
25388100,h25_load,0.573488
25389000,h25_load,0.551899
25389900,h25_load,0.533494
25390800,h25_load,0.516620
25391700,h25_load,0.498900
25392600,h25_load,0.481180
25393500,h25_load,0.472152
25394400,h25_load,0.459040
25395300,h25_load,0.430922
25396200,h25_load,0.409844
25397100,h25_load,0.385353
25398000,h25_load,0.363240
25398900,h25_load,0.340697
25399800,h25_load,0.321741
25400700,h25_load,0.302368
25401600,h25_load,0.276626
25402500,h25_load,0.259793
25403400,h25_load,0.250608
25404300,h25_load,0.239804
25405200,h25_load,0.231671
25406100,h25_load,0.224036
25407000,h25_load,0.217778
25407900,h25_load,0.212356
25408800,h25_load,0.210818
25409700,h25_load,0.209078
25410600,h25_load,0.207689
25411500,h25_load,0.207149
25412400,h25_load,0.208620
25413300,h25_load,0.208323
25414200,h25_load,0.208876
25415100,h25_load,0.209510
25416000,h25_load,0.214419
25416900,h25_load,0.217764
25417800,h25_load,0.223780
25418700,h25_load,0.235731
25419600,h25_load,0.247843
25420500,h25_load,0.255369
25421400,h25_load,0.269235
25422300,h25_load,0.286162
25423200,h25_load,0.314892
25424100,h25_load,0.337242
25425000,h25_load,0.352699
25425900,h25_load,0.365391
25426800,h25_load,0.371987
25427700,h25_load,0.372203
25428600,h25_load,0.365391
25429500,h25_load,0.357393
25430400,h25_load,0.349718
25431300,h25_load,0.346872
25432200,h25_load,0.340978
25433100,h25_load,0.336756
25434000,h25_load,0.336149
25434900,h25_load,0.336001
25435800,h25_load,0.336500
25436700,h25_load,0.334827
25437600,h25_load,0.333263
25438500,h25_load,0.335286
25439400,h25_load,0.340034
25440300,h25_load,0.344700
25441200,h25_load,0.353279
25442100,h25_load,0.365904
25443000,h25_load,0.376627
25443900,h25_load,0.382966
25444800,h25_load,0.387093
25445700,h25_load,0.386473
25446600,h25_load,0.384868
25447500,h25_load,0.381995
25448400,h25_load,0.379756
25449300,h25_load,0.377436
25450200,h25_load,0.374307
25451100,h25_load,0.369276
25452000,h25_load,0.365715
25452900,h25_load,0.363381
25453800,h25_load,0.361736
25454700,h25_load,0.362478
25455600,h25_load,0.367212
25456500,h25_load,0.367644
25457400,h25_load,0.368938
25458300,h25_load,0.373497
25459200,h25_load,0.385232
25460100,h25_load,0.393918
25461000,h25_load,0.405383
25461900,h25_load,0.421596
25462800,h25_load,0.446104
25463700,h25_load,0.469168
25464600,h25_load,0.493325
25465500,h25_load,0.518818
25466400,h25_load,0.546077
25467300,h25_load,0.569587
25468200,h25_load,0.594742
25469100,h25_load,0.618481
25470000,h25_load,0.630890
25470900,h25_load,0.633210
25471800,h25_load,0.627140
25472700,h25_load,0.612411
25473600,h25_load,0.596374
25474500,h25_load,0.575778
25475400,h25_load,0.554102
25476300,h25_load,0.535624
25477200,h25_load,0.518683
25478100,h25_load,0.500892
25479000,h25_load,0.483101
25479900,h25_load,0.474037
25480800,h25_load,0.460873
25481700,h25_load,0.432642
25482600,h25_load,0.411480
25483500,h25_load,0.386891
25484400,h25_load,0.364690
25485300,h25_load,0.342057
25486200,h25_load,0.323025
25487100,h25_load,0.303575
25488000,h25_load,0.277731
25488900,h25_load,0.260830
25489800,h25_load,0.251608
25490700,h25_load,0.240761
25491600,h25_load,0.232596
25492500,h25_load,0.224931
25493400,h25_load,0.218647
25494300,h25_load,0.213204
25495200,h25_load,0.211660
25496100,h25_load,0.209913
25497000,h25_load,0.208518
25497900,h25_load,0.207976
25498800,h25_load,0.209453
25499700,h25_load,0.209155
25500600,h25_load,0.209710
25501500,h25_load,0.210346
25502400,h25_load,0.215276
25503300,h25_load,0.218634
25504200,h25_load,0.224674
25505100,h25_load,0.236672
25506000,h25_load,0.248832
25506900,h25_load,0.256389
25507800,h25_load,0.270310
25508700,h25_load,0.287305
25509600,h25_load,0.316149
25510500,h25_load,0.338588
25511400,h25_load,0.354107
25512300,h25_load,0.366850
25513200,h25_load,0.373472
25514100,h25_load,0.373689
25515000,h25_load,0.366850
25515900,h25_load,0.358820
25516800,h25_load,0.351114
25517700,h25_load,0.348257
25518600,h25_load,0.342339
25519500,h25_load,0.338101
25520400,h25_load,0.337491
25521300,h25_load,0.337342
25522200,h25_load,0.337843
25523100,h25_load,0.336164
25524000,h25_load,0.334593
25524900,h25_load,0.336624
25525800,h25_load,0.341391
25526700,h25_load,0.346077
25527600,h25_load,0.354689
25528500,h25_load,0.367365
25529400,h25_load,0.378130
25530300,h25_load,0.384495
25531200,h25_load,0.388639
25532100,h25_load,0.388016
25533000,h25_load,0.386405
25533900,h25_load,0.383520
25534800,h25_load,0.381272
25535700,h25_load,0.378943
25536600,h25_load,0.375801
25537500,h25_load,0.370750
25538400,h25_load,0.367175
25539300,h25_load,0.364832
25540200,h25_load,0.363180
25541100,h25_load,0.363925
25542000,h25_load,0.368678
25542900,h25_load,0.369112
25543800,h25_load,0.370412
25544700,h25_load,0.374989
25545600,h25_load,0.386770
25546500,h25_load,0.395491
25547400,h25_load,0.407002
25548300,h25_load,0.423279
25549200,h25_load,0.447885
25550100,h25_load,0.471041
25551000,h25_load,0.495295
25551900,h25_load,0.520889
25552800,h25_load,0.548257
25553700,h25_load,0.571861
25554600,h25_load,0.597116
25555500,h25_load,0.620950
25556400,h25_load,0.633409
25557300,h25_load,0.635738
25558200,h25_load,0.629644
25559100,h25_load,0.614856
25560000,h25_load,0.598755
25560900,h25_load,0.578077
25561800,h25_load,0.556315
25562700,h25_load,0.537762
25563600,h25_load,0.520754
25564500,h25_load,0.502892
25565400,h25_load,0.485030
25566300,h25_load,0.475930
25567200,h25_load,0.462713
25568100,h25_load,0.434370
25569000,h25_load,0.413123
25569900,h25_load,0.388436
25570800,h25_load,0.366146
25571700,h25_load,0.343423
25572600,h25_load,0.324315
25573500,h25_load,0.304787
25574400,h25_load,0.278840
25575300,h25_load,0.261872
25576200,h25_load,0.252613
25577100,h25_load,0.241723
25578000,h25_load,0.233524
25578900,h25_load,0.225829
25579800,h25_load,0.219520
25580700,h25_load,0.214055
25581600,h25_load,0.212505
25582500,h25_load,0.210751
25583400,h25_load,0.209351
25584300,h25_load,0.208807
25585200,h25_load,0.210289
25586100,h25_load,0.209990
25587000,h25_load,0.210547
25587900,h25_load,0.211186
25588800,h25_load,0.216135
25589700,h25_load,0.219507
25590600,h25_load,0.225571
25591500,h25_load,0.237617
25592400,h25_load,0.249826
25593300,h25_load,0.257412
25594200,h25_load,0.271389
25595100,h25_load,0.288452
25596000,h25_load,0.317411
25596900,h25_load,0.339940
25597800,h25_load,0.355521
25598700,h25_load,0.368315
25599600,h25_load,0.374963
25600500,h25_load,0.375181
25601400,h25_load,0.368315
25602300,h25_load,0.360252
25603200,h25_load,0.352516
25604100,h25_load,0.349647
25605000,h25_load,0.343706
25605900,h25_load,0.339451
25606800,h25_load,0.338839
25607700,h25_load,0.338689
25608600,h25_load,0.339192
25609500,h25_load,0.337506
25610400,h25_load,0.335929
25611300,h25_load,0.337969
25612200,h25_load,0.342754
25613100,h25_load,0.347459
25614000,h25_load,0.356106
25614900,h25_load,0.368831
25615800,h25_load,0.379640
25616700,h25_load,0.386030
25617600,h25_load,0.390191
25618500,h25_load,0.389565
25619400,h25_load,0.387947
25620300,h25_load,0.385051
25621200,h25_load,0.382794
25622100,h25_load,0.380456
25623000,h25_load,0.377302
25623900,h25_load,0.372230
25624800,h25_load,0.368641
25625700,h25_load,0.366289
25626600,h25_load,0.364630
25627500,h25_load,0.365378
25628400,h25_load,0.370150
25629300,h25_load,0.370585
25630200,h25_load,0.371890
25631100,h25_load,0.376486
25632000,h25_load,0.388314
25632900,h25_load,0.397070
25633800,h25_load,0.408627
25634700,h25_load,0.424969
25635600,h25_load,0.449673
25636500,h25_load,0.472922
25637400,h25_load,0.497273
25638300,h25_load,0.522969
25639200,h25_load,0.550446
25640100,h25_load,0.574144
25641000,h25_load,0.599501
25641900,h25_load,0.623429
25642800,h25_load,0.635938
25643700,h25_load,0.638276
25644600,h25_load,0.632158
25645500,h25_load,0.617311
25646400,h25_load,0.601146
25647300,h25_load,0.580385
25648200,h25_load,0.558536
25649100,h25_load,0.539909
25650000,h25_load,0.522833
25650900,h25_load,0.504900
25651800,h25_load,0.486967
25652700,h25_load,0.477830
25653600,h25_load,0.464561
25654500,h25_load,0.436104
25655400,h25_load,0.414772
25656300,h25_load,0.389987
25657200,h25_load,0.367608
25658100,h25_load,0.344794
25659000,h25_load,0.325610
25659900,h25_load,0.306004
25660800,h25_load,0.312181
25661700,h25_load,0.293944
25662600,h25_load,0.283393
25663500,h25_load,0.270411
25664400,h25_load,0.259273
25665300,h25_load,0.249431
25666200,h25_load,0.241050
25667100,h25_load,0.233105
25668000,h25_load,0.229856
25668900,h25_load,0.226703
25669800,h25_load,0.224615
25670700,h25_load,0.222622
25671600,h25_load,0.222390
25672500,h25_load,0.221202
25673400,h25_load,0.220724
25674300,h25_load,0.220834
25675200,h25_load,0.223209
25676100,h25_load,0.223850
25677000,h25_load,0.225406
25677900,h25_load,0.232163
25678800,h25_load,0.235453
25679700,h25_load,0.235849
25680600,h25_load,0.240258
25681500,h25_load,0.247479
25682400,h25_load,0.262112
25683300,h25_load,0.273169
25684200,h25_load,0.287665
25685100,h25_load,0.305369
25686000,h25_load,0.327729
25686900,h25_load,0.345774
25687800,h25_load,0.367464
25688700,h25_load,0.385879
25689600,h25_load,0.407733
25690500,h25_load,0.427990
25691400,h25_load,0.441326
25692300,h25_load,0.449475
25693200,h25_load,0.460177
25694100,h25_load,0.473076
25695000,h25_load,0.481239
25695900,h25_load,0.487832
25696800,h25_load,0.494685
25697700,h25_load,0.499503
25698600,h25_load,0.504704
25699500,h25_load,0.512280
25700400,h25_load,0.524237
25701300,h25_load,0.534775
25702200,h25_load,0.543894
25703100,h25_load,0.545709
25704000,h25_load,0.542952
25704900,h25_load,0.534093
25705800,h25_load,0.526572
25706700,h25_load,0.519473
25707600,h25_load,0.510969
25708500,h25_load,0.502711
25709400,h25_load,0.496678
25710300,h25_load,0.490344
25711200,h25_load,0.484734
25712100,h25_load,0.480871
25713000,h25_load,0.479246
25713900,h25_load,0.478100
25714800,h25_load,0.477294
25715700,h25_load,0.474864
25716600,h25_load,0.472844
25717500,h25_load,0.470920
25718400,h25_load,0.473008
25719300,h25_load,0.478236
25720200,h25_load,0.485744
25721100,h25_load,0.491190
25722000,h25_load,0.503462
25722900,h25_load,0.517344
25723800,h25_load,0.536250
25724700,h25_load,0.555920
25725600,h25_load,0.577337
25726500,h25_load,0.600665
25727400,h25_load,0.619393
25728300,h25_load,0.633153
25729200,h25_load,0.639036
25730100,h25_load,0.635787
25731000,h25_load,0.627474
25731900,h25_load,0.607913
25732800,h25_load,0.591833
25733700,h25_load,0.570198
25734600,h25_load,0.548671
25735500,h25_load,0.531704
25736400,h25_load,0.517754
25737300,h25_load,0.503735
25738200,h25_load,0.488419
25739100,h25_load,0.480639
25740000,h25_load,0.473145
25740900,h25_load,0.453802
25741800,h25_load,0.438309
25742700,h25_load,0.419622
25743600,h25_load,0.400675
25744500,h25_load,0.382603
25745400,h25_load,0.368010
25746300,h25_load,0.347248
25747200,h25_load,0.322855
25748100,h25_load,0.304176
25749000,h25_load,0.290115
25749900,h25_load,0.277178
25750800,h25_load,0.266502
25751700,h25_load,0.256497
25752600,h25_load,0.251536
25753500,h25_load,0.242573
25754400,h25_load,0.235365
25755300,h25_load,0.231760
25756200,h25_load,0.227895
25757100,h25_load,0.224826
25758000,h25_load,0.225538
25758900,h25_load,0.224003
25759800,h25_load,0.221632
25760700,h25_load,0.220358
25761600,h25_load,0.221482
25762500,h25_load,0.219864
25763400,h25_load,0.221838
25764300,h25_load,0.227717
25765200,h25_load,0.230924
25766100,h25_load,0.229883
25767000,h25_load,0.235241
25767900,h25_load,0.243628
25768800,h25_load,0.259074
25769700,h25_load,0.270024
25770600,h25_load,0.282646
25771500,h25_load,0.297748
25772400,h25_load,0.319457
25773300,h25_load,0.339123
25774200,h25_load,0.363394
25775100,h25_load,0.389542
25776000,h25_load,0.418254
25776900,h25_load,0.445704
25777800,h25_load,0.465042
25778700,h25_load,0.483557
25779600,h25_load,0.503716
25780500,h25_load,0.523136
25781400,h25_load,0.539540
25782300,h25_load,0.552669
25783200,h25_load,0.565675
25784100,h25_load,0.578818
25785000,h25_load,0.591276
25785900,h25_load,0.606625
25786800,h25_load,0.625907
25787700,h25_load,0.644409
25788600,h25_load,0.656729
25789500,h25_load,0.655578
25790400,h25_load,0.640654
25791300,h25_load,0.624304
25792200,h25_load,0.607762
25793100,h25_load,0.592961
25794000,h25_load,0.574816
25794900,h25_load,0.561221
25795800,h25_load,0.549586
25796700,h25_load,0.537498
25797600,h25_load,0.526356
25798500,h25_load,0.519298
25799400,h25_load,0.512309
25800300,h25_load,0.507088
25801200,h25_load,0.502784
25802100,h25_load,0.497947
25803000,h25_load,0.494740
25803900,h25_load,0.492424
25804800,h25_load,0.494699
25805700,h25_load,0.500030
25806600,h25_load,0.509239
25807500,h25_load,0.523026
25808400,h25_load,0.542487
25809300,h25_load,0.564469
25810200,h25_load,0.586739
25811100,h25_load,0.605940
25812000,h25_load,0.622673
25812900,h25_load,0.636734
25813800,h25_load,0.647944
25814700,h25_load,0.661279
25815600,h25_load,0.667460
25816500,h25_load,0.665322
25817400,h25_load,0.654454
25818300,h25_load,0.634418
25819200,h25_load,0.616999
25820100,h25_load,0.592619
25821000,h25_load,0.566415
25821900,h25_load,0.545132
25822800,h25_load,0.527754
25823700,h25_load,0.509856
25824600,h25_load,0.490615
25825500,h25_load,0.482830
25826400,h25_load,0.464932
25827300,h25_load,0.435494
25828200,h25_load,0.412018
25829100,h25_load,0.387720
25830000,h25_load,0.364696
25830900,h25_load,0.343358
25831800,h25_load,0.323842
25832700,h25_load,0.303984
25833600,h25_load,0.282190
25834500,h25_load,0.265019
25835400,h25_load,0.255648
25836300,h25_load,0.244627
25837200,h25_load,0.236330
25838100,h25_load,0.228543
25839000,h25_load,0.222158
25839900,h25_load,0.216627
25840800,h25_load,0.215058
25841700,h25_load,0.213283
25842600,h25_load,0.211866
25843500,h25_load,0.211316
25844400,h25_load,0.212816
25845300,h25_load,0.212513
25846200,h25_load,0.213077
25847100,h25_load,0.213724
25848000,h25_load,0.218732
25848900,h25_load,0.222145
25849800,h25_load,0.228281
25850700,h25_load,0.240472
25851600,h25_load,0.252828
25852500,h25_load,0.260506
25853400,h25_load,0.274650
25854300,h25_load,0.291918
25855200,h25_load,0.321225
25856100,h25_load,0.344025
25857000,h25_load,0.359793
25857900,h25_load,0.372740
25858800,h25_load,0.379469
25859700,h25_load,0.379689
25860600,h25_load,0.372740
25861500,h25_load,0.364581
25862400,h25_load,0.356752
25863300,h25_load,0.353849
25864200,h25_load,0.347836
25865100,h25_load,0.343529
25866000,h25_load,0.342910
25866900,h25_load,0.342759
25867800,h25_load,0.343268
25868700,h25_load,0.341562
25869600,h25_load,0.339966
25870500,h25_load,0.342030
25871400,h25_load,0.346873
25872300,h25_load,0.351634
25873200,h25_load,0.360385
25874100,h25_load,0.373263
25875000,h25_load,0.384202
25875900,h25_load,0.390669
25876800,h25_load,0.394879
25877700,h25_load,0.394246
25878600,h25_load,0.392609
25879500,h25_load,0.389678
25880400,h25_load,0.387394
25881300,h25_load,0.385028
25882200,h25_load,0.381835
25883100,h25_load,0.376703
25884000,h25_load,0.373071
25884900,h25_load,0.370690
25885800,h25_load,0.369012
25886700,h25_load,0.369768
25887600,h25_load,0.374598
25888500,h25_load,0.375038
25889400,h25_load,0.376359
25890300,h25_load,0.381010
25891200,h25_load,0.392980
25892100,h25_load,0.401841
25893000,h25_load,0.413537
25893900,h25_load,0.430076
25894800,h25_load,0.455076
25895700,h25_load,0.478605
25896600,h25_load,0.503248
25897500,h25_load,0.529253
25898400,h25_load,0.557061
25899300,h25_load,0.581043
25900200,h25_load,0.606704
25901100,h25_load,0.630921
25902000,h25_load,0.643579
25902900,h25_load,0.645946
25903800,h25_load,0.639754
25904700,h25_load,0.624729
25905600,h25_load,0.608369
25906500,h25_load,0.587359
25907400,h25_load,0.565247
25908300,h25_load,0.546397
25909200,h25_load,0.529115
25910100,h25_load,0.510967
25911000,h25_load,0.492818
25911900,h25_load,0.483572
25912800,h25_load,0.470143
25913700,h25_load,0.441345
25914600,h25_load,0.419756
25915500,h25_load,0.394673
25916400,h25_load,0.372025
25917300,h25_load,0.348937
25918200,h25_load,0.329522
25919100,h25_load,0.309681
25920000,h25_load,0.283314
25920900,h25_load,0.266074
25921800,h25_load,0.256667
25922700,h25_load,0.245602
25923600,h25_load,0.237272
25924500,h25_load,0.229453
25925400,h25_load,0.223043
25926300,h25_load,0.217490
25927200,h25_load,0.215915
25928100,h25_load,0.214133
25929000,h25_load,0.212710
25929900,h25_load,0.212158
25930800,h25_load,0.213663
25931700,h25_load,0.213359
25932600,h25_load,0.213926
25933500,h25_load,0.214575
25934400,h25_load,0.219603
25935300,h25_load,0.223029
25936200,h25_load,0.229190
25937100,h25_load,0.241430
25938000,h25_load,0.253835
25938900,h25_load,0.261543
25939800,h25_load,0.275744
25940700,h25_load,0.293081
25941600,h25_load,0.322505
25942500,h25_load,0.345395
25943400,h25_load,0.361226
25944300,h25_load,0.374225
25945200,h25_load,0.380980
25946100,h25_load,0.381201
25947000,h25_load,0.374225
25947900,h25_load,0.366033
25948800,h25_load,0.358173
25949700,h25_load,0.355258
25950600,h25_load,0.349222
25951500,h25_load,0.344898
25952400,h25_load,0.344276
25953300,h25_load,0.344124
25954200,h25_load,0.344635
25955100,h25_load,0.342922
25956000,h25_load,0.341320
25956900,h25_load,0.343392
25957800,h25_load,0.348255
25958700,h25_load,0.353034
25959600,h25_load,0.361820
25960500,h25_load,0.374750
25961400,h25_load,0.385732
25962300,h25_load,0.392225
25963200,h25_load,0.396452
25964100,h25_load,0.395817
25965000,h25_load,0.394173
25965900,h25_load,0.391230
25966800,h25_load,0.388937
25967700,h25_load,0.386561
25968600,h25_load,0.383356
25969500,h25_load,0.378204
25970400,h25_load,0.374557
25971300,h25_load,0.372167
25972200,h25_load,0.370481
25973100,h25_load,0.371241
25974000,h25_load,0.376090
25974900,h25_load,0.376532
25975800,h25_load,0.377858
25976700,h25_load,0.382527
25977600,h25_load,0.394546
25978500,h25_load,0.403442
25979400,h25_load,0.415184
25980300,h25_load,0.431789
25981200,h25_load,0.456889
25982100,h25_load,0.480511
25983000,h25_load,0.505252
25983900,h25_load,0.531361
25984800,h25_load,0.559279
25985700,h25_load,0.583357
25986600,h25_load,0.609121
25987500,h25_load,0.633434
25988400,h25_load,0.646143
25989300,h25_load,0.648519
25990200,h25_load,0.642302
25991100,h25_load,0.627217
25992000,h25_load,0.610792
25992900,h25_load,0.589698
25993800,h25_load,0.567499
25994700,h25_load,0.548573
25995600,h25_load,0.531223
25996500,h25_load,0.513002
25997400,h25_load,0.494781
25998300,h25_load,0.485498
25999200,h25_load,0.472015
26000100,h25_load,0.443102
26001000,h25_load,0.421428
26001900,h25_load,0.396245
26002800,h25_load,0.373507
26003700,h25_load,0.350327
26004600,h25_load,0.330835
26005500,h25_load,0.310915
26006400,h25_load,0.284441
26007300,h25_load,0.267133
26008200,h25_load,0.257688
26009100,h25_load,0.246579
26010000,h25_load,0.238216
26010900,h25_load,0.230366
26011800,h25_load,0.223930
26012700,h25_load,0.218355
26013600,h25_load,0.216774
26014500,h25_load,0.214985
26015400,h25_load,0.213556
26016300,h25_load,0.213002
26017200,h25_load,0.214513
26018100,h25_load,0.214208
26019000,h25_load,0.214777
26019900,h25_load,0.215429
26020800,h25_load,0.220477
26021700,h25_load,0.223917
26022600,h25_load,0.230102
26023500,h25_load,0.242390
26024400,h25_load,0.254845
26025300,h25_load,0.262584
26026200,h25_load,0.276841
26027100,h25_load,0.294247
26028000,h25_load,0.323788
26028900,h25_load,0.346769
26029800,h25_load,0.362663
26030700,h25_load,0.375714
26031600,h25_load,0.382496
26032500,h25_load,0.382718
26033400,h25_load,0.375714
26034300,h25_load,0.367490
26035200,h25_load,0.359598
26036100,h25_load,0.356672
26037000,h25_load,0.350611
26037900,h25_load,0.346270
26038800,h25_load,0.345646
26039700,h25_load,0.345493
26040600,h25_load,0.346006
26041500,h25_load,0.344287
26042400,h25_load,0.342678
26043300,h25_load,0.344758
26044200,h25_load,0.349640
26045100,h25_load,0.354439
26046000,h25_load,0.363259
26046900,h25_load,0.376241
26047800,h25_load,0.387267
26048700,h25_load,0.393785
26049600,h25_load,0.398029
26050500,h25_load,0.397391
26051400,h25_load,0.395741
26052300,h25_load,0.392787
26053200,h25_load,0.390484
26054100,h25_load,0.388099
26055000,h25_load,0.384881
26055900,h25_load,0.379708
26056800,h25_load,0.376047
26057700,h25_load,0.373647
26058600,h25_load,0.371955
26059500,h25_load,0.372718
26060400,h25_load,0.377586
26061300,h25_load,0.378030
26062200,h25_load,0.379361
26063100,h25_load,0.384049
26064000,h25_load,0.396115
26064900,h25_load,0.405047
26065800,h25_load,0.416836
26066700,h25_load,0.433506
26067600,h25_load,0.458707
26068500,h25_load,0.482423
26069400,h25_load,0.507262
26070300,h25_load,0.533475
26071200,h25_load,0.561504
26072100,h25_load,0.585678
26073000,h25_load,0.611544
26073900,h25_load,0.635954
26074800,h25_load,0.648713
26075700,h25_load,0.651099
26076600,h25_load,0.644858
26077500,h25_load,0.629713
26078400,h25_load,0.613222
26079300,h25_load,0.592044
26080200,h25_load,0.569756
26081100,h25_load,0.550756
26082000,h25_load,0.533336
26082900,h25_load,0.515043
26083800,h25_load,0.496750
26084700,h25_load,0.487429
26085600,h25_load,0.473893
26086500,h25_load,0.444865
26087400,h25_load,0.423105
26088300,h25_load,0.397821
26089200,h25_load,0.374993
26090100,h25_load,0.351720
26091000,h25_load,0.332151
26091900,h25_load,0.312152
26092800,h25_load,0.285571
26093700,h25_load,0.268194
26094600,h25_load,0.258712
26095500,h25_load,0.247558
26096400,h25_load,0.239162
26097300,h25_load,0.231281
26098200,h25_load,0.224820
26099100,h25_load,0.219223
26100000,h25_load,0.217635
26100900,h25_load,0.215839
26101800,h25_load,0.214405
26102700,h25_load,0.213848
26103600,h25_load,0.215366
26104500,h25_load,0.215059
26105400,h25_load,0.215630
26106300,h25_load,0.216285
26107200,h25_load,0.221353
26108100,h25_load,0.224806
26109000,h25_load,0.231016
26109900,h25_load,0.243353
26110800,h25_load,0.255857
26111700,h25_load,0.263627
26112600,h25_load,0.277941
26113500,h25_load,0.295416
26114400,h25_load,0.325074
26115300,h25_load,0.348147
26116200,h25_load,0.364104
26117100,h25_load,0.377207
26118000,h25_load,0.384015
26118900,h25_load,0.384238
26119800,h25_load,0.377207
26120700,h25_load,0.368949
26121600,h25_load,0.361027
26122500,h25_load,0.358089
26123400,h25_load,0.352004
26124300,h25_load,0.347645
26125200,h25_load,0.347019
26126100,h25_load,0.346866
26127000,h25_load,0.347381
26127900,h25_load,0.345654
26128800,h25_load,0.344039
26129700,h25_load,0.346128
26130600,h25_load,0.351029
26131500,h25_load,0.355847
26132400,h25_load,0.364703
26133300,h25_load,0.377736
26134200,h25_load,0.388805
26135100,h25_load,0.395350
26136000,h25_load,0.399611
26136900,h25_load,0.398970
26137800,h25_load,0.397313
26138700,h25_load,0.394347
26139600,h25_load,0.392036
26140500,h25_load,0.389641
26141400,h25_load,0.386410
26142300,h25_load,0.381217
26143200,h25_load,0.377541
26144100,h25_load,0.375132
26145000,h25_load,0.373433
26145900,h25_load,0.374199
26146800,h25_load,0.379086
26147700,h25_load,0.379532
26148600,h25_load,0.380869
26149500,h25_load,0.385575
26150400,h25_load,0.397689
26151300,h25_load,0.406656
26152200,h25_load,0.418492
26153100,h25_load,0.435229
26154000,h25_load,0.460529
26154900,h25_load,0.484339
26155800,h25_load,0.509278
26156700,h25_load,0.535594
26157600,h25_load,0.563735
26158500,h25_load,0.588005
26159400,h25_load,0.613974
26160300,h25_load,0.638480
26161200,h25_load,0.651290
26162100,h25_load,0.653685
26163000,h25_load,0.647420
26163900,h25_load,0.632214
26164800,h25_load,0.615658
26165700,h25_load,0.594396
26166600,h25_load,0.572020
26167500,h25_load,0.552944
26168400,h25_load,0.535455
26169300,h25_load,0.517089
26170200,h25_load,0.498723
26171100,h25_load,0.489366
26172000,h25_load,0.475776
26172900,h25_load,0.446633
26173800,h25_load,0.424786
26174700,h25_load,0.399402
26175600,h25_load,0.376482
26176500,h25_load,0.353118
26177400,h25_load,0.333471
26178300,h25_load,0.313392
26179200,h25_load,0.286704
26180100,h25_load,0.269258
26181000,h25_load,0.259738
26181900,h25_load,0.248540
26182800,h25_load,0.240111
26183700,h25_load,0.232198
26184600,h25_load,0.225712
26185500,h25_load,0.220092
26186400,h25_load,0.218498
26187300,h25_load,0.216695
26188200,h25_load,0.215255
26189100,h25_load,0.214696
26190000,h25_load,0.216220
26190900,h25_load,0.215912
26191800,h25_load,0.216485
26192700,h25_load,0.217142
26193600,h25_load,0.222231
26194500,h25_load,0.225698
26195400,h25_load,0.231933
26196300,h25_load,0.244318
26197200,h25_load,0.256872
26198100,h25_load,0.264672
26199000,h25_load,0.279043
26199900,h25_load,0.296587
26200800,h25_load,0.326364
26201700,h25_load,0.349528
26202600,h25_load,0.365548
26203500,h25_load,0.378703
26204400,h25_load,0.385539
26205300,h25_load,0.385762
26206200,h25_load,0.378703
26207100,h25_load,0.370413
26208000,h25_load,0.362459
26208900,h25_load,0.359509
26209800,h25_load,0.353400
26210700,h25_load,0.349024
26211600,h25_load,0.348395
26212500,h25_load,0.348241
26213400,h25_load,0.348759
26214300,h25_load,0.347025
26215200,h25_load,0.345404
26216100,h25_load,0.347501
26217000,h25_load,0.352421
26217900,h25_load,0.357258
26218800,h25_load,0.366149
26219700,h25_load,0.379234
26220600,h25_load,0.390347
26221500,h25_load,0.396918
26222400,h25_load,0.401196
26223300,h25_load,0.400552
26224200,h25_load,0.398889
26225100,h25_load,0.395911
26226000,h25_load,0.393591
26226900,h25_load,0.391186
26227800,h25_load,0.387943
26228700,h25_load,0.382729
26229600,h25_load,0.379038
26230500,h25_load,0.376620
26231400,h25_load,0.374914
26232300,h25_load,0.375683
26233200,h25_load,0.380590
26234100,h25_load,0.381037
26235000,h25_load,0.382379
26235900,h25_load,0.387104
26236800,h25_load,0.399266
26237700,h25_load,0.408269
26238600,h25_load,0.420152
26239500,h25_load,0.436955
26240400,h25_load,0.462355
26241300,h25_load,0.486260
26242200,h25_load,0.511297
26243100,h25_load,0.537719
26244000,h25_load,0.565971
26244900,h25_load,0.590337
26245800,h25_load,0.616409
26246700,h25_load,0.641013
26247600,h25_load,0.653874
26248500,h25_load,0.656278
26249400,h25_load,0.649987
26250300,h25_load,0.634722
26251200,h25_load,0.618100
26252100,h25_load,0.596754
26253000,h25_load,0.574289
26253900,h25_load,0.555137
26254800,h25_load,0.537579
26255700,h25_load,0.519140
26256600,h25_load,0.500701
26257500,h25_load,0.491307
26258400,h25_load,0.477663
26259300,h25_load,0.448404
26260200,h25_load,0.426470
26261100,h25_load,0.400986
26262000,h25_load,0.377976
26262900,h25_load,0.354518
26263800,h25_load,0.334793
26264700,h25_load,0.314635
26265600,h25_load,0.304653
26266500,h25_load,0.285369
26267400,h25_load,0.270815
26268300,h25_load,0.257959
26269200,h25_load,0.248822
26270100,h25_load,0.240710
26271000,h25_load,0.234591
26271900,h25_load,0.227139
26272800,h25_load,0.224781
26273700,h25_load,0.221244
26274600,h25_load,0.218577
26275500,h25_load,0.216192
26276400,h25_load,0.216921
26277300,h25_load,0.214985
26278200,h25_load,0.213806
26279100,h25_load,0.213834
26280000,h25_load,0.216388
26280900,h25_load,0.214914
26281800,h25_load,0.216725
26282700,h25_load,0.220711
26283600,h25_load,0.221455
26284500,h25_load,0.220262
26285400,h25_load,0.223560
26286300,h25_load,0.231756
26287200,h25_load,0.250998
26288100,h25_load,0.265299
26289000,h25_load,0.282492
26289900,h25_load,0.298309
26290800,h25_load,0.323684
26291700,h25_load,0.345676
26292600,h25_load,0.370167
26293500,h25_load,0.396637
26294400,h25_load,0.418264
26295300,h25_load,0.437436
26296200,h25_load,0.448060
26297100,h25_load,0.458263
26298000,h25_load,0.466726
26298900,h25_load,0.475863
26299800,h25_load,0.481687
26300700,h25_load,0.486375
26301600,h25_load,0.493701
26302500,h25_load,0.500396
26303400,h25_load,0.507076
26304300,h25_load,0.513981
26305200,h25_load,0.525153
26306100,h25_load,0.539539
26307000,h25_load,0.549138
26307900,h25_load,0.553208
26308800,h25_load,0.546289
26309700,h25_load,0.540128
26310600,h25_load,0.534921
26311500,h25_load,0.527174
26312400,h25_load,0.518964
26313300,h25_load,0.513981
26314200,h25_load,0.508943
26315100,h25_load,0.504003
26316000,h25_load,0.497673
26316900,h25_load,0.498487
26317800,h25_load,0.498627
26318700,h25_load,0.498768
26319600,h25_load,0.499596
26320500,h25_load,0.501953
26321400,h25_load,0.504045
26322300,h25_load,0.509055
26323200,h25_load,0.520353
26324100,h25_load,0.535890
26325000,h25_load,0.556142
26325900,h25_load,0.579903
26326800,h25_load,0.612211
26327700,h25_load,0.635017
26328600,h25_load,0.649782
26329500,h25_load,0.657431
26330400,h25_load,0.658427
26331300,h25_load,0.657192
26332200,h25_load,0.648519
26333100,h25_load,0.637445
26334000,h25_load,0.626428
26334900,h25_load,0.615649
26335800,h25_load,0.600758
26336700,h25_load,0.586597
26337600,h25_load,0.573236
26338500,h25_load,0.552521
26339400,h25_load,0.533518
26340300,h25_load,0.519034
26341200,h25_load,0.507104
26342100,h25_load,0.494375
26343000,h25_load,0.481168
26343900,h25_load,0.476845
26344800,h25_load,0.470796
26345700,h25_load,0.452046
26346600,h25_load,0.436411
26347500,h25_load,0.415569
26348400,h25_load,0.395458
26349300,h25_load,0.375009
26350200,h25_load,0.356848
26351100,h25_load,0.339782
26352000,h25_load,0.317523
26352900,h25_load,0.299149
26353800,h25_load,0.285665
26354700,h25_load,0.273139
26355600,h25_load,0.262754
26356500,h25_load,0.254117
26357400,h25_load,0.247016
26358300,h25_load,0.238449
26359200,h25_load,0.236293
26360100,h25_load,0.231220
26361000,h25_load,0.228276
26361900,h25_load,0.225880
26362800,h25_load,0.225627
26363700,h25_load,0.223231
26364600,h25_load,0.220751
26365500,h25_load,0.220160
26366400,h25_load,0.220075
26367300,h25_load,0.218624
26368200,h25_load,0.219624
26369100,h25_load,0.223936
26370000,h25_load,0.225119
26370900,h25_load,0.222992
26371800,h25_load,0.226063
26372700,h25_load,0.231263
26373600,h25_load,0.245353
26374500,h25_load,0.256470
26375400,h25_load,0.267954
26376300,h25_load,0.280480
26377200,h25_load,0.300502
26378100,h25_load,0.318467
26379000,h25_load,0.344224
26379900,h25_load,0.373207
26380800,h25_load,0.401247
26381700,h25_load,0.429413
26382600,h25_load,0.448012
26383500,h25_load,0.466090
26384400,h25_load,0.483928
26385300,h25_load,0.505768
26386200,h25_load,0.521887
26387100,h25_load,0.536753
26388000,h25_load,0.550575
26388900,h25_load,0.563623
26389800,h25_load,0.578291
26390700,h25_load,0.593776
26391600,h25_load,0.616052
26392500,h25_load,0.639527
26393400,h25_load,0.654462
26394300,h25_load,0.655350
26395200,h25_load,0.638991
26396100,h25_load,0.625873
26397000,h25_load,0.611431
26397900,h25_load,0.595340
26398800,h25_load,0.576008
26399700,h25_load,0.563228
26400600,h25_load,0.553534
26401500,h25_load,0.541092
26402400,h25_load,0.531201
26403300,h25_load,0.523761
26404200,h25_load,0.518788
26405100,h25_load,0.516561
26406000,h25_load,0.517815
26406900,h25_load,0.515829
26407800,h25_load,0.514800
26408700,h25_load,0.518153
26409600,h25_load,0.526819
26410500,h25_load,0.539712
26411400,h25_load,0.562862
26412300,h25_load,0.590662
26413200,h25_load,0.625634
26414100,h25_load,0.652292
26415000,h25_load,0.666608
26415900,h25_load,0.677894
26416800,h25_load,0.682304
26417700,h25_load,0.679867
26418600,h25_load,0.670934
26419500,h25_load,0.662874
26420400,h25_load,0.650658
26421300,h25_load,0.637695
26422200,h25_load,0.622294
26423100,h25_load,0.608909
26424000,h25_load,0.594142
26424900,h25_load,0.570851
26425800,h25_load,0.544291
26426700,h25_load,0.525706
26427600,h25_load,0.508981
26428500,h25_load,0.492087
26429400,h25_load,0.474530
26430300,h25_load,0.468232
26431200,h25_load,0.455438
26432100,h25_load,0.427751
26433000,h25_load,0.403107
26433900,h25_load,0.379083
26434800,h25_load,0.358793
26435700,h25_load,0.335108
26436600,h25_load,0.315001
26437500,h25_load,0.294190
26438400,h25_load,0.277016
26439300,h25_load,0.259716
26440200,h25_load,0.245952
26441100,h25_load,0.234834
26442000,h25_load,0.226954
26442900,h25_load,0.219542
26443800,h25_load,0.215991
26444700,h25_load,0.210163
26445600,h25_load,0.210404
26446500,h25_load,0.208438
26447400,h25_load,0.207377
26448300,h25_load,0.207716
26449200,h25_load,0.209046
26450100,h25_load,0.208904
26451000,h25_load,0.210687
26451900,h25_load,0.211606
26452800,h25_load,0.216868
26453700,h25_load,0.219599
26454600,h25_load,0.225243
26455500,h25_load,0.233716
26456400,h25_load,0.244042
26457300,h25_load,0.250705
26458200,h25_load,0.265035
26459100,h25_load,0.283438
26460000,h25_load,0.316115
26460900,h25_load,0.342214
26461800,h25_load,0.362556
26462700,h25_load,0.374070
26463600,h25_load,0.381185
26464500,h25_load,0.378413
26465400,h25_load,0.369501
26466300,h25_load,0.359684
26467200,h25_load,0.350277
26468100,h25_load,0.343728
26469000,h25_load,0.333359
26469900,h25_load,0.326258
26470800,h25_load,0.323145
26471700,h25_load,0.321943
26472600,h25_load,0.319623
26473500,h25_load,0.317402
26474400,h25_load,0.314927
26475300,h25_load,0.317360
26476200,h25_load,0.322113
26477100,h25_load,0.327884
26478000,h25_load,0.337390
26478900,h25_load,0.349457
26479800,h25_load,0.359443
26480700,h25_load,0.366219
26481600,h25_load,0.369727
26482500,h25_load,0.371835
26483400,h25_load,0.373278
26484300,h25_load,0.373221
26485200,h25_load,0.371142
26486100,h25_load,0.372019
26487000,h25_load,0.372458
26487900,h25_load,0.367436
26488800,h25_load,0.363517
26489700,h25_load,0.362838
26490600,h25_load,0.362626
26491500,h25_load,0.366304
26492400,h25_load,0.375456
26493300,h25_load,0.378045
26494200,h25_load,0.383109
26495100,h25_load,0.393365
26496000,h25_load,0.414668
26496900,h25_load,0.433468
26497800,h25_load,0.460982
26498700,h25_load,0.491763
26499600,h25_load,0.533266
26500500,h25_load,0.561784
26501400,h25_load,0.580697
26502300,h25_load,0.599072
26503200,h25_load,0.613812
26504100,h25_load,0.621734
26505000,h25_load,0.625695
26505900,h25_load,0.628170
26506800,h25_load,0.624903
26507700,h25_load,0.618452
26508600,h25_load,0.610290
26509500,h25_load,0.600218
26510400,h25_load,0.587346
26511300,h25_load,0.569112
26512200,h25_load,0.546761
26513100,h25_load,0.529235
26514000,h25_load,0.514424
26514900,h25_load,0.499260
26515800,h25_load,0.482511
26516700,h25_load,0.475212
26517600,h25_load,0.464829
26518500,h25_load,0.438660
26519400,h25_load,0.415008
26520300,h25_load,0.391908
26521200,h25_load,0.371015
26522100,h25_load,0.347151
26523000,h25_load,0.326201
26523900,h25_load,0.305308
26524800,h25_load,0.278105
26525700,h25_load,0.260737
26526600,h25_load,0.246919
26527500,h25_load,0.235757
26528400,h25_load,0.227847
26529300,h25_load,0.220405
26530200,h25_load,0.216841
26531100,h25_load,0.210990
26532000,h25_load,0.211231
26532900,h25_load,0.209257
26533800,h25_load,0.208192
26534700,h25_load,0.208533
26535600,h25_load,0.209868
26536500,h25_load,0.209726
26537400,h25_load,0.211515
26538300,h25_load,0.212438
26539200,h25_load,0.217721
26540100,h25_load,0.220462
26541000,h25_load,0.226128
26541900,h25_load,0.234635
26542800,h25_load,0.245002
26543700,h25_load,0.251691
26544600,h25_load,0.266077
26545500,h25_load,0.284553
26546400,h25_load,0.317358
26547300,h25_load,0.343559
26548200,h25_load,0.363981
26549100,h25_load,0.375541
26550000,h25_load,0.382684
26550900,h25_load,0.379901
26551800,h25_load,0.370954
26552700,h25_load,0.361098
26553600,h25_load,0.351654
26554500,h25_load,0.345079
26555400,h25_load,0.334669
26556300,h25_load,0.327540
26557200,h25_load,0.324416
26558100,h25_load,0.323209
26559000,h25_load,0.320880
26559900,h25_load,0.318650
26560800,h25_load,0.316165
26561700,h25_load,0.318608
26562600,h25_load,0.323379
26563500,h25_load,0.329173
26564400,h25_load,0.338717
26565300,h25_load,0.350830
26566200,h25_load,0.360857
26567100,h25_load,0.367659
26568000,h25_load,0.371181
26568900,h25_load,0.373297
26569800,h25_load,0.374746
26570700,h25_load,0.374689
26571600,h25_load,0.372601
26572500,h25_load,0.373482
26573400,h25_load,0.373922
26574300,h25_load,0.368880
26575200,h25_load,0.364947
26576100,h25_load,0.364265
26577000,h25_load,0.364052
26577900,h25_load,0.367744
26578800,h25_load,0.376933
26579700,h25_load,0.379531
26580600,h25_load,0.384615
26581500,h25_load,0.394911
26582400,h25_load,0.416299
26583300,h25_load,0.435172
26584200,h25_load,0.462794
26585100,h25_load,0.493696
26586000,h25_load,0.535363
26586900,h25_load,0.563993
26587800,h25_load,0.582980
26588700,h25_load,0.601428
26589600,h25_load,0.616225
26590500,h25_load,0.624178
26591400,h25_load,0.628155
26592300,h25_load,0.630640
26593200,h25_load,0.627359
26594100,h25_load,0.620884
26595000,h25_load,0.612689
26595900,h25_load,0.602578
26596800,h25_load,0.589655
26597700,h25_load,0.571349
26598600,h25_load,0.548911
26599500,h25_load,0.531316
26600400,h25_load,0.516447
26601300,h25_load,0.501223
26602200,h25_load,0.484408
26603100,h25_load,0.477081
26604000,h25_load,0.466657
26604900,h25_load,0.440384
26605800,h25_load,0.416640
26606700,h25_load,0.393449
26607600,h25_load,0.372473
26608500,h25_load,0.348516
26609400,h25_load,0.327483
26610300,h25_load,0.306508
26611200,h25_load,0.279196
26612100,h25_load,0.261759
26613000,h25_load,0.247887
26613900,h25_load,0.236681
26614800,h25_load,0.228740
26615700,h25_load,0.221269
26616600,h25_load,0.217691
26617500,h25_load,0.211817
26618400,h25_load,0.212059
26619300,h25_load,0.210077
26620200,h25_load,0.209008
26621100,h25_load,0.209350
26622000,h25_load,0.210691
26622900,h25_load,0.210548
26623800,h25_load,0.212344
26624700,h25_load,0.213271
26625600,h25_load,0.218575
26626500,h25_load,0.221326
26627400,h25_load,0.227015
26628300,h25_load,0.235555
26629200,h25_load,0.245962
26630100,h25_load,0.252677
26631000,h25_load,0.267120
26631900,h25_load,0.285668
26632800,h25_load,0.318602
26633700,h25_load,0.344906
26634600,h25_load,0.365408
26635500,h25_load,0.377013
26636400,h25_load,0.384184
26637300,h25_load,0.381390
26638200,h25_load,0.372408
26639100,h25_load,0.362514
26640000,h25_load,0.353033
26640900,h25_load,0.346432
26641800,h25_load,0.335981
26642700,h25_load,0.328824
26643600,h25_load,0.325688
26644500,h25_load,0.324476
26645400,h25_load,0.322138
26646300,h25_load,0.319899
26647200,h25_load,0.317404
26648100,h25_load,0.319857
26649000,h25_load,0.324647
26649900,h25_load,0.330464
26650800,h25_load,0.340045
26651700,h25_load,0.352206
26652600,h25_load,0.362271
26653500,h25_load,0.369100
26654400,h25_load,0.372636
26655300,h25_load,0.374760
26656200,h25_load,0.376215
26657100,h25_load,0.376158
26658000,h25_load,0.374062
26658900,h25_load,0.374946
26659800,h25_load,0.375388
26660700,h25_load,0.370327
26661600,h25_load,0.366377
26662500,h25_load,0.365693
26663400,h25_load,0.365479
26664300,h25_load,0.369186
26665200,h25_load,0.378410
26666100,h25_load,0.381019
26667000,h25_load,0.386123
26667900,h25_load,0.396460
26668800,h25_load,0.417931
26669700,h25_load,0.436878
26670600,h25_load,0.464608
26671500,h25_load,0.495632
26672400,h25_load,0.537462
26673300,h25_load,0.566204
26674200,h25_load,0.585266
26675100,h25_load,0.603786
26676000,h25_load,0.618641
26676900,h25_load,0.626625
26677800,h25_load,0.630617
26678700,h25_load,0.633112
26679600,h25_load,0.629819
26680500,h25_load,0.623318
26681400,h25_load,0.615091
26682300,h25_load,0.604940
26683200,h25_load,0.591966
26684100,h25_load,0.573589
26685000,h25_load,0.551063
26685900,h25_load,0.533399
26686800,h25_load,0.518471
26687700,h25_load,0.503188
26688600,h25_load,0.486308
26689500,h25_load,0.478951
26690400,h25_load,0.468486
26691300,h25_load,0.442111
26692200,h25_load,0.418273
26693100,h25_load,0.394991
26694000,h25_load,0.373934
26694900,h25_load,0.349882
26695800,h25_load,0.328767
26696700,h25_load,0.307710
26697600,h25_load,0.280287
26698500,h25_load,0.262782
26699400,h25_load,0.248856
26700300,h25_load,0.237606
26701200,h25_load,0.229634
26702100,h25_load,0.222134
26703000,h25_load,0.218542
26703900,h25_load,0.212645
26704800,h25_load,0.212888
26705700,h25_load,0.210899
26706600,h25_load,0.209825
26707500,h25_load,0.210169
26708400,h25_load,0.211514
26709300,h25_load,0.211371
26710200,h25_load,0.213174
26711100,h25_load,0.214105
26712000,h25_load,0.219429
26712900,h25_load,0.222191
26713800,h25_load,0.227902
26714700,h25_load,0.236476
26715600,h25_load,0.246924
26716500,h25_load,0.253665
26717400,h25_load,0.268164
26718300,h25_load,0.286785
26719200,h25_load,0.319847
26720100,h25_load,0.346254
26721000,h25_load,0.366836
26721900,h25_load,0.378487
26722800,h25_load,0.385686
26723700,h25_load,0.382881
26724600,h25_load,0.373864
26725500,h25_load,0.363931
26726400,h25_load,0.354413
26727300,h25_load,0.347786
26728200,h25_load,0.337295
26729100,h25_load,0.330110
26730000,h25_load,0.326961
26730900,h25_load,0.325744
26731800,h25_load,0.323397
26732700,h25_load,0.321150
26733600,h25_load,0.318645
26734500,h25_load,0.321107
26735400,h25_load,0.325916
26736300,h25_load,0.331756
26737200,h25_load,0.341374
26738100,h25_load,0.353583
26739000,h25_load,0.363687
26739900,h25_load,0.370543
26740800,h25_load,0.374093
26741700,h25_load,0.376225
26742600,h25_load,0.377685
26743500,h25_load,0.377628
26744400,h25_load,0.375524
26745300,h25_load,0.376411
26746200,h25_load,0.376855
26747100,h25_load,0.371774
26748000,h25_load,0.367809
26748900,h25_load,0.367122
26749800,h25_load,0.366908
26750700,h25_load,0.370629
26751600,h25_load,0.379889
26752500,h25_load,0.382509
26753400,h25_load,0.387633
26754300,h25_load,0.398009
26755200,h25_load,0.419564
26756100,h25_load,0.438586
26757000,h25_load,0.466424
26757900,h25_load,0.497569
26758800,h25_load,0.539563
26759700,h25_load,0.568417
26760600,h25_load,0.587553
26761500,h25_load,0.606146
26762400,h25_load,0.621059
26763300,h25_load,0.629075
26764200,h25_load,0.633082
26765100,h25_load,0.635587
26766000,h25_load,0.632281
26766900,h25_load,0.625754
26767800,h25_load,0.617496
26768700,h25_load,0.607305
26769600,h25_load,0.594280
26770500,h25_load,0.575831
26771400,h25_load,0.553217
26772300,h25_load,0.535483
26773200,h25_load,0.520498
26774100,h25_load,0.505155
26775000,h25_load,0.488208
26775900,h25_load,0.480823
26776800,h25_load,0.470317
26777700,h25_load,0.443839
26778600,h25_load,0.419908
26779500,h25_load,0.396535
26780400,h25_load,0.375395
26781300,h25_load,0.351250
26782200,h25_load,0.330052
26783100,h25_load,0.308912
26784000,h25_load,0.281379
26784900,h25_load,0.263806
26785800,h25_load,0.249826
26786700,h25_load,0.238532
26787600,h25_load,0.230529
26788500,h25_load,0.223000
26789400,h25_load,0.219393
26790300,h25_load,0.213473
26791200,h25_load,0.213718
26792100,h25_load,0.211720
26793000,h25_load,0.210643
26793900,h25_load,0.210987
26794800,h25_load,0.212338
26795700,h25_load,0.212194
26796600,h25_load,0.214005
26797500,h25_load,0.214939
26798400,h25_load,0.220284
26799300,h25_load,0.223057
26800200,h25_load,0.228790
26801100,h25_load,0.237397
26802000,h25_load,0.247886
26802900,h25_load,0.254653
26803800,h25_load,0.269209
26804700,h25_load,0.287902
26805600,h25_load,0.321094
26806500,h25_load,0.347603
26807400,h25_load,0.368265
26808300,h25_load,0.379961
26809200,h25_load,0.387189
26810100,h25_load,0.384373
26811000,h25_load,0.375320
26811900,h25_load,0.365349
26812800,h25_load,0.355794
26813700,h25_load,0.349141
26814600,h25_load,0.338609
26815500,h25_load,0.331396
26816400,h25_load,0.328235
26817300,h25_load,0.327013
26818200,h25_load,0.324657
26819100,h25_load,0.322401
26820000,h25_load,0.319887
26820900,h25_load,0.322358
26821800,h25_load,0.327186
26822700,h25_load,0.333048
26823600,h25_load,0.342704
26824500,h25_load,0.354960
26825400,h25_load,0.365104
26826300,h25_load,0.371987
26827200,h25_load,0.375550
26828100,h25_load,0.377691
26829000,h25_load,0.379157
26829900,h25_load,0.379099
26830800,h25_load,0.376987
26831700,h25_load,0.377878
26832600,h25_load,0.378323
26833500,h25_load,0.373223
26834400,h25_load,0.369242
26835300,h25_load,0.368553
26836200,h25_load,0.368337
26837100,h25_load,0.372073
26838000,h25_load,0.381370
26838900,h25_load,0.383999
26839800,h25_load,0.389143
26840700,h25_load,0.399560
26841600,h25_load,0.421199
26842500,h25_load,0.440295
26843400,h25_load,0.468242
26844300,h25_load,0.499508
26845200,h25_load,0.541665
26846100,h25_load,0.570632
26847000,h25_load,0.589842
26847900,h25_load,0.608507
26848800,h25_load,0.623479
26849700,h25_load,0.631526
26850600,h25_load,0.635549
26851500,h25_load,0.638063
26852400,h25_load,0.634744
26853300,h25_load,0.628192
26854200,h25_load,0.619901
26855100,h25_load,0.609671
26856000,h25_load,0.596596
26856900,h25_load,0.578075
26857800,h25_load,0.555372
26858700,h25_load,0.537570
26859600,h25_load,0.522526
26860500,h25_load,0.507123
26861400,h25_load,0.490111
26862300,h25_load,0.482696
26863200,h25_load,0.472150
26864100,h25_load,0.445568
26865000,h25_load,0.421544
26865900,h25_load,0.398080
26866800,h25_load,0.376858
26867700,h25_load,0.352618
26868600,h25_load,0.331338
26869500,h25_load,0.310116
26870400,h25_load,0.313109
26871300,h25_load,0.293290
26872200,h25_load,0.278332
26873100,h25_load,0.265119
26874000,h25_load,0.255729
26874900,h25_load,0.247391
26875800,h25_load,0.241102
26876700,h25_load,0.233443
26877600,h25_load,0.231020
26878500,h25_load,0.227385
26879400,h25_load,0.224644
26880300,h25_load,0.222192
26881200,h25_load,0.222942
26882100,h25_load,0.220952
26883000,h25_load,0.219740
26883900,h25_load,0.219769
26884800,h25_load,0.222394
26885700,h25_load,0.220880
26886600,h25_load,0.222740
26887500,h25_load,0.226837
26888400,h25_load,0.227601
26889300,h25_load,0.226375
26890200,h25_load,0.229765
26891100,h25_load,0.238189
26892000,h25_load,0.257964
26892900,h25_load,0.272663
26893800,h25_load,0.290333
26894700,h25_load,0.306589
26895600,h25_load,0.332668
26896500,h25_load,0.355271
26897400,h25_load,0.380441
26898300,h25_load,0.407646
26899200,h25_load,0.429873
26900100,h25_load,0.449577
26901000,h25_load,0.460496
26901900,h25_load,0.470983
26902800,h25_load,0.479681
26903700,h25_load,0.489071
26904600,h25_load,0.495057
26905500,h25_load,0.499875
26906400,h25_load,0.507404
26907300,h25_load,0.514285
26908200,h25_load,0.521151
26909100,h25_load,0.528247
26910000,h25_load,0.539729
26910900,h25_load,0.554514
26911800,h25_load,0.564380
26912700,h25_load,0.568563
26913600,h25_load,0.561452
26914500,h25_load,0.555120
26915400,h25_load,0.549768
26916300,h25_load,0.541806
26917200,h25_load,0.533368
26918100,h25_load,0.528247
26919000,h25_load,0.523069
26919900,h25_load,0.517992
26920800,h25_load,0.511486
26921700,h25_load,0.512323
26922600,h25_load,0.512467
26923500,h25_load,0.512611
26924400,h25_load,0.513462
26925300,h25_load,0.515886
26926200,h25_load,0.518035
26927100,h25_load,0.523184
26928000,h25_load,0.534796
26928900,h25_load,0.550764
26929800,h25_load,0.571578
26930700,h25_load,0.595998
26931600,h25_load,0.629203
26932500,h25_load,0.652643
26933400,h25_load,0.667817
26934300,h25_load,0.675678
26935200,h25_load,0.676702
26936100,h25_load,0.675433
26937000,h25_load,0.666519
26937900,h25_load,0.655138
26938800,h25_load,0.643815
26939700,h25_load,0.632737
26940600,h25_load,0.617433
26941500,h25_load,0.602879
26942400,h25_load,0.589147
26943300,h25_load,0.567857
26944200,h25_load,0.548326
26945100,h25_load,0.533440
26946000,h25_load,0.521179
26946900,h25_load,0.508097
26947800,h25_load,0.494523
26948700,h25_load,0.490081
26949600,h25_load,0.483864
26950500,h25_load,0.464593
26951400,h25_load,0.448524
26952300,h25_load,0.427104
26953200,h25_load,0.406434
26954100,h25_load,0.385418
26955000,h25_load,0.366753
26955900,h25_load,0.349213
26956800,h25_load,0.326309
26957700,h25_load,0.307427
26958600,h25_load,0.293570
26959500,h25_load,0.280697
26960400,h25_load,0.270025
26961300,h25_load,0.261149
26962200,h25_load,0.253851
26963100,h25_load,0.245047
26964000,h25_load,0.242832
26964900,h25_load,0.237619
26965800,h25_load,0.234592
26966700,h25_load,0.232131
26967600,h25_load,0.231870
26968500,h25_load,0.229408
26969400,h25_load,0.226860
26970300,h25_load,0.226252
26971200,h25_load,0.226165
26972100,h25_load,0.224673
26973000,h25_load,0.225702
26973900,h25_load,0.230132
26974800,h25_load,0.231349
26975700,h25_load,0.229162
26976600,h25_load,0.232319
26977500,h25_load,0.237662
26978400,h25_load,0.252142
26979300,h25_load,0.263567
26980200,h25_load,0.275368
26981100,h25_load,0.288241
26982000,h25_load,0.308817
26982900,h25_load,0.327280
26983800,h25_load,0.353749
26984700,h25_load,0.383535
26985600,h25_load,0.412350
26986500,h25_load,0.441296
26987400,h25_load,0.460410
26988300,h25_load,0.478988
26989200,h25_load,0.497320
26990100,h25_load,0.519764
26991000,h25_load,0.536329
26991900,h25_load,0.551605
26992800,h25_load,0.565810
26993700,h25_load,0.579219
26994600,h25_load,0.594293
26995500,h25_load,0.610207
26996400,h25_load,0.633100
26997300,h25_load,0.657223
26998200,h25_load,0.672572
26999100,h25_load,0.673485
27000000,h25_load,0.656673
27000900,h25_load,0.643192
27001800,h25_load,0.628350
27002700,h25_load,0.611814
27003600,h25_load,0.591947
27004500,h25_load,0.578814
27005400,h25_load,0.568851
27006300,h25_load,0.556065
27007200,h25_load,0.545900
27008100,h25_load,0.538255
27009000,h25_load,0.533143
27009900,h25_load,0.530855
27010800,h25_load,0.532144
27011700,h25_load,0.530103
27012600,h25_load,0.529045
27013500,h25_load,0.532492
27014400,h25_load,0.541397
27015300,h25_load,0.554646
27016200,h25_load,0.578437
27017100,h25_load,0.607006
27018000,h25_load,0.642946
27018900,h25_load,0.670342
27019800,h25_load,0.685054
27020700,h25_load,0.696653
27021600,h25_load,0.701185
27022500,h25_load,0.698680
27023400,h25_load,0.689500
27024300,h25_load,0.681217
27025200,h25_load,0.668663
27026100,h25_load,0.655341
27027000,h25_load,0.639514
27027900,h25_load,0.625758
27028800,h25_load,0.610583
27029700,h25_load,0.586647
27030600,h25_load,0.559352
27031500,h25_load,0.540253
27032400,h25_load,0.523065
27033300,h25_load,0.505704
27034200,h25_load,0.487661
27035100,h25_load,0.481189
27036000,h25_load,0.468041
27036900,h25_load,0.439587
27037800,h25_load,0.414262
27038700,h25_load,0.389573
27039600,h25_load,0.368722
27040500,h25_load,0.344381
27041400,h25_load,0.323717
27042300,h25_load,0.302330
27043200,h25_load,0.284657
27044100,h25_load,0.266879
27045000,h25_load,0.252736
27045900,h25_load,0.241311
27046800,h25_load,0.233214
27047700,h25_load,0.225597
27048600,h25_load,0.221949
27049500,h25_load,0.215960
27050400,h25_load,0.216207
27051300,h25_load,0.214187
27052200,h25_load,0.213096
27053100,h25_load,0.213445
27054000,h25_load,0.214812
27054900,h25_load,0.214666
27055800,h25_load,0.216498
27056700,h25_load,0.217443
27057600,h25_load,0.222850
27058500,h25_load,0.225655
27059400,h25_load,0.231455
27060300,h25_load,0.240162
27061200,h25_load,0.250773
27062100,h25_load,0.257620
27063000,h25_load,0.272345
27063900,h25_load,0.291256
27064800,h25_load,0.324834
27065700,h25_load,0.351653
27066600,h25_load,0.372555
27067500,h25_load,0.384388
27068400,h25_load,0.391699
27069300,h25_load,0.388850
27070200,h25_load,0.379692
27071100,h25_load,0.369605
27072000,h25_load,0.359938
27072900,h25_load,0.353208
27073800,h25_load,0.342553
27074700,h25_load,0.335256
27075600,h25_load,0.332058
27076500,h25_load,0.330823
27077400,h25_load,0.328439
27078300,h25_load,0.326157
27079200,h25_load,0.323613
27080100,h25_load,0.326113
27081000,h25_load,0.330997
27081900,h25_load,0.336928
27082800,h25_load,0.346696
27083700,h25_load,0.359095
27084600,h25_load,0.369357
27085500,h25_load,0.376320
27086400,h25_load,0.379925
27087300,h25_load,0.382091
27088200,h25_load,0.383574
27089100,h25_load,0.383515
27090000,h25_load,0.381379
27090900,h25_load,0.382280
27091800,h25_load,0.382730
27092700,h25_load,0.377570
27093600,h25_load,0.373544
27094500,h25_load,0.372846
27095400,h25_load,0.372628
27096300,h25_load,0.376407
27097200,h25_load,0.385812
27098100,h25_load,0.388472
27099000,h25_load,0.393676
27099900,h25_load,0.404215
27100800,h25_load,0.426106
27101700,h25_load,0.445424
27102600,h25_load,0.473696
27103500,h25_load,0.505326
27104400,h25_load,0.547975
27105300,h25_load,0.577279
27106200,h25_load,0.596714
27107100,h25_load,0.615596
27108000,h25_load,0.630742
27108900,h25_load,0.638882
27109800,h25_load,0.642952
27110700,h25_load,0.645496
27111600,h25_load,0.642138
27112500,h25_load,0.635510
27113400,h25_load,0.627123
27114300,h25_load,0.616773
27115200,h25_load,0.603545
27116100,h25_load,0.584809
27117000,h25_load,0.561842
27117900,h25_load,0.543832
27118800,h25_load,0.528613
27119700,h25_load,0.513030
27120600,h25_load,0.495820
27121500,h25_load,0.488319
27122400,h25_load,0.477650
27123300,h25_load,0.450759
27124200,h25_load,0.426454
27125100,h25_load,0.402717
27126000,h25_load,0.381248
27126900,h25_load,0.356726
27127800,h25_load,0.335198
27128700,h25_load,0.313729
27129600,h25_load,0.285749
27130500,h25_load,0.267903
27131400,h25_load,0.253706
27132300,h25_load,0.242237
27133200,h25_load,0.234109
27134100,h25_load,0.226463
27135000,h25_load,0.222800
27135900,h25_load,0.216789
27136800,h25_load,0.217037
27137700,h25_load,0.215008
27138600,h25_load,0.213914
27139500,h25_load,0.214264
27140400,h25_load,0.215636
27141300,h25_load,0.215490
27142200,h25_load,0.217329
27143100,h25_load,0.218277
27144000,h25_load,0.223705
27144900,h25_load,0.226521
27145800,h25_load,0.232343
27146700,h25_load,0.241084
27147600,h25_load,0.251736
27148500,h25_load,0.258608
27149400,h25_load,0.273390
27150300,h25_load,0.292374
27151200,h25_load,0.326080
27152100,h25_load,0.353002
27153000,h25_load,0.373985
27153900,h25_load,0.385863
27154800,h25_load,0.393202
27155700,h25_load,0.390342
27156600,h25_load,0.381149
27157500,h25_load,0.371023
27158400,h25_load,0.361319
27159300,h25_load,0.354563
27160200,h25_load,0.343868
27161100,h25_load,0.336543
27162000,h25_load,0.333332
27162900,h25_load,0.332092
27163800,h25_load,0.329699
27164700,h25_load,0.327408
27165600,h25_load,0.324855
27166500,h25_load,0.327364
27167400,h25_load,0.332267
27168300,h25_load,0.338221
27169200,h25_load,0.348026
27170100,h25_load,0.360473
27171000,h25_load,0.370775
27171900,h25_load,0.377764
27172800,h25_load,0.381383
27173700,h25_load,0.383557
27174600,h25_load,0.385045
27175500,h25_load,0.384987
27176400,h25_load,0.382842
27177300,h25_load,0.383747
27178200,h25_load,0.384199
27179100,h25_load,0.379019
27180000,h25_load,0.374977
27180900,h25_load,0.374277
27181800,h25_load,0.374058
27182700,h25_load,0.377852
27183600,h25_load,0.387293
27184500,h25_load,0.389963
27185400,h25_load,0.395187
27186300,h25_load,0.405766
27187200,h25_load,0.427741
27188100,h25_load,0.447133
27189000,h25_load,0.475514
27189900,h25_load,0.507265
27190800,h25_load,0.550077
27191700,h25_load,0.579494
27192600,h25_load,0.599003
27193500,h25_load,0.617958
27194400,h25_load,0.633162
27195300,h25_load,0.641334
27196200,h25_load,0.645419
27197100,h25_load,0.647973
27198000,h25_load,0.644602
27198900,h25_load,0.637948
27199800,h25_load,0.629529
27200700,h25_load,0.619140
27201600,h25_load,0.605861
27202500,h25_load,0.587053
27203400,h25_load,0.563998
27204300,h25_load,0.545919
27205200,h25_load,0.530641
27206100,h25_load,0.514999
27207000,h25_load,0.497722
27207900,h25_load,0.490193
27208800,h25_load,0.479483
27209700,h25_load,0.452488
27210600,h25_load,0.428091
27211500,h25_load,0.404263
27212400,h25_load,0.382711
27213300,h25_load,0.358095
27214200,h25_load,0.336484
27215100,h25_load,0.314932
27216000,h25_load,0.286841
27216900,h25_load,0.268927
27217800,h25_load,0.254675
27218700,h25_load,0.243162
27219600,h25_load,0.235003
27220500,h25_load,0.227328
27221400,h25_load,0.223652
27222300,h25_load,0.217617
27223200,h25_load,0.217866
27224100,h25_load,0.215830
27225000,h25_load,0.214731
27225900,h25_load,0.215083
27226800,h25_load,0.216460
27227700,h25_load,0.216313
27228600,h25_load,0.218159
27229500,h25_load,0.219111
27230400,h25_load,0.224560
27231300,h25_load,0.227387
27232200,h25_load,0.233231
27233100,h25_load,0.242005
27234000,h25_load,0.252697
27234900,h25_load,0.259596
27235800,h25_load,0.274434
27236700,h25_load,0.293491
27237600,h25_load,0.327326
27238500,h25_load,0.354351
27239400,h25_load,0.375414
27240300,h25_load,0.387337
27241200,h25_load,0.394704
27242100,h25_load,0.391833
27243000,h25_load,0.382605
27243900,h25_load,0.372440
27244800,h25_load,0.362700
27245700,h25_load,0.355918
27246600,h25_load,0.345181
27247500,h25_load,0.337828
27248400,h25_load,0.334606
27249300,h25_load,0.333361
27250200,h25_load,0.330959
27251100,h25_load,0.328659
27252000,h25_load,0.326096
27252900,h25_load,0.328615
27253800,h25_load,0.333537
27254700,h25_load,0.339513
27255600,h25_load,0.349356
27256500,h25_load,0.361850
27257400,h25_load,0.372191
27258300,h25_load,0.379207
27259200,h25_load,0.382840
27260100,h25_load,0.385022
27261000,h25_load,0.386516
27261900,h25_load,0.386458
27262800,h25_load,0.384305
27263700,h25_load,0.385213
27264600,h25_load,0.385667
27265500,h25_load,0.380467
27266400,h25_load,0.376410
27267300,h25_load,0.375707
27268200,h25_load,0.375487
27269100,h25_load,0.379295
27270000,h25_load,0.388772
27270900,h25_load,0.391453
27271800,h25_load,0.396696
27272700,h25_load,0.407316
27273600,h25_load,0.429375
27274500,h25_load,0.448841
27275400,h25_load,0.477330
27276300,h25_load,0.509203
27277200,h25_load,0.552179
27278100,h25_load,0.581708
27279000,h25_load,0.601292
27279900,h25_load,0.620319
27280800,h25_load,0.635581
27281700,h25_load,0.643784
27282600,h25_load,0.647885
27283500,h25_load,0.650448
27284400,h25_load,0.647065
27285300,h25_load,0.640386
27286200,h25_load,0.631934
27287100,h25_load,0.621505
27288000,h25_load,0.608176
27288900,h25_load,0.589295
27289800,h25_load,0.566152
27290700,h25_load,0.548004
27291600,h25_load,0.532668
27292500,h25_load,0.516966
27293400,h25_load,0.499624
27294300,h25_load,0.492066
27295200,h25_load,0.481315
27296100,h25_load,0.454217
27297000,h25_load,0.429726
27297900,h25_load,0.405807
27298800,h25_load,0.384173
27299700,h25_load,0.359463
27300600,h25_load,0.337770
27301500,h25_load,0.316135
27302400,h25_load,0.287931
27303300,h25_load,0.269949
27304200,h25_load,0.255643
27305100,h25_load,0.244087
27306000,h25_load,0.235897
27306900,h25_load,0.228193
27307800,h25_load,0.224502
27308700,h25_load,0.218444
27309600,h25_load,0.218694
27310500,h25_load,0.216651
27311400,h25_load,0.215548
27312300,h25_load,0.215901
27313200,h25_load,0.217283
27314100,h25_load,0.217136
27315000,h25_load,0.218988
27315900,h25_load,0.219944
27316800,h25_load,0.225414
27317700,h25_load,0.228251
27318600,h25_load,0.234118
27319500,h25_load,0.242925
27320400,h25_load,0.253658
27321300,h25_load,0.260584
27322200,h25_load,0.275478
27323100,h25_load,0.294607
27324000,h25_load,0.328571
27324900,h25_load,0.355698
27325800,h25_load,0.376841
27326700,h25_load,0.388809
27327600,h25_load,0.396205
27328500,h25_load,0.393323
27329400,h25_load,0.384060
27330300,h25_load,0.373856
27331200,h25_load,0.364079
27332100,h25_load,0.357271
27333000,h25_load,0.346494
27333900,h25_load,0.339113
27334800,h25_load,0.335878
27335700,h25_load,0.334628
27336600,h25_load,0.332217
27337500,h25_load,0.329909
27338400,h25_load,0.327336
27339300,h25_load,0.329865
27340200,h25_load,0.334805
27341100,h25_load,0.340804
27342000,h25_load,0.350684
27342900,h25_load,0.363226
27343800,h25_load,0.373606
27344700,h25_load,0.380649
27345600,h25_load,0.384296
27346500,h25_load,0.386486
27347400,h25_load,0.387986
27348300,h25_load,0.387927
27349200,h25_load,0.385766
27350100,h25_load,0.386678
27351000,h25_load,0.387133
27351900,h25_load,0.381914
27352800,h25_load,0.377841
27353700,h25_load,0.377135
27354600,h25_load,0.376915
27355500,h25_load,0.380737
27356400,h25_load,0.390250
27357300,h25_load,0.392941
27358200,h25_load,0.398205
27359100,h25_load,0.408865
27360000,h25_load,0.431007
27360900,h25_load,0.450548
27361800,h25_load,0.479146
27362700,h25_load,0.511140
27363600,h25_load,0.554278
27364500,h25_load,0.583920
27365400,h25_load,0.603578
27366300,h25_load,0.622677
27367200,h25_load,0.637998
27368100,h25_load,0.646232
27369000,h25_load,0.650349
27369900,h25_load,0.652922
27370800,h25_load,0.649525
27371700,h25_load,0.642821
27372600,h25_load,0.634337
27373500,h25_load,0.623868
27374400,h25_load,0.610489
27375300,h25_load,0.591536
27376200,h25_load,0.568305
27377100,h25_load,0.550088
27378000,h25_load,0.534694
27378900,h25_load,0.518932
27379800,h25_load,0.501524
27380700,h25_load,0.493937
27381600,h25_load,0.483145
27382500,h25_load,0.455944
27383400,h25_load,0.431360
27384300,h25_load,0.407350
27385200,h25_load,0.385634
27386100,h25_load,0.360829
27387000,h25_load,0.339054
27387900,h25_load,0.317338
27388800,h25_load,0.289021
27389700,h25_load,0.270971
27390600,h25_load,0.256611
27391500,h25_load,0.245010
27392400,h25_load,0.236790
27393300,h25_load,0.229056
27394200,h25_load,0.225352
27395100,h25_load,0.219271
27396000,h25_load,0.219522
27396900,h25_load,0.217470
27397800,h25_load,0.216363
27398700,h25_load,0.216718
27399600,h25_load,0.218105
27400500,h25_load,0.217957
27401400,h25_load,0.219817
27402300,h25_load,0.220776
27403200,h25_load,0.226267
27404100,h25_load,0.229115
27405000,h25_load,0.235004
27405900,h25_load,0.243844
27406800,h25_load,0.254618
27407700,h25_load,0.261570
27408600,h25_load,0.276520
27409500,h25_load,0.295721
27410400,h25_load,0.329814
27411300,h25_load,0.357044
27412200,h25_load,0.378267
27413100,h25_load,0.390281
27414000,h25_load,0.397704
27414900,h25_load,0.394812
27415800,h25_load,0.385514
27416700,h25_load,0.375271
27417600,h25_load,0.365457
27418500,h25_load,0.358623
27419400,h25_load,0.347805
27420300,h25_load,0.340396
27421200,h25_load,0.337149
27422100,h25_load,0.335895
27423000,h25_load,0.333474
27423900,h25_load,0.331157
27424800,h25_load,0.328574
27425700,h25_load,0.331113
27426600,h25_load,0.336072
27427500,h25_load,0.342093
27428400,h25_load,0.352011
27429300,h25_load,0.364601
27430200,h25_load,0.375020
27431100,h25_load,0.382090
27432000,h25_load,0.385750
27432900,h25_load,0.387949
27433800,h25_load,0.389454
27434700,h25_load,0.389395
27435600,h25_load,0.387226
27436500,h25_load,0.388141
27437400,h25_load,0.388598
27438300,h25_load,0.383359
27439200,h25_load,0.379271
27440100,h25_load,0.378562
27441000,h25_load,0.378341
27441900,h25_load,0.382178
27442800,h25_load,0.391727
27443700,h25_load,0.394428
27444600,h25_load,0.399712
27445500,h25_load,0.410412
27446400,h25_load,0.432638
27447300,h25_load,0.452253
27448200,h25_load,0.480959
27449100,h25_load,0.513074
27450000,h25_load,0.556376
27450900,h25_load,0.586130
27451800,h25_load,0.605862
27452700,h25_load,0.625034
27453600,h25_load,0.640412
27454500,h25_load,0.648677
27455400,h25_load,0.652810
27456300,h25_load,0.655392
27457200,h25_load,0.651983
27458100,h25_load,0.645253
27459000,h25_load,0.636737
27459900,h25_load,0.626229
27460800,h25_load,0.612799
27461700,h25_load,0.593775
27462600,h25_load,0.570456
27463500,h25_load,0.552170
27464400,h25_load,0.536717
27465300,h25_load,0.520896
27466200,h25_load,0.503421
27467100,h25_load,0.495806
27468000,h25_load,0.484973
27468900,h25_load,0.457669
27469800,h25_load,0.432993
27470700,h25_load,0.408892
27471600,h25_load,0.387093
27472500,h25_load,0.362195
27473400,h25_load,0.340337
27474300,h25_load,0.318538
27475200,h25_load,0.321575
27476100,h25_load,0.301220
27477000,h25_load,0.285857
27477900,h25_load,0.272287
27478800,h25_load,0.262643
27479700,h25_load,0.254081
27480600,h25_load,0.247621
27481500,h25_load,0.239755
27482400,h25_load,0.237266
27483300,h25_load,0.233533
27484200,h25_load,0.230718
27485100,h25_load,0.228200
27486000,h25_load,0.228970
27486900,h25_load,0.226926
27487800,h25_load,0.225681
27488700,h25_load,0.225711
27489600,h25_load,0.228407
27490500,h25_load,0.226852
27491400,h25_load,0.228763
27492300,h25_load,0.232970
27493200,h25_load,0.233755
27494100,h25_load,0.232496
27495000,h25_load,0.235977
27495900,h25_load,0.244629
27496800,h25_load,0.264939
27497700,h25_load,0.280035
27498600,h25_load,0.298183
27499500,h25_load,0.314879
27500400,h25_load,0.341663
27501300,h25_load,0.364877
27502200,h25_load,0.390728
27503100,h25_load,0.418668
27504000,h25_load,0.441497
27504900,h25_load,0.461733
27505800,h25_load,0.472947
27506700,h25_load,0.483717
27507600,h25_load,0.492650
27508500,h25_load,0.502295
27509400,h25_load,0.508443
27510300,h25_load,0.513391
27511200,h25_load,0.521124
27512100,h25_load,0.528190
27513000,h25_load,0.535242
27513900,h25_load,0.542530
27514800,h25_load,0.554323
27515700,h25_load,0.569507
27516600,h25_load,0.579640
27517500,h25_load,0.583936
27518400,h25_load,0.576633
27519300,h25_load,0.570129
27520200,h25_load,0.564633
27521100,h25_load,0.556456
27522000,h25_load,0.547789
27522900,h25_load,0.542530
27523800,h25_load,0.537212
27524700,h25_load,0.531997
27525600,h25_load,0.525316
27526500,h25_load,0.526175
27527400,h25_load,0.526323
27528300,h25_load,0.526472
27529200,h25_load,0.527346
27530100,h25_load,0.529834
27531000,h25_load,0.532042
27531900,h25_load,0.537330
27532800,h25_load,0.549256
27533700,h25_load,0.565655
27534600,h25_load,0.587033
27535500,h25_load,0.612113
27536400,h25_load,0.646216
27537300,h25_load,0.670289
27538200,h25_load,0.685874
27539100,h25_load,0.693948
27540000,h25_load,0.694999
27540900,h25_load,0.693696
27541800,h25_load,0.684540
27542700,h25_load,0.672852
27543600,h25_load,0.661223
27544500,h25_load,0.649845
27545400,h25_load,0.634127
27546300,h25_load,0.619180
27547200,h25_load,0.605076
27548100,h25_load,0.583210
27549000,h25_load,0.563152
27549900,h25_load,0.547863
27550800,h25_load,0.535271
27551700,h25_load,0.521835
27552600,h25_load,0.507894
27553500,h25_load,0.503332
27554400,h25_load,0.496947
27555300,h25_load,0.477155
27556200,h25_load,0.460652
27557100,h25_load,0.438652
27558000,h25_load,0.417423
27558900,h25_load,0.395839
27559800,h25_load,0.376669
27560700,h25_load,0.358655
27561600,h25_load,0.335091
27562500,h25_load,0.315701
27563400,h25_load,0.301470
27564300,h25_load,0.288251
27565200,h25_load,0.277292
27566100,h25_load,0.268177
27567000,h25_load,0.260682
27567900,h25_load,0.251642
27568800,h25_load,0.249367
27569700,h25_load,0.244013
27570600,h25_load,0.240906
27571500,h25_load,0.238378
27572400,h25_load,0.238110
27573300,h25_load,0.235582
27574200,h25_load,0.232965
27575100,h25_load,0.232341
27576000,h25_load,0.232251
27576900,h25_load,0.230720
27577800,h25_load,0.231776
27578700,h25_load,0.236326
27579600,h25_load,0.237575
27580500,h25_load,0.235329
27581400,h25_load,0.238571
27582300,h25_load,0.244058
27583200,h25_load,0.258928
27584100,h25_load,0.270660
27585000,h25_load,0.282779
27585900,h25_load,0.295998
27586800,h25_load,0.317128
27587700,h25_load,0.336087
27588600,h25_load,0.363269
27589500,h25_load,0.393856
27590400,h25_load,0.423447
27591300,h25_load,0.453172
27592200,h25_load,0.472800
27593100,h25_load,0.491878
27594000,h25_load,0.510703
27594900,h25_load,0.533752
27595800,h25_load,0.550763
27596700,h25_load,0.566450
27597600,h25_load,0.581038
27598500,h25_load,0.594807
27599400,h25_load,0.610286
27600300,h25_load,0.626628
27601200,h25_load,0.650137
27602100,h25_load,0.674911
27603000,h25_load,0.690673
27603900,h25_load,0.691609
27604800,h25_load,0.674346
27605700,h25_load,0.660502
27606600,h25_load,0.645260
27607500,h25_load,0.628279
27608400,h25_load,0.607877
27609300,h25_load,0.594391
27610200,h25_load,0.584160
27611100,h25_load,0.571030
27612000,h25_load,0.560592
27612900,h25_load,0.552740
27613800,h25_load,0.547491
27614700,h25_load,0.545142
27615600,h25_load,0.546465
27616500,h25_load,0.544369
27617400,h25_load,0.543283
27618300,h25_load,0.546822
27619200,h25_load,0.555967
27620100,h25_load,0.569573
27621000,h25_load,0.594004
27621900,h25_load,0.623342
27622800,h25_load,0.660249
27623700,h25_load,0.688383
27624600,h25_load,0.703490
27625500,h25_load,0.715401
27626400,h25_load,0.720055
27627300,h25_load,0.717483
27628200,h25_load,0.708055
27629100,h25_load,0.699550
27630000,h25_load,0.686658
27630900,h25_load,0.672977
27631800,h25_load,0.656725
27632700,h25_load,0.642598
27633600,h25_load,0.627015
27634500,h25_load,0.602435
27635400,h25_load,0.574406
27636300,h25_load,0.554792
27637200,h25_load,0.537142
27638100,h25_load,0.519313
27639000,h25_load,0.500785
27639900,h25_load,0.494138
27640800,h25_load,0.480637
27641700,h25_load,0.451417
27642600,h25_load,0.425410
27643500,h25_load,0.400057
27644400,h25_load,0.378645
27645300,h25_load,0.353648
27646200,h25_load,0.332429
27647100,h25_load,0.310467
27648000,h25_load,0.292280
27648900,h25_load,0.274026
27649800,h25_load,0.259504
27650700,h25_load,0.247773
27651600,h25_load,0.239459
27652500,h25_load,0.231639
27653400,h25_load,0.227892
27654300,h25_load,0.221743
27655200,h25_load,0.221997
27656100,h25_load,0.219922
27657000,h25_load,0.218803
27657900,h25_load,0.219161
27658800,h25_load,0.220564
27659700,h25_load,0.220415
27660600,h25_load,0.222296
27661500,h25_load,0.223266
27662400,h25_load,0.228818
27663300,h25_load,0.231698
27664200,h25_load,0.237654
27665100,h25_load,0.246594
27666000,h25_load,0.257489
27666900,h25_load,0.264519
27667800,h25_load,0.279638
27668700,h25_load,0.299056
27669600,h25_load,0.333533
27670500,h25_load,0.361070
27671400,h25_load,0.382532
27672300,h25_load,0.394681
27673200,h25_load,0.402189
27674100,h25_load,0.399263
27675000,h25_load,0.389860
27675900,h25_load,0.379502
27676800,h25_load,0.369577
27677700,h25_load,0.362667
27678600,h25_load,0.351727
27679500,h25_load,0.344234
27680400,h25_load,0.340951
27681300,h25_load,0.339682
27682200,h25_load,0.337234
27683100,h25_load,0.334891
27684000,h25_load,0.332279
27684900,h25_load,0.334846
27685800,h25_load,0.339861
27686700,h25_load,0.345951
27687600,h25_load,0.355980
27688500,h25_load,0.368711
27689400,h25_load,0.379249
27690300,h25_load,0.386398
27691200,h25_load,0.390099
27692100,h25_load,0.392323
27693000,h25_load,0.393845
27693900,h25_load,0.393786
27694800,h25_load,0.391592
27695700,h25_load,0.392517
27696600,h25_load,0.392980
27697500,h25_load,0.387681
27698400,h25_load,0.383547
27699300,h25_load,0.382831
27700200,h25_load,0.382607
27701100,h25_load,0.386487
27702000,h25_load,0.396144
27702900,h25_load,0.398875
27703800,h25_load,0.404218
27704700,h25_load,0.415039
27705600,h25_load,0.437516
27706500,h25_load,0.457352
27707400,h25_load,0.486381
27708300,h25_load,0.518859
27709200,h25_load,0.562649
27710100,h25_load,0.592738
27711000,h25_load,0.612693
27711900,h25_load,0.632081
27712800,h25_load,0.647633
27713700,h25_load,0.655991
27714600,h25_load,0.660170
27715500,h25_load,0.662782
27716400,h25_load,0.659334
27717300,h25_load,0.652528
27718200,h25_load,0.643917
27719100,h25_load,0.633290
27720000,h25_load,0.619708
27720900,h25_load,0.600469
27721800,h25_load,0.576888
27722700,h25_load,0.558395
27723600,h25_load,0.542769
27724500,h25_load,0.526769
27725400,h25_load,0.509098
27726300,h25_load,0.501396
27727200,h25_load,0.490441
27728100,h25_load,0.462830
27729000,h25_load,0.437875
27729900,h25_load,0.413502
27730800,h25_load,0.391457
27731700,h25_load,0.366279
27732600,h25_load,0.344174
27733500,h25_load,0.322130
27734400,h25_load,0.293362
27735300,h25_load,0.275041
27736200,h25_load,0.260465
27737100,h25_load,0.248690
27738000,h25_load,0.240346
27738900,h25_load,0.232496
27739800,h25_load,0.228736
27740700,h25_load,0.222564
27741600,h25_load,0.222819
27742500,h25_load,0.220737
27743400,h25_load,0.219613
27744300,h25_load,0.219973
27745200,h25_load,0.221381
27746100,h25_load,0.221231
27747000,h25_load,0.223118
27747900,h25_load,0.224092
27748800,h25_load,0.229665
27749700,h25_load,0.232556
27750600,h25_load,0.238533
27751500,h25_load,0.247507
27752400,h25_load,0.258442
27753300,h25_load,0.265498
27754200,h25_load,0.280673
27755100,h25_load,0.300163
27756000,h25_load,0.334767
27756900,h25_load,0.362406
27757800,h25_load,0.383948
27758700,h25_load,0.396142
27759600,h25_load,0.403677
27760500,h25_load,0.400741
27761400,h25_load,0.391304
27762300,h25_load,0.380907
27763200,h25_load,0.370945
27764100,h25_load,0.364009
27765000,h25_load,0.353029
27765900,h25_load,0.345508
27766800,h25_load,0.342213
27767700,h25_load,0.340939
27768600,h25_load,0.338483
27769500,h25_load,0.336131
27770400,h25_load,0.333509
27771300,h25_load,0.336086
27772200,h25_load,0.341119
27773100,h25_load,0.347231
27774000,h25_load,0.357298
27774900,h25_load,0.370076
27775800,h25_load,0.380653
27776700,h25_load,0.387828
27777600,h25_load,0.391543
27778500,h25_load,0.393775
27779400,h25_load,0.395303
27780300,h25_load,0.395243
27781200,h25_load,0.393041
27782100,h25_load,0.393970
27783000,h25_load,0.394435
27783900,h25_load,0.389116
27784800,h25_load,0.384967
27785700,h25_load,0.384248
27786600,h25_load,0.384023
27787500,h25_load,0.387918
27788400,h25_load,0.397610
27789300,h25_load,0.400352
27790200,h25_load,0.405715
27791100,h25_load,0.416576
27792000,h25_load,0.439136
27792900,h25_load,0.459045
27793800,h25_load,0.488182
27794700,h25_load,0.520779
27795600,h25_load,0.564732
27796500,h25_load,0.594932
27797400,h25_load,0.614961
27798300,h25_load,0.634421
27799200,h25_load,0.650030
27800100,h25_load,0.658420
27801000,h25_load,0.662614
27801900,h25_load,0.665236
27802800,h25_load,0.661775
27803700,h25_load,0.654944
27804600,h25_load,0.646300
27805500,h25_load,0.635634
27806400,h25_load,0.622002
27807300,h25_load,0.602692
27808200,h25_load,0.579023
27809100,h25_load,0.560463
27810000,h25_load,0.544778
27810900,h25_load,0.528719
27811800,h25_load,0.510982
27812700,h25_load,0.503252
27813600,h25_load,0.492257
27814500,h25_load,0.464543
27815400,h25_load,0.439496
27816300,h25_load,0.415033
27817200,h25_load,0.392907
27818100,h25_load,0.367635
27819000,h25_load,0.345449
27819900,h25_load,0.323322
27820800,h25_load,0.294441
27821700,h25_load,0.276052
27822600,h25_load,0.261423
27823500,h25_load,0.249605
27824400,h25_load,0.241230
27825300,h25_load,0.233352
27826200,h25_load,0.229578
27827100,h25_load,0.223383
27828000,h25_load,0.223639
27828900,h25_load,0.221549
27829800,h25_load,0.220421
27830700,h25_load,0.220782
27831600,h25_load,0.222195
27832500,h25_load,0.222045
27833400,h25_load,0.223939
27834300,h25_load,0.224917
27835200,h25_load,0.230510
27836100,h25_load,0.233412
27837000,h25_load,0.239411
27837900,h25_load,0.248417
27838800,h25_load,0.259393
27839700,h25_load,0.266475
27840600,h25_load,0.281706
27841500,h25_load,0.301267
27842400,h25_load,0.335999
27843300,h25_load,0.363740
27844200,h25_load,0.385361
27845100,h25_load,0.397600
27846000,h25_load,0.405163
27846900,h25_load,0.402216
27847800,h25_load,0.392743
27848700,h25_load,0.382309
27849600,h25_load,0.372310
27850500,h25_load,0.365349
27851400,h25_load,0.354328
27852300,h25_load,0.346780
27853200,h25_load,0.343472
27854100,h25_load,0.342194
27855000,h25_load,0.339728
27855900,h25_load,0.337367
27856800,h25_load,0.334736
27857700,h25_load,0.337322
27858600,h25_load,0.342374
27859500,h25_load,0.348509
27860400,h25_load,0.358613
27861300,h25_load,0.371438
27862200,h25_load,0.382053
27863100,h25_load,0.389255
27864000,h25_load,0.392984
27864900,h25_load,0.395224
27865800,h25_load,0.396758
27866700,h25_load,0.396698
27867600,h25_load,0.394487
27868500,h25_load,0.395420
27869400,h25_load,0.395886
27870300,h25_load,0.390548
27871200,h25_load,0.386383
27872100,h25_load,0.385662
27873000,h25_load,0.385436
27873900,h25_load,0.389345
27874800,h25_load,0.399073
27875700,h25_load,0.401825
27876600,h25_load,0.407207
27877500,h25_load,0.418108
27878400,h25_load,0.440752
27879300,h25_load,0.460734
27880200,h25_load,0.489978
27881100,h25_load,0.522695
27882000,h25_load,0.566810
27882900,h25_load,0.597121
27883800,h25_load,0.617224
27884700,h25_load,0.636755
27885600,h25_load,0.652422
27886500,h25_load,0.660842
27887400,h25_load,0.665052
27888300,h25_load,0.667683
27889200,h25_load,0.664210
27890100,h25_load,0.657354
27891000,h25_load,0.648678
27891900,h25_load,0.637973
27892800,h25_load,0.624291
27893700,h25_load,0.604910
27894600,h25_load,0.581154
27895500,h25_load,0.562525
27896400,h25_load,0.546782
27897300,h25_load,0.530664
27898200,h25_load,0.512862
27899100,h25_load,0.505104
27900000,h25_load,0.494068
27900900,h25_load,0.466252
27901800,h25_load,0.441113
27902700,h25_load,0.416560
27903600,h25_load,0.394352
27904500,h25_load,0.368987
27905400,h25_load,0.346720
27906300,h25_load,0.324512
27907200,h25_load,0.295517
27908100,h25_load,0.277062
27909000,h25_load,0.262379
27909900,h25_load,0.250518
27910800,h25_load,0.242112
27911700,h25_load,0.234205
27912600,h25_load,0.230417
27913500,h25_load,0.224200
27914400,h25_load,0.224456
27915300,h25_load,0.222359
27916200,h25_load,0.221227
27917100,h25_load,0.221589
27918000,h25_load,0.223008
27918900,h25_load,0.222857
27919800,h25_load,0.224758
27920700,h25_load,0.225739
27921600,h25_load,0.231353
27922500,h25_load,0.234265
27923400,h25_load,0.240286
27924300,h25_load,0.249325
27925200,h25_load,0.260341
27926100,h25_load,0.267449
27927000,h25_load,0.282736
27927900,h25_load,0.302368
27928800,h25_load,0.337228
27929700,h25_load,0.365070
27930600,h25_load,0.386770
27931500,h25_load,0.399053
27932400,h25_load,0.406644
27933300,h25_load,0.403686
27934200,h25_load,0.394179
27935100,h25_load,0.383706
27936000,h25_load,0.373671
27936900,h25_load,0.366684
27937800,h25_load,0.355623
27938700,h25_load,0.348047
27939600,h25_load,0.344728
27940500,h25_load,0.343445
27941400,h25_load,0.340970
27942300,h25_load,0.338601
27943200,h25_load,0.335960
27944100,h25_load,0.338556
27945000,h25_load,0.343626
27945900,h25_load,0.349783
27946800,h25_load,0.359924
27947700,h25_load,0.372796
27948600,h25_load,0.383450
27949500,h25_load,0.390678
27950400,h25_load,0.394421
27951300,h25_load,0.396669
27952200,h25_load,0.398208
27953100,h25_load,0.398148
27954000,h25_load,0.395930
27954900,h25_load,0.396865
27955800,h25_load,0.397333
27956700,h25_load,0.391976
27957600,h25_load,0.387796
27958500,h25_load,0.387071
27959400,h25_load,0.386845
27960300,h25_load,0.390769
27961200,h25_load,0.400532
27962100,h25_load,0.403294
27963000,h25_load,0.408696
27963900,h25_load,0.419637
27964800,h25_load,0.442363
27965700,h25_load,0.462418
27966600,h25_load,0.491769
27967500,h25_load,0.524606
27968400,h25_load,0.568882
27969300,h25_load,0.599304
27970200,h25_load,0.619480
27971100,h25_load,0.639083
27972000,h25_load,0.654807
27972900,h25_load,0.663258
27973800,h25_load,0.667483
27974700,h25_load,0.670124
27975600,h25_load,0.666638
27976500,h25_load,0.659757
27977400,h25_load,0.651050
27978300,h25_load,0.640305
27979200,h25_load,0.626573
27980100,h25_load,0.607121
27981000,h25_load,0.583278
27981900,h25_load,0.564581
27982800,h25_load,0.548781
27983700,h25_load,0.532604
27984600,h25_load,0.514737
27985500,h25_load,0.506950
27986400,h25_load,0.495874
27987300,h25_load,0.467957
27988200,h25_load,0.442725
27989100,h25_load,0.418082
27990000,h25_load,0.395794
27990900,h25_load,0.370336
27991800,h25_load,0.347987
27992700,h25_load,0.325698
27993600,h25_load,0.296591
27994500,h25_load,0.278068
27995400,h25_load,0.263332
27996300,h25_load,0.251427
27997200,h25_load,0.242991
27998100,h25_load,0.235055
27999000,h25_load,0.231254
27999900,h25_load,0.225014
28000800,h25_load,0.225271
28001700,h25_load,0.223166
28002600,h25_load,0.222030
28003500,h25_load,0.222394
28004400,h25_load,0.223817
28005300,h25_load,0.223666
28006200,h25_load,0.225574
28007100,h25_load,0.226559
28008000,h25_load,0.232193
28008900,h25_load,0.235116
28009800,h25_load,0.241159
28010700,h25_load,0.250231
28011600,h25_load,0.261287
28012500,h25_load,0.268420
28013400,h25_load,0.283763
28014300,h25_load,0.303467
28015200,h25_load,0.338452
28016100,h25_load,0.366395
28017000,h25_load,0.388174
28017900,h25_load,0.400503
28018800,h25_load,0.408121
28019700,h25_load,0.405152
28020600,h25_load,0.395611
28021500,h25_load,0.385100
28022400,h25_load,0.375028
28023300,h25_load,0.368016
28024200,h25_load,0.356914
28025100,h25_load,0.349311
28026000,h25_load,0.345979
28026900,h25_load,0.344692
28027800,h25_load,0.342208
28028700,h25_load,0.339830
28029600,h25_load,0.337180
28030500,h25_load,0.339785
28031400,h25_load,0.344874
28032300,h25_load,0.351053
28033200,h25_load,0.361231
28034100,h25_load,0.374150
28035000,h25_load,0.384842
28035900,h25_load,0.392097
28036800,h25_load,0.395853
28037700,h25_load,0.398110
28038600,h25_load,0.399654
28039500,h25_load,0.399594
28040400,h25_load,0.397368
28041300,h25_load,0.398307
28042200,h25_load,0.398776
28043100,h25_load,0.393399
28044000,h25_load,0.389204
28044900,h25_load,0.388477
28045800,h25_load,0.388250
28046700,h25_load,0.392188
28047600,h25_load,0.401987
28048500,h25_load,0.404758
28049400,h25_load,0.410180
28050300,h25_load,0.421161
28051200,h25_load,0.443970
28052100,h25_load,0.464098
28053000,h25_load,0.493555
28053900,h25_load,0.526512
28054800,h25_load,0.570948
28055700,h25_load,0.601481
28056600,h25_load,0.621730
28057500,h25_load,0.641404
28058400,h25_load,0.657185
28059300,h25_load,0.665667
28060200,h25_load,0.669907
28061100,h25_load,0.672558
28062000,h25_load,0.669059
28062900,h25_load,0.662153
28063800,h25_load,0.653414
28064700,h25_load,0.642631
28065600,h25_load,0.628848
28066500,h25_load,0.609326
28067400,h25_load,0.585397
28068300,h25_load,0.566631
28069200,h25_load,0.550774
28070100,h25_load,0.534539
28071000,h25_load,0.516607
28071900,h25_load,0.508792
28072800,h25_load,0.497675
28073700,h25_load,0.469656
28074600,h25_load,0.444333
28075500,h25_load,0.419601
28076400,h25_load,0.397231
28077300,h25_load,0.371681
28078200,h25_load,0.349251
28079100,h25_load,0.326881
28080000,h25_load,0.329945
28080900,h25_load,0.309060
28081800,h25_load,0.293298
28082700,h25_load,0.279375
28083600,h25_load,0.269480
28084500,h25_load,0.260694
28085400,h25_load,0.254067
28086300,h25_load,0.245996
28087200,h25_load,0.243442
28088100,h25_load,0.239612
28089000,h25_load,0.236724
28089900,h25_load,0.234140
28090800,h25_load,0.234930
28091700,h25_load,0.232833
28092600,h25_load,0.231556
28093500,h25_load,0.231586
28094400,h25_load,0.234353
28095300,h25_load,0.232757
28096200,h25_load,0.234717
28097100,h25_load,0.239034
28098000,h25_load,0.239840
28098900,h25_load,0.238548
28099800,h25_load,0.242120
28100700,h25_load,0.250997
28101600,h25_load,0.271836
28102500,h25_load,0.287324
28103400,h25_load,0.305944
28104300,h25_load,0.323075
28105200,h25_load,0.350556
28106100,h25_load,0.374374
28107000,h25_load,0.400898
28107900,h25_load,0.429565
28108800,h25_load,0.452988
28109700,h25_load,0.473752
28110600,h25_load,0.485258
28111500,h25_load,0.496308
28112400,h25_load,0.505474
28113300,h25_load,0.515369
28114200,h25_load,0.521677
28115100,h25_load,0.526754
28116000,h25_load,0.534688
28116900,h25_load,0.541938
28117800,h25_load,0.549174
28118700,h25_load,0.556652
28119600,h25_load,0.568751
28120500,h25_load,0.584331
28121400,h25_load,0.594728
28122300,h25_load,0.599136
28123200,h25_load,0.591642
28124100,h25_load,0.584969
28125000,h25_load,0.579330
28125900,h25_load,0.570940
28126800,h25_load,0.562048
28127700,h25_load,0.556652
28128600,h25_load,0.551195
28129500,h25_load,0.545845
28130400,h25_load,0.538990
28131300,h25_load,0.539871
28132200,h25_load,0.540023
28133100,h25_load,0.540175
28134000,h25_load,0.541072
28134900,h25_load,0.543626
28135800,h25_load,0.545890
28136700,h25_load,0.551317
28137600,h25_load,0.563553
28138500,h25_load,0.580379
28139400,h25_load,0.602313
28140300,h25_load,0.628046
28141200,h25_load,0.663036
28142100,h25_load,0.687736
28143000,h25_load,0.703727
28143900,h25_load,0.712011
28144800,h25_load,0.713090
28145700,h25_load,0.711752
28146600,h25_load,0.702359
28147500,h25_load,0.690366
28148400,h25_load,0.678434
28149300,h25_load,0.666760
28150200,h25_load,0.650633
28151100,h25_load,0.635296
28152000,h25_load,0.620826
28152900,h25_load,0.598391
28153800,h25_load,0.577810
28154700,h25_load,0.562124
28155600,h25_load,0.549204
28156500,h25_load,0.535418
28157400,h25_load,0.521115
28158300,h25_load,0.516433
28159200,h25_load,0.509882
28160100,h25_load,0.489575
28161000,h25_load,0.472642
28161900,h25_load,0.450070
28162800,h25_load,0.428289
28163700,h25_load,0.406142
28164600,h25_load,0.386474
28165500,h25_load,0.367990
28166400,h25_load,0.343757
28167300,h25_load,0.323865
28168200,h25_load,0.309267
28169100,h25_load,0.295706
28170000,h25_load,0.284463
28170900,h25_load,0.275112
28171800,h25_load,0.267424
28172700,h25_load,0.258150
28173600,h25_load,0.255816
28174500,h25_load,0.250324
28175400,h25_load,0.247136
28176300,h25_load,0.244543
28177200,h25_load,0.244268
28178100,h25_load,0.241675
28179000,h25_load,0.238990
28179900,h25_load,0.238349
28180800,h25_load,0.238258
28181700,h25_load,0.236687
28182600,h25_load,0.237770
28183500,h25_load,0.242438
28184400,h25_load,0.243719
28185300,h25_load,0.241416
28186200,h25_load,0.244741
28187100,h25_load,0.250370
28188000,h25_load,0.265624
28188900,h25_load,0.277660
28189800,h25_load,0.290092
28190700,h25_load,0.303653
28191600,h25_load,0.325330
28192500,h25_load,0.344779
28193400,h25_load,0.372664
28194300,h25_load,0.404042
28195200,h25_load,0.434399
28196100,h25_load,0.464892
28197000,h25_load,0.485028
28197900,h25_load,0.504599
28198800,h25_load,0.523911
28199700,h25_load,0.547555
28200600,h25_load,0.565006
28201500,h25_load,0.581100
28202400,h25_load,0.596064
28203300,h25_load,0.610190
28204200,h25_load,0.626070
28205100,h25_load,0.642834
28206000,h25_load,0.666951
28206900,h25_load,0.692365
28207800,h25_load,0.708535
28208700,h25_load,0.709496
28209600,h25_load,0.691785
28210500,h25_load,0.677584
28211400,h25_load,0.661948
28212300,h25_load,0.644527
28213200,h25_load,0.623598
28214100,h25_load,0.609763
28215000,h25_load,0.599268
28215900,h25_load,0.585798
28216800,h25_load,0.575090
28217700,h25_load,0.567035
28218600,h25_load,0.561650
28219500,h25_load,0.559240
28220400,h25_load,0.560598
28221300,h25_load,0.558447
28222200,h25_load,0.557333
28223100,h25_load,0.560964
28224000,h25_load,0.570345
28224900,h25_load,0.584303
28225800,h25_load,0.609366
28226700,h25_load,0.639463
28227600,h25_load,0.677324
28228500,h25_load,0.706186
28229400,h25_load,0.721684
28230300,h25_load,0.733903
28231200,h25_load,0.738677
28232100,h25_load,0.736038
28233000,h25_load,0.726367
28233900,h25_load,0.717642
28234800,h25_load,0.704416
28235700,h25_load,0.690382
28236600,h25_load,0.673709
28237500,h25_load,0.659217
28238400,h25_load,0.643231
28239300,h25_load,0.618015
28240200,h25_load,0.589261
28241100,h25_load,0.569140
28242000,h25_load,0.551033
28242900,h25_load,0.532743
28243800,h25_load,0.513736
28244700,h25_load,0.506918
28245600,h25_load,0.493067
28246500,h25_load,0.463092
28247400,h25_load,0.436412
28248300,h25_load,0.410403
28249200,h25_load,0.388437
28250100,h25_load,0.362795
28251000,h25_load,0.341027
28251900,h25_load,0.318496
28252800,h25_load,0.299788
28253700,h25_load,0.281066
28254600,h25_load,0.266170
28255500,h25_load,0.254138
28256400,h25_load,0.245611
28257300,h25_load,0.237589
28258200,h25_load,0.233747
28259100,h25_load,0.227440
28260000,h25_load,0.227700
28260900,h25_load,0.225572
28261800,h25_load,0.224424
28262700,h25_load,0.224791
28263600,h25_load,0.226230
28264500,h25_load,0.226077
28265400,h25_load,0.228006
28266300,h25_load,0.229001
28267200,h25_load,0.234696
28268100,h25_load,0.237650
28269000,h25_load,0.243759
28269900,h25_load,0.252928
28270800,h25_load,0.264104
28271700,h25_load,0.271314
28272600,h25_load,0.286822
28273500,h25_load,0.306738
28274400,h25_load,0.342101
28275300,h25_load,0.370345
28276200,h25_load,0.392359
28277100,h25_load,0.404820
28278000,h25_load,0.412520
28278900,h25_load,0.409520
28279800,h25_load,0.399876
28280700,h25_load,0.389251
28281600,h25_load,0.379071
28282500,h25_load,0.371983
28283400,h25_load,0.360762
28284300,h25_load,0.353077
28285200,h25_load,0.349709
28286100,h25_load,0.348408
28287000,h25_load,0.345897
28287900,h25_load,0.343494
28288800,h25_load,0.340815
28289700,h25_load,0.343448
28290600,h25_load,0.348592
28291500,h25_load,0.354838
28292400,h25_load,0.365125
28293300,h25_load,0.378183
28294200,h25_load,0.388991
28295100,h25_load,0.396324
28296000,h25_load,0.400120
28296900,h25_load,0.402401
28297800,h25_load,0.403963
28298700,h25_load,0.403902
28299600,h25_load,0.401651
28300500,h25_load,0.402600
28301400,h25_load,0.403075
28302300,h25_load,0.397640
28303200,h25_load,0.393400
28304100,h25_load,0.392665
28305000,h25_load,0.392436
28305900,h25_load,0.396416
28306800,h25_load,0.406320
28307700,h25_load,0.409122
28308600,h25_load,0.414602
28309500,h25_load,0.425701
28310400,h25_load,0.448756
28311300,h25_load,0.469101
28312200,h25_load,0.498876
28313100,h25_load,0.532188
28314000,h25_load,0.577103
28314900,h25_load,0.607965
28315800,h25_load,0.628433
28316700,h25_load,0.648318
28317600,h25_load,0.664270
28318500,h25_load,0.672843
28319400,h25_load,0.677129
28320300,h25_load,0.679808
28321200,h25_load,0.676272
28322100,h25_load,0.669291
28323000,h25_load,0.660458
28323900,h25_load,0.649558
28324800,h25_load,0.635628
28325700,h25_load,0.615895
28326600,h25_load,0.591707
28327500,h25_load,0.572740
28328400,h25_load,0.556712
28329300,h25_load,0.540301
28330200,h25_load,0.522176
28331100,h25_load,0.514277
28332000,h25_load,0.503040
28332900,h25_load,0.474719
28333800,h25_load,0.449123
28334700,h25_load,0.424124
28335600,h25_load,0.401514
28336500,h25_load,0.375688
28337400,h25_load,0.353016
28338300,h25_load,0.330405
28339200,h25_load,0.300845
28340100,h25_load,0.282057
28341000,h25_load,0.267109
28341900,h25_load,0.255034
28342800,h25_load,0.246477
28343700,h25_load,0.238427
28344600,h25_load,0.234571
28345500,h25_load,0.228242
28346400,h25_load,0.228503
28347300,h25_load,0.226368
28348200,h25_load,0.225215
28349100,h25_load,0.225584
28350000,h25_load,0.227028
28350900,h25_load,0.226875
28351800,h25_load,0.228810
28352700,h25_load,0.229809
28353600,h25_load,0.235524
28354500,h25_load,0.238489
28355400,h25_load,0.244618
28356300,h25_load,0.253820
28357200,h25_load,0.265035
28358100,h25_load,0.272271
28359000,h25_load,0.287833
28359900,h25_load,0.307820
28360800,h25_load,0.343307
28361700,h25_load,0.371651
28362600,h25_load,0.393743
28363500,h25_load,0.406248
28364400,h25_load,0.413975
28365300,h25_load,0.410964
28366200,h25_load,0.401286
28367100,h25_load,0.390624
28368000,h25_load,0.380408
28368900,h25_load,0.373295
28369800,h25_load,0.362034
28370700,h25_load,0.354322
28371600,h25_load,0.350943
28372500,h25_load,0.349637
28373400,h25_load,0.347117
28374300,h25_load,0.344705
28375200,h25_load,0.342017
28376100,h25_load,0.344659
28377000,h25_load,0.349821
28377900,h25_load,0.356089
28378800,h25_load,0.366413
28379700,h25_load,0.379517
28380600,h25_load,0.390363
28381500,h25_load,0.397722
28382400,h25_load,0.401532
28383300,h25_load,0.403821
28384200,h25_load,0.405388
28385100,h25_load,0.405326
28386000,h25_load,0.403068
28386900,h25_load,0.404020
28387800,h25_load,0.404497
28388700,h25_load,0.399043
28389600,h25_load,0.394787
28390500,h25_load,0.394050
28391400,h25_load,0.393820
28392300,h25_load,0.397814
28393200,h25_load,0.407753
28394100,h25_load,0.410565
28395000,h25_load,0.416065
28395900,h25_load,0.427203
28396800,h25_load,0.450339
28397700,h25_load,0.470755
28398600,h25_load,0.500636
28399500,h25_load,0.534065
28400400,h25_load,0.579138
28401300,h25_load,0.610109
28402200,h25_load,0.630649
28403100,h25_load,0.650605
28404000,h25_load,0.666613
28404900,h25_load,0.675216
28405800,h25_load,0.679517
28406700,h25_load,0.682206
28407600,h25_load,0.678657
28408500,h25_load,0.671652
28409400,h25_load,0.662788
28410300,h25_load,0.651849
28411200,h25_load,0.637870
28412100,h25_load,0.618067
28413000,h25_load,0.593794
28413900,h25_load,0.574760
28414800,h25_load,0.558675
28415700,h25_load,0.542207
28416600,h25_load,0.524017
28417500,h25_load,0.516090
28418400,h25_load,0.504814
28419300,h25_load,0.476393
28420200,h25_load,0.450707
28421100,h25_load,0.425620
28422000,h25_load,0.402930
28422900,h25_load,0.377013
28423800,h25_load,0.354261
28424700,h25_load,0.331570
28425600,h25_load,0.301898
28426500,h25_load,0.283044
28427400,h25_load,0.268044
28428300,h25_load,0.255926
28429200,h25_load,0.247340
28430100,h25_load,0.239261
28431000,h25_load,0.235392
28431900,h25_load,0.229040
28432800,h25_load,0.229302
28433700,h25_load,0.227160
28434600,h25_load,0.226003
28435500,h25_load,0.226373
28436400,h25_load,0.227822
28437300,h25_load,0.227668
28438200,h25_load,0.229611
28439100,h25_load,0.230613
28440000,h25_load,0.236348
28440900,h25_load,0.239323
28441800,h25_load,0.245474
28442700,h25_load,0.254709
28443600,h25_load,0.265962
28444500,h25_load,0.273224
28445400,h25_load,0.288840
28446300,h25_load,0.308897
28447200,h25_load,0.344509
28448100,h25_load,0.372952
28449000,h25_load,0.395120
28449900,h25_load,0.407669
28450800,h25_load,0.415424
28451700,h25_load,0.412402
28452600,h25_load,0.402690
28453500,h25_load,0.391991
28454400,h25_load,0.381739
28455300,h25_load,0.374601
28456200,h25_load,0.363301
28457100,h25_load,0.355562
28458000,h25_load,0.352171
28458900,h25_load,0.350860
28459800,h25_load,0.348332
28460700,h25_load,0.345912
28461600,h25_load,0.343214
28462500,h25_load,0.345865
28463400,h25_load,0.351045
28464300,h25_load,0.357335
28465200,h25_load,0.367695
28466100,h25_load,0.380845
28467000,h25_load,0.391729
28467900,h25_load,0.399113
28468800,h25_load,0.402937
28469700,h25_load,0.405234
28470600,h25_load,0.406806
28471500,h25_load,0.406744
28472400,h25_load,0.404478
28473300,h25_load,0.405434
28474200,h25_load,0.405912
28475100,h25_load,0.400439
28476000,h25_load,0.396169
28476900,h25_load,0.395429
28477800,h25_load,0.395198
28478700,h25_load,0.399206
28479600,h25_load,0.409180
28480500,h25_load,0.412001
28481400,h25_load,0.417520
28482300,h25_load,0.428697
28483200,h25_load,0.451914
28484100,h25_load,0.472402
28485000,h25_load,0.502387
28485900,h25_load,0.535933
28486800,h25_load,0.581165
28487700,h25_load,0.612244
28488600,h25_load,0.632856
28489500,h25_load,0.652881
28490400,h25_load,0.668945
28491300,h25_load,0.677578
28492200,h25_load,0.681895
28493100,h25_load,0.684593
28494000,h25_load,0.681032
28494900,h25_load,0.674002
28495800,h25_load,0.665107
28496700,h25_load,0.654130
28497600,h25_load,0.640101
28498500,h25_load,0.620230
28499400,h25_load,0.595872
28500300,h25_load,0.576771
28501200,h25_load,0.560630
28502100,h25_load,0.544104
28503000,h25_load,0.525851
28503900,h25_load,0.517896
28504800,h25_load,0.506580
28505700,h25_load,0.478060
28506600,h25_load,0.452284
28507500,h25_load,0.427109
28508400,h25_load,0.404339
28509300,h25_load,0.378332
28510200,h25_load,0.355500
28511100,h25_load,0.332731
28512000,h25_load,0.302945
28512900,h25_load,0.284026
28513800,h25_load,0.268974
28514700,h25_load,0.256814
28515600,h25_load,0.248198
28516500,h25_load,0.240092
28517400,h25_load,0.236209
28518300,h25_load,0.229835
28519200,h25_load,0.230098
28520100,h25_load,0.227948
28521000,h25_load,0.226788
28521900,h25_load,0.227159
28522800,h25_load,0.228613
28523700,h25_load,0.228458
28524600,h25_load,0.230407
28525500,h25_load,0.231413
28526400,h25_load,0.237168
28527300,h25_load,0.240153
28528200,h25_load,0.246326
28529100,h25_load,0.255592
28530000,h25_load,0.266885
28530900,h25_load,0.274172
28531800,h25_load,0.289843
28532700,h25_load,0.309969
28533600,h25_load,0.345704
28534500,h25_load,0.374246
28535400,h25_load,0.396491
28536300,h25_load,0.409084
28537200,h25_load,0.416865
28538100,h25_load,0.413833
28539000,h25_load,0.404087
28539900,h25_load,0.393351
28540800,h25_load,0.383064
28541700,h25_load,0.375901
28542600,h25_load,0.364562
28543500,h25_load,0.356796
28544400,h25_load,0.353393
28545300,h25_load,0.352078
28546200,h25_load,0.349541
28547100,h25_load,0.347112
28548000,h25_load,0.344405
28548900,h25_load,0.347065
28549800,h25_load,0.352263
28550700,h25_load,0.358575
28551600,h25_load,0.368971
28552500,h25_load,0.382166
28553400,h25_load,0.393088
28554300,h25_load,0.400498
28555200,h25_load,0.404335
28556100,h25_load,0.406640
28557000,h25_load,0.408218
28557900,h25_load,0.408156
28558800,h25_load,0.405882
28559700,h25_load,0.406841
28560600,h25_load,0.407320
28561500,h25_load,0.401829
28562400,h25_load,0.397543
28563300,h25_load,0.396801
28564200,h25_load,0.396569
28565100,h25_load,0.400591
28566000,h25_load,0.410600
28566900,h25_load,0.413431
28567800,h25_load,0.418969
28568700,h25_load,0.430185
28569600,h25_load,0.453482
28570500,h25_load,0.474042
28571400,h25_load,0.504130
28572300,h25_load,0.537793
28573200,h25_load,0.583181
28574100,h25_load,0.614368
28575000,h25_load,0.635052
28575900,h25_load,0.655147
28576800,h25_load,0.671266
28577700,h25_load,0.679930
28578600,h25_load,0.684261
28579500,h25_load,0.686968
28580400,h25_load,0.683395
28581300,h25_load,0.676341
28582200,h25_load,0.667414
28583100,h25_load,0.656400
28584000,h25_load,0.642322
28584900,h25_load,0.622382
28585800,h25_load,0.597939
28586700,h25_load,0.578772
28587600,h25_load,0.562575
28588500,h25_load,0.545992
28589400,h25_load,0.527676
28590300,h25_load,0.519693
28591200,h25_load,0.508338
28592100,h25_load,0.479719
28593000,h25_load,0.453854
28593900,h25_load,0.428591
28594800,h25_load,0.405742
28595700,h25_load,0.379645
28596600,h25_load,0.356734
28597500,h25_load,0.333885
28598400,h25_load,0.303988
28599300,h25_load,0.285003
28600200,h25_load,0.269899
28601100,h25_load,0.257698
28602000,h25_load,0.249052
28602900,h25_load,0.240918
28603800,h25_load,0.237021
28604700,h25_load,0.230626
28605600,h25_load,0.230890
28606500,h25_load,0.228732
28607400,h25_load,0.227568
28608300,h25_load,0.227940
28609200,h25_load,0.229399
28610100,h25_load,0.229244
28611000,h25_load,0.231200
28611900,h25_load,0.232209
28612800,h25_load,0.237984
28613700,h25_load,0.240980
28614600,h25_load,0.247173
28615500,h25_load,0.256472
28616400,h25_load,0.267803
28617300,h25_load,0.275115
28618200,h25_load,0.290840
28619100,h25_load,0.311035
28620000,h25_load,0.346893
28620900,h25_load,0.375533
28621800,h25_load,0.397855
28622700,h25_load,0.410491
28623600,h25_load,0.418299
28624500,h25_load,0.415257
28625400,h25_load,0.405477
28626300,h25_load,0.394704
28627200,h25_load,0.384381
28628100,h25_load,0.377194
28629000,h25_load,0.365816
28629900,h25_load,0.358023
28630800,h25_load,0.354608
28631700,h25_load,0.353289
28632600,h25_load,0.350743
28633500,h25_load,0.348306
28634400,h25_load,0.345589
28635300,h25_load,0.348259
28636200,h25_load,0.353475
28637100,h25_load,0.359808
28638000,h25_load,0.370240
28638900,h25_load,0.383481
28639800,h25_load,0.394440
28640700,h25_load,0.401876
28641600,h25_load,0.405726
28642500,h25_load,0.408039
28643400,h25_load,0.409622
28644300,h25_load,0.409560
28645200,h25_load,0.407278
28646100,h25_load,0.408240
28647000,h25_load,0.408722
28647900,h25_load,0.403211
28648800,h25_load,0.398911
28649700,h25_load,0.398166
28650600,h25_load,0.397933
28651500,h25_load,0.401969
28652400,h25_load,0.412012
28653300,h25_load,0.414853
28654200,h25_load,0.420410
28655100,h25_load,0.431665
28656000,h25_load,0.455042
28656900,h25_load,0.475672
28657800,h25_load,0.505865
28658700,h25_load,0.539643
28659600,h25_load,0.585187
28660500,h25_load,0.616482
28661400,h25_load,0.637236
28662300,h25_load,0.657401
28663200,h25_load,0.673576
28664100,h25_load,0.682269
28665000,h25_load,0.686615
28665900,h25_load,0.689332
28666800,h25_load,0.685746
28667700,h25_load,0.678667
28668600,h25_load,0.669710
28669500,h25_load,0.658658
28670400,h25_load,0.644532
28671300,h25_load,0.624523
28672200,h25_load,0.599996
28673100,h25_load,0.580763
28674000,h25_load,0.564511
28674900,h25_load,0.547870
28675800,h25_load,0.529491
28676700,h25_load,0.521481
28677600,h25_load,0.510087
28678500,h25_load,0.481369
28679400,h25_load,0.455415
28680300,h25_load,0.430066
28681200,h25_load,0.407138
28682100,h25_load,0.380951
28683000,h25_load,0.357961
28683900,h25_load,0.335034
28684800,h25_load,0.338108
28685700,h25_load,0.316706
28686600,h25_load,0.300554
28687500,h25_load,0.286286
28688400,h25_load,0.276146
28689300,h25_load,0.267143
28690200,h25_load,0.260352
28691100,h25_load,0.252081
28692000,h25_load,0.249465
28692900,h25_load,0.245540
28693800,h25_load,0.242580
28694700,h25_load,0.239932
28695600,h25_load,0.240742
28696500,h25_load,0.238593
28697400,h25_load,0.237284
28698300,h25_load,0.237315
28699200,h25_load,0.240150
28700100,h25_load,0.238515
28701000,h25_load,0.240524
28701900,h25_load,0.244948
28702800,h25_load,0.245773
28703700,h25_load,0.244449
28704600,h25_load,0.248110
28705500,h25_load,0.257206
28706400,h25_load,0.278561
28707300,h25_load,0.294432
28708200,h25_load,0.313513
28709100,h25_load,0.331067
28710000,h25_load,0.359229
28710900,h25_load,0.383636
28711800,h25_load,0.410816
28712700,h25_load,0.440192
28713600,h25_load,0.464195
28714500,h25_load,0.485472
28715400,h25_load,0.497263
28716300,h25_load,0.508586
28717200,h25_load,0.517979
28718100,h25_load,0.528119
28719000,h25_load,0.534583
28719900,h25_load,0.539785
28720800,h25_load,0.547916
28721700,h25_load,0.555346
28722600,h25_load,0.562760
28723500,h25_load,0.570423
28724400,h25_load,0.582822
28725300,h25_load,0.598787
28726200,h25_load,0.609441
28727100,h25_load,0.613958
28728000,h25_load,0.606279
28728900,h25_load,0.599441
28729800,h25_load,0.593662
28730700,h25_load,0.585064
28731600,h25_load,0.575953
28732500,h25_load,0.570423
28733400,h25_load,0.564831
28734300,h25_load,0.559349
28735200,h25_load,0.552324
28736100,h25_load,0.553227
28737000,h25_load,0.553383
28737900,h25_load,0.553539
28738800,h25_load,0.554458
28739700,h25_load,0.557074
28740600,h25_load,0.559395
28741500,h25_load,0.564956
28742400,h25_load,0.577495
28743300,h25_load,0.594737
28744200,h25_load,0.617213
28745100,h25_load,0.643583
28746000,h25_load,0.679439
28746900,h25_load,0.704750
28747800,h25_load,0.721136
28748700,h25_load,0.729625
28749600,h25_load,0.730731
28750500,h25_load,0.729360
28751400,h25_load,0.719734
28752300,h25_load,0.707445
28753200,h25_load,0.695218
28754100,h25_load,0.683255
28755000,h25_load,0.666729
28755900,h25_load,0.651013
28756800,h25_load,0.636185
28757700,h25_load,0.613195
28758600,h25_load,0.592105
28759500,h25_load,0.576030
28760400,h25_load,0.562791
28761300,h25_load,0.548663
28762200,h25_load,0.534006
28763100,h25_load,0.529209
28764000,h25_load,0.522496
28764900,h25_load,0.501686
28765800,h25_load,0.484335
28766700,h25_load,0.461204
28767600,h25_load,0.438884
28768500,h25_load,0.416190
28769400,h25_load,0.396035
28770300,h25_load,0.377094
28771200,h25_load,0.352190
28772100,h25_load,0.331811
28773000,h25_load,0.316854
28773900,h25_load,0.302960
28774800,h25_load,0.291442
28775700,h25_load,0.281862
28776600,h25_load,0.273985
28777500,h25_load,0.264483
28778400,h25_load,0.262091
28779300,h25_load,0.256465
28780200,h25_load,0.253199
28781100,h25_load,0.250542
28782000,h25_load,0.250261
28782900,h25_load,0.247604
28783800,h25_load,0.244853
28784700,h25_load,0.244197
28785600,h25_load,0.244103
28786500,h25_load,0.242493
28787400,h25_load,0.243603
28788300,h25_load,0.248385
28789200,h25_load,0.249698
28790100,h25_load,0.247338
28791000,h25_load,0.250745
28791900,h25_load,0.256512
28792800,h25_load,0.272141
28793700,h25_load,0.284472
28794600,h25_load,0.297209
28795500,h25_load,0.311103
28796400,h25_load,0.333311
28797300,h25_load,0.353237
28798200,h25_load,0.381806
28799100,h25_load,0.413954
28800000,h25_load,0.445055
28800900,h25_load,0.476297
28801800,h25_load,0.496927
28802700,h25_load,0.516978
28803600,h25_load,0.536764
28804500,h25_load,0.560988
28805400,h25_load,0.578867
28806300,h25_load,0.595355
28807200,h25_load,0.610687
28808100,h25_load,0.625159
28809000,h25_load,0.641429
28809900,h25_load,0.658604
28810800,h25_load,0.683313
28811700,h25_load,0.709350
28812600,h25_load,0.725917
28813500,h25_load,0.726901
28814400,h25_load,0.708756
28815300,h25_load,0.694206
28816200,h25_load,0.678187
28817100,h25_load,0.660339
28818000,h25_load,0.638897
28818900,h25_load,0.624722
28819800,h25_load,0.613969
28820700,h25_load,0.600169
28821600,h25_load,0.589198
28822500,h25_load,0.580946
28823400,h25_load,0.575429
28824300,h25_load,0.572960
28825200,h25_load,0.574351
28826100,h25_load,0.572147
28827000,h25_load,0.571006
28827900,h25_load,0.574726
28828800,h25_load,0.584337
28829700,h25_load,0.598637
28830600,h25_load,0.624315
28831500,h25_load,0.655150
28832400,h25_load,0.693941
28833300,h25_load,0.723510
28834200,h25_load,0.739388
28835100,h25_load,0.751907
28836000,h25_load,0.756799
28836900,h25_load,0.754095
28837800,h25_load,0.744186
28838700,h25_load,0.735247
28839600,h25_load,0.721697
28840500,h25_load,0.707319
28841400,h25_load,0.690237
28842300,h25_load,0.675389
28843200,h25_load,0.659011
28844100,h25_load,0.633177
28845000,h25_load,0.603717
28845900,h25_load,0.583103
28846800,h25_load,0.564551
28847700,h25_load,0.545813
28848600,h25_load,0.526340
28849500,h25_load,0.519354
28850400,h25_load,0.505163
28851300,h25_load,0.474453
28852200,h25_load,0.447118
28853100,h25_load,0.420472
28854000,h25_load,0.397966
28854900,h25_load,0.371695
28855800,h25_load,0.349393
28856700,h25_load,0.326309
28857600,h25_load,0.312975
28858500,h25_load,0.293389
28859400,h25_load,0.277771
28860300,h25_load,0.265619
28861200,h25_load,0.256210
28862100,h25_load,0.247805
28863000,h25_load,0.242442
28863900,h25_load,0.234931
28864800,h25_load,0.234414
28865700,h25_load,0.232453
28866600,h25_load,0.230932
28867500,h25_load,0.229772
28868400,h25_load,0.230634
28869300,h25_load,0.229411
28870200,h25_load,0.230086
28871100,h25_load,0.230101
28872000,h25_load,0.234884
28872900,h25_load,0.237095
28873800,h25_load,0.242458
28874700,h25_load,0.250455
28875600,h25_load,0.260428
28876500,h25_load,0.265964
28877400,h25_load,0.279418
28878300,h25_load,0.297623
28879200,h25_load,0.330741
28880100,h25_load,0.355878
28881000,h25_load,0.376184
28881900,h25_load,0.391113
28882800,h25_load,0.402466
28883700,h25_load,0.408393
28884600,h25_load,0.406903
28885500,h25_load,0.402340
28886400,h25_load,0.392712
28887300,h25_load,0.389795
28888200,h25_load,0.380983
28889100,h25_load,0.375071
28890000,h25_load,0.371590
28890900,h25_load,0.369206
28891800,h25_load,0.368642
28892700,h25_load,0.369254
28893600,h25_load,0.367623
28894500,h25_load,0.369065
28895400,h25_load,0.374130
28896300,h25_load,0.379697
28897200,h25_load,0.390627
28898100,h25_load,0.402325
28899000,h25_load,0.412407
28899900,h25_load,0.418397
28900800,h25_load,0.419479
28901700,h25_load,0.420499
28902600,h25_load,0.422616
28903500,h25_load,0.420985
28904400,h25_load,0.417159
28905300,h25_load,0.417990
28906200,h25_load,0.418633
28907100,h25_load,0.414791
28908000,h25_load,0.410604
28908900,h25_load,0.410949
28909800,h25_load,0.411012
28910700,h25_load,0.415512
28911600,h25_load,0.424011
28912500,h25_load,0.428621
28913400,h25_load,0.437309
28914300,h25_load,0.449555
28915200,h25_load,0.475868
28916100,h25_load,0.500518
28917000,h25_load,0.528791
28917900,h25_load,0.557879
28918800,h25_load,0.592659
28919700,h25_load,0.612621
28920600,h25_load,0.625181
28921500,h25_load,0.641066
28922400,h25_load,0.653815
28923300,h25_load,0.661435
28924200,h25_load,0.665371
28925100,h25_load,0.668994
28926000,h25_load,0.666798
28926900,h25_load,0.660683
28927800,h25_load,0.653031
28928700,h25_load,0.644579
28929600,h25_load,0.631924
28930500,h25_load,0.614346
28931400,h25_load,0.592847
28932300,h25_load,0.575144
28933200,h25_load,0.560215
28934100,h25_load,0.546306
28935000,h25_load,0.529073
28935900,h25_load,0.521672
28936800,h25_load,0.511401
28937700,h25_load,0.484492
28938600,h25_load,0.459748
28939500,h25_load,0.435066
28940400,h25_load,0.413536
28941300,h25_load,0.388149
28942200,h25_load,0.365537
28943100,h25_load,0.343584
28944000,h25_load,0.314012
28944900,h25_load,0.294362
28945800,h25_load,0.278692
28946700,h25_load,0.266499
28947600,h25_load,0.257059
28948500,h25_load,0.248626
28949400,h25_load,0.243246
28950300,h25_load,0.235709
28951200,h25_load,0.235190
28952100,h25_load,0.233224
28953000,h25_load,0.231698
28953900,h25_load,0.230533
28954800,h25_load,0.231399
28955700,h25_load,0.230172
28956600,h25_load,0.230848
28957500,h25_load,0.230864
28958400,h25_load,0.235662
28959300,h25_load,0.237881
28960200,h25_load,0.243261
28961100,h25_load,0.251285
28962000,h25_load,0.261291
28962900,h25_load,0.266845
28963800,h25_load,0.280344
28964700,h25_load,0.298609
28965600,h25_load,0.331837
28966500,h25_load,0.357057
28967400,h25_load,0.377431
28968300,h25_load,0.392409
28969200,h25_load,0.403799
28970100,h25_load,0.409746
28971000,h25_load,0.408252
28971900,h25_load,0.403673
28972800,h25_load,0.394013
28973700,h25_load,0.391087
28974600,h25_load,0.382245
28975500,h25_load,0.376314
28976400,h25_load,0.372821
28977300,h25_load,0.370430
28978200,h25_load,0.369863
28979100,h25_load,0.370477
28980000,h25_load,0.368841
28980900,h25_load,0.370288
28981800,h25_load,0.375370
28982700,h25_load,0.380955
28983600,h25_load,0.391921
28984500,h25_load,0.403658
28985400,h25_load,0.413774
28986300,h25_load,0.419784
28987200,h25_load,0.420869
28988100,h25_load,0.421892
28989000,h25_load,0.424016
28989900,h25_load,0.422380
28990800,h25_load,0.418541
28991700,h25_load,0.419375
28992600,h25_load,0.420020
28993500,h25_load,0.416165
28994400,h25_load,0.411965
28995300,h25_load,0.412311
28996200,h25_load,0.412374
28997100,h25_load,0.416889
28998000,h25_load,0.425416
28998900,h25_load,0.430042
28999800,h25_load,0.438758
29000700,h25_load,0.451045
29001600,h25_load,0.477445
29002500,h25_load,0.502177
29003400,h25_load,0.530543
29004300,h25_load,0.559727
29005200,h25_load,0.594623
29006100,h25_load,0.614651
29007000,h25_load,0.627253
29007900,h25_load,0.643190
29008800,h25_load,0.655981
29009700,h25_load,0.663627
29010600,h25_load,0.667576
29011500,h25_load,0.671210
29012400,h25_load,0.669008
29013300,h25_load,0.662872
29014200,h25_load,0.655194
29015100,h25_load,0.646714
29016000,h25_load,0.634018
29016900,h25_load,0.616381
29017800,h25_load,0.594812
29018700,h25_load,0.577049
29019600,h25_load,0.562072
29020500,h25_load,0.548117
29021400,h25_load,0.530826
29022300,h25_load,0.523400
29023200,h25_load,0.513095
29024100,h25_load,0.486098
29025000,h25_load,0.461271
29025900,h25_load,0.436508
29026800,h25_load,0.414907
29027700,h25_load,0.389435
29028600,h25_load,0.366748
29029500,h25_load,0.344722
29030400,h25_load,0.315042
29031300,h25_load,0.295327
29032200,h25_load,0.279606
29033100,h25_load,0.267373
29034000,h25_load,0.257902
29034900,h25_load,0.249442
29035800,h25_load,0.244043
29036700,h25_load,0.236483
29037600,h25_load,0.235962
29038500,h25_load,0.233989
29039400,h25_load,0.232458
29040300,h25_load,0.231290
29041200,h25_load,0.232158
29042100,h25_load,0.230926
29043000,h25_load,0.231605
29043900,h25_load,0.231621
29044800,h25_load,0.236435
29045700,h25_load,0.238661
29046600,h25_load,0.244059
29047500,h25_load,0.252109
29048400,h25_load,0.262148
29049300,h25_load,0.267720
29050200,h25_load,0.281263
29051100,h25_load,0.299589
29052000,h25_load,0.332926
29052900,h25_load,0.358228
29053800,h25_load,0.378669
29054700,h25_load,0.393696
29055600,h25_load,0.405124
29056500,h25_load,0.411090
29057400,h25_load,0.409591
29058300,h25_load,0.404997
29059200,h25_load,0.395306
29060100,h25_load,0.392370
29061000,h25_load,0.383499
29061900,h25_load,0.377548
29062800,h25_load,0.374044
29063700,h25_load,0.371645
29064600,h25_load,0.371077
29065500,h25_load,0.371692
29066400,h25_load,0.370051
29067300,h25_load,0.371503
29068200,h25_load,0.376601
29069100,h25_load,0.382205
29070000,h25_load,0.393206
29070900,h25_load,0.404982
29071800,h25_load,0.415131
29072700,h25_load,0.421161
29073600,h25_load,0.422250
29074500,h25_load,0.423276
29075400,h25_load,0.425407
29076300,h25_load,0.423765
29077200,h25_load,0.419914
29078100,h25_load,0.420750
29079000,h25_load,0.421397
29079900,h25_load,0.417530
29080800,h25_load,0.413316
29081700,h25_load,0.413663
29082600,h25_load,0.413726
29083500,h25_load,0.418256
29084400,h25_load,0.426811
29085300,h25_load,0.431452
29086200,h25_load,0.440197
29087100,h25_load,0.452524
29088000,h25_load,0.479011
29088900,h25_load,0.503824
29089800,h25_load,0.532283
29090700,h25_load,0.561563
29091600,h25_load,0.596573
29092500,h25_load,0.616667
29093400,h25_load,0.629310
29094300,h25_load,0.645300
29095200,h25_load,0.658133
29096100,h25_load,0.665804
29097000,h25_load,0.669766
29097900,h25_load,0.673412
29098800,h25_load,0.671202
29099700,h25_load,0.665046
29100600,h25_load,0.657343
29101500,h25_load,0.648835
29102400,h25_load,0.636097
29103300,h25_load,0.618403
29104200,h25_load,0.596763
29105100,h25_load,0.578942
29106000,h25_load,0.563915
29106900,h25_load,0.549914
29107800,h25_load,0.532567
29108700,h25_load,0.525117
29109600,h25_load,0.514778
29110500,h25_load,0.487692
29111400,h25_load,0.462784
29112300,h25_load,0.437939
29113200,h25_load,0.416267
29114100,h25_load,0.390712
29115000,h25_load,0.367951
29115900,h25_load,0.345853
29116800,h25_load,0.316064
29117700,h25_load,0.296286
29118600,h25_load,0.280513
29119500,h25_load,0.268241
29120400,h25_load,0.258739
29121300,h25_load,0.250251
29122200,h25_load,0.244835
29123100,h25_load,0.237250
29124000,h25_load,0.236728
29124900,h25_load,0.234748
29125800,h25_load,0.233212
29126700,h25_load,0.232040
29127600,h25_load,0.232911
29128500,h25_load,0.231676
29129400,h25_load,0.232357
29130300,h25_load,0.232373
29131200,h25_load,0.237203
29132100,h25_load,0.239435
29133000,h25_load,0.244851
29133900,h25_load,0.252927
29134800,h25_load,0.262999
29135700,h25_load,0.268589
29136600,h25_load,0.282176
29137500,h25_load,0.300561
29138400,h25_load,0.334006
29139300,h25_load,0.359391
29140200,h25_load,0.379898
29141100,h25_load,0.394973
29142000,h25_load,0.406438
29142900,h25_load,0.412424
29143800,h25_load,0.410920
29144700,h25_load,0.406312
29145600,h25_load,0.396589
29146500,h25_load,0.393643
29147400,h25_load,0.384744
29148300,h25_load,0.378774
29149200,h25_load,0.375258
29150100,h25_load,0.372851
29151000,h25_load,0.372281
29151900,h25_load,0.372899
29152800,h25_load,0.371252
29153700,h25_load,0.372708
29154600,h25_load,0.377823
29155500,h25_load,0.383445
29156400,h25_load,0.394483
29157300,h25_load,0.406296
29158200,h25_load,0.416478
29159100,h25_load,0.422528
29160000,h25_load,0.423620
29160900,h25_load,0.424649
29161800,h25_load,0.426787
29162700,h25_load,0.425140
29163600,h25_load,0.421276
29164500,h25_load,0.422116
29165400,h25_load,0.422765
29166300,h25_load,0.418885
29167200,h25_load,0.414657
29168100,h25_load,0.415006
29169000,h25_load,0.415069
29169900,h25_load,0.419614
29170800,h25_load,0.428197
29171700,h25_load,0.432852
29172600,h25_load,0.441625
29173500,h25_load,0.453993
29174400,h25_load,0.480565
29175300,h25_load,0.505459
29176200,h25_load,0.534011
29177100,h25_load,0.563386
29178000,h25_load,0.598509
29178900,h25_load,0.618668
29179800,h25_load,0.631353
29180700,h25_load,0.647394
29181600,h25_load,0.660269
29182500,h25_load,0.667965
29183400,h25_load,0.671939
29184300,h25_load,0.675597
29185200,h25_load,0.673380
29186100,h25_load,0.667205
29187000,h25_load,0.659477
29187900,h25_load,0.650941
29188800,h25_load,0.638162
29189700,h25_load,0.620410
29190600,h25_load,0.598699
29191500,h25_load,0.580821
29192400,h25_load,0.565745
29193300,h25_load,0.551699
29194200,h25_load,0.534296
29195100,h25_load,0.526821
29196000,h25_load,0.516449
29196900,h25_load,0.489275
29197800,h25_load,0.464286
29198700,h25_load,0.439361
29199600,h25_load,0.417618
29200500,h25_load,0.391980
29201400,h25_load,0.369145
29202300,h25_load,0.346976
29203200,h25_load,0.317079
29204100,h25_load,0.297237
29205000,h25_load,0.281414
29205900,h25_load,0.269102
29206800,h25_load,0.259570
29207700,h25_load,0.251055
29208600,h25_load,0.245621
29209500,h25_load,0.238012
29210400,h25_load,0.237488
29211300,h25_load,0.235502
29212200,h25_load,0.233961
29213100,h25_load,0.232785
29214000,h25_load,0.233659
29214900,h25_load,0.232420
29215800,h25_load,0.233103
29216700,h25_load,0.233119
29217600,h25_load,0.237964
29218500,h25_load,0.240204
29219400,h25_load,0.245637
29220300,h25_load,0.253739
29221200,h25_load,0.263843
29222100,h25_load,0.269451
29223000,h25_load,0.283082
29223900,h25_load,0.301526
29224800,h25_load,0.335078
29225700,h25_load,0.360544
29226600,h25_load,0.381117
29227500,h25_load,0.396241
29228400,h25_load,0.407743
29229300,h25_load,0.413748
29230200,h25_load,0.412239
29231100,h25_load,0.407616
29232000,h25_load,0.397862
29232900,h25_load,0.394907
29233800,h25_load,0.385979
29234700,h25_load,0.379990
29235600,h25_load,0.376463
29236500,h25_load,0.374048
29237400,h25_load,0.373476
29238300,h25_load,0.374096
29239200,h25_load,0.372443
29240100,h25_load,0.373905
29241000,h25_load,0.379036
29241900,h25_load,0.384676
29242800,h25_load,0.395749
29243700,h25_load,0.407600
29244600,h25_load,0.417815
29245500,h25_load,0.423884
29246400,h25_load,0.424980
29247300,h25_load,0.426013
29248200,h25_load,0.428157
29249100,h25_load,0.426505
29250000,h25_load,0.422629
29250900,h25_load,0.423471
29251800,h25_load,0.424122
29252700,h25_load,0.420230
29253600,h25_load,0.415988
29254500,h25_load,0.416338
29255400,h25_load,0.416401
29256300,h25_load,0.420961
29257200,h25_load,0.429571
29258100,h25_load,0.434242
29259000,h25_load,0.443043
29259900,h25_load,0.455450
29260800,h25_load,0.482108
29261700,h25_load,0.507082
29262600,h25_load,0.535725
29263500,h25_load,0.565195
29264400,h25_load,0.600431
29265300,h25_load,0.620654
29266200,h25_load,0.633379
29267100,h25_load,0.649473
29268000,h25_load,0.662388
29268900,h25_load,0.670109
29269800,h25_load,0.674097
29270700,h25_load,0.677766
29271600,h25_load,0.675542
29272500,h25_load,0.669347
29273400,h25_load,0.661594
29274300,h25_load,0.653031
29275200,h25_load,0.640211
29276100,h25_load,0.622402
29277000,h25_load,0.600621
29277900,h25_load,0.582686
29278800,h25_load,0.567562
29279700,h25_load,0.553470
29280600,h25_load,0.536011
29281500,h25_load,0.528513
29282400,h25_load,0.518107
29283300,h25_load,0.490846
29284200,h25_load,0.465777
29285100,h25_load,0.440771
29286000,h25_load,0.418959
29286900,h25_load,0.393239
29287800,h25_load,0.370331
29288700,h25_load,0.348089
29289600,h25_load,0.345035
29290500,h25_load,0.322325
29291400,h25_load,0.304890
29292300,h25_load,0.290594
29293200,h25_load,0.279263
29294100,h25_load,0.268808
29295000,h25_load,0.260697
29295900,h25_load,0.250816
29296800,h25_load,0.247596
29297700,h25_load,0.243309
29298600,h25_load,0.240313
29299500,h25_load,0.237652
29300400,h25_load,0.236935
29301300,h25_load,0.235357
29302200,h25_load,0.234751
29303100,h25_load,0.233699
29304000,h25_load,0.236265
29304900,h25_load,0.235867
29305800,h25_load,0.236791
29306700,h25_load,0.240313
29307600,h25_load,0.242433
29308500,h25_load,0.241397
29309400,h25_load,0.244807
29310300,h25_load,0.253764
29311200,h25_load,0.270960
29312100,h25_load,0.285192
29313000,h25_load,0.299822
29313900,h25_load,0.314213
29314800,h25_load,0.338851
29315700,h25_load,0.361147
29316600,h25_load,0.385690
29317500,h25_load,0.410440
29318400,h25_load,0.430058
29319300,h25_load,0.452195
29320200,h25_load,0.465933
29321100,h25_load,0.479750
29322000,h25_load,0.489726
29322900,h25_load,0.503687
29323800,h25_load,0.510938
29324700,h25_load,0.518540
29325600,h25_load,0.529059
29326500,h25_load,0.538972
29327400,h25_load,0.548789
29328300,h25_load,0.558654
29329200,h25_load,0.572822
29330100,h25_load,0.587165
29331000,h25_load,0.599564
29331900,h25_load,0.604552
29332800,h25_load,0.596042
29333700,h25_load,0.591595
29334600,h25_load,0.586719
29335500,h25_load,0.582464
29336400,h25_load,0.575164
29337300,h25_load,0.570383
29338200,h25_load,0.567929
29339100,h25_load,0.561586
29340000,h25_load,0.559419
29340900,h25_load,0.559403
29341800,h25_load,0.560439
29342700,h25_load,0.560295
29343600,h25_load,0.564120
29344500,h25_load,0.564391
29345400,h25_load,0.568455
29346300,h25_load,0.574033
29347200,h25_load,0.590002
29348100,h25_load,0.608122
29349000,h25_load,0.628011
29349900,h25_load,0.649335
29350800,h25_load,0.667487
29351700,h25_load,0.680842
29352600,h25_load,0.688508
29353500,h25_load,0.693464
29354400,h25_load,0.694707
29355300,h25_load,0.691042
29356200,h25_load,0.683121
29357100,h25_load,0.672539
29358000,h25_load,0.661128
29358900,h25_load,0.646928
29359800,h25_load,0.632697
29360700,h25_load,0.617015
29361600,h25_load,0.604871
29362500,h25_load,0.586766
29363400,h25_load,0.566750
29364300,h25_load,0.553570
29365200,h25_load,0.543785
29366100,h25_load,0.531975
29367000,h25_load,0.520278
29367900,h25_load,0.515353
29368800,h25_load,0.513855
29369700,h25_load,0.496276
29370600,h25_load,0.479846
29371500,h25_load,0.457725
29372400,h25_load,0.439429
29373300,h25_load,0.419939
29374200,h25_load,0.401834
29375100,h25_load,0.385005
29376000,h25_load,0.364694
29376900,h25_load,0.342856
29377800,h25_load,0.326022
29378700,h25_load,0.312161
29379600,h25_load,0.300075
29380500,h25_load,0.288852
29381400,h25_load,0.278956
29382300,h25_load,0.268357
29383200,h25_load,0.264984
29384100,h25_load,0.259085
29385000,h25_load,0.254720
29385900,h25_load,0.250915
29386800,h25_load,0.249684
29387700,h25_load,0.247062
29388600,h25_load,0.244249
29389500,h25_load,0.242010
29390400,h25_load,0.242602
29391300,h25_load,0.239932
29392200,h25_load,0.241179
29393100,h25_load,0.245064
29394000,h25_load,0.247174
29394900,h25_load,0.244393
29395800,h25_load,0.247542
29396700,h25_load,0.252546
29397600,h25_load,0.266710
29398500,h25_load,0.278237
29399400,h25_load,0.289620
29400300,h25_load,0.302137
29401200,h25_load,0.324839
29402100,h25_load,0.343256
29403000,h25_load,0.369411
29403900,h25_load,0.397947
29404800,h25_load,0.423990
29405700,h25_load,0.453806
29406600,h25_load,0.477035
29407500,h25_load,0.501239
29408400,h25_load,0.523157
29409300,h25_load,0.546978
29410200,h25_load,0.566721
29411100,h25_load,0.585506
29412000,h25_load,0.603012
29412900,h25_load,0.621173
29413800,h25_load,0.638183
29414700,h25_load,0.655817
29415600,h25_load,0.679318
29416500,h25_load,0.703778
29417400,h25_load,0.719461
29418300,h25_load,0.721219
29419200,h25_load,0.702499
29420100,h25_load,0.687775
29421000,h25_load,0.672523
29421900,h25_load,0.655641
29422800,h25_load,0.636489
29423700,h25_load,0.623075
29424600,h25_load,0.615929
29425500,h25_load,0.604291
29426400,h25_load,0.593516
29427300,h25_load,0.588911
29428200,h25_load,0.585027
29429100,h25_load,0.580007
29430000,h25_load,0.580007
29430900,h25_load,0.578440
29431800,h25_load,0.578744
29432700,h25_load,0.580854
29433600,h25_load,0.591821
29434500,h25_load,0.606049
29435400,h25_load,0.624195
29436300,h25_load,0.645777
29437200,h25_load,0.667535
29438100,h25_load,0.680293
29439000,h25_load,0.688350
29439900,h25_load,0.697767
29440800,h25_load,0.699845
29441700,h25_load,0.699877
29442600,h25_load,0.695193
29443500,h25_load,0.689261
29444400,h25_load,0.680229
29445300,h25_load,0.669550
29446200,h25_load,0.657431
29447100,h25_load,0.643251
29448000,h25_load,0.632140
29448900,h25_load,0.612636
29449800,h25_load,0.589647
29450700,h25_load,0.571566
29451600,h25_load,0.557385
29452500,h25_load,0.543269
29453400,h25_load,0.526163
29454300,h25_load,0.521239
29455200,h25_load,0.512046
29456100,h25_load,0.486803
29457000,h25_load,0.464341
29457900,h25_load,0.441000
29458800,h25_load,0.420761
29459700,h25_load,0.397052
29460600,h25_load,0.374127
29461500,h25_load,0.351633
29462400,h25_load,0.320073
29463300,h25_load,0.300043
29464200,h25_load,0.284071
29465100,h25_load,0.271643
29466000,h25_load,0.262021
29466900,h25_load,0.253425
29467800,h25_load,0.247941
29468700,h25_load,0.240259
29469600,h25_load,0.239730
29470500,h25_load,0.237725
29471400,h25_load,0.236170
29472300,h25_load,0.234983
29473200,h25_load,0.235865
29474100,h25_load,0.234614
29475000,h25_load,0.235304
29475900,h25_load,0.235320
29476800,h25_load,0.240211
29477700,h25_load,0.242472
29478600,h25_load,0.247957
29479500,h25_load,0.256135
29480400,h25_load,0.266334
29481300,h25_load,0.271995
29482200,h25_load,0.285755
29483100,h25_load,0.304373
29484000,h25_load,0.338242
29484900,h25_load,0.363949
29485800,h25_load,0.384716
29486700,h25_load,0.399983
29487600,h25_load,0.411593
29488500,h25_load,0.417655
29489400,h25_load,0.416132
29490300,h25_load,0.411465
29491200,h25_load,0.401619
29492100,h25_load,0.398636
29493000,h25_load,0.389623
29493900,h25_load,0.383577
29494800,h25_load,0.380017
29495700,h25_load,0.377580
29496600,h25_load,0.377002
29497500,h25_load,0.377628
29498400,h25_load,0.375960
29499300,h25_load,0.377435
29500200,h25_load,0.382615
29501100,h25_load,0.388308
29502000,h25_load,0.399486
29502900,h25_load,0.411449
29503800,h25_load,0.421760
29504700,h25_load,0.427886
29505600,h25_load,0.428993
29506500,h25_load,0.430035
29507400,h25_load,0.432200
29508300,h25_load,0.430532
29509200,h25_load,0.426619
29510100,h25_load,0.427469
29511000,h25_load,0.428127
29511900,h25_load,0.424198
29512800,h25_load,0.419916
29513700,h25_load,0.420269
29514600,h25_load,0.420333
29515500,h25_load,0.424936
29516400,h25_load,0.433627
29517300,h25_load,0.438342
29518200,h25_load,0.447226
29519100,h25_load,0.459751
29520000,h25_load,0.486660
29520900,h25_load,0.511870
29521800,h25_load,0.540783
29522700,h25_load,0.570531
29523600,h25_load,0.606100
29524500,h25_load,0.626515
29525400,h25_load,0.639360
29526300,h25_load,0.655605
29527200,h25_load,0.668643
29528100,h25_load,0.676436
29529000,h25_load,0.680461
29529900,h25_load,0.684166
29530800,h25_load,0.681921
29531700,h25_load,0.675667
29532600,h25_load,0.667841
29533500,h25_load,0.659197
29534400,h25_load,0.646256
29535300,h25_load,0.628279
29536200,h25_load,0.606293
29537100,h25_load,0.588187
29538000,h25_load,0.572921
29538900,h25_load,0.558696
29539800,h25_load,0.541072
29540700,h25_load,0.533503
29541600,h25_load,0.522999
29542500,h25_load,0.495480
29543400,h25_load,0.470175
29544300,h25_load,0.444933
29545200,h25_load,0.422915
29546100,h25_load,0.396952
29547000,h25_load,0.373827
29547900,h25_load,0.351376
29548800,h25_load,0.321053
29549700,h25_load,0.300962
29550600,h25_load,0.284941
29551500,h25_load,0.272474
29552400,h25_load,0.262823
29553300,h25_load,0.254201
29554200,h25_load,0.248700
29555100,h25_load,0.240995
29556000,h25_load,0.240464
29556900,h25_load,0.238453
29557800,h25_load,0.236893
29558700,h25_load,0.235703
29559600,h25_load,0.236587
29560500,h25_load,0.235333
29561400,h25_load,0.236024
29562300,h25_load,0.236040
29563200,h25_load,0.240947
29564100,h25_load,0.243215
29565000,h25_load,0.248716
29565900,h25_load,0.256920
29566800,h25_load,0.267150
29567700,h25_load,0.272828
29568600,h25_load,0.286630
29569500,h25_load,0.305305
29570400,h25_load,0.339278
29571300,h25_load,0.365063
29572200,h25_load,0.385894
29573100,h25_load,0.401208
29574000,h25_load,0.412854
29574900,h25_load,0.418934
29575800,h25_load,0.417406
29576700,h25_load,0.412725
29577600,h25_load,0.402848
29578500,h25_load,0.399856
29579400,h25_load,0.390816
29580300,h25_load,0.384752
29581200,h25_load,0.381181
29582100,h25_load,0.378736
29583000,h25_load,0.378157
29583900,h25_load,0.378784
29584800,h25_load,0.377111
29585700,h25_load,0.378591
29586600,h25_load,0.383787
29587500,h25_load,0.389497
29588400,h25_load,0.400709
29589300,h25_load,0.412709
29590200,h25_load,0.423052
29591100,h25_load,0.429197
29592000,h25_load,0.430306
29592900,h25_load,0.431352
29593800,h25_load,0.433524
29594700,h25_load,0.431851
29595600,h25_load,0.427926
29596500,h25_load,0.428778
29597400,h25_load,0.429438
29598300,h25_load,0.425497
29599200,h25_load,0.421202
29600100,h25_load,0.421556
29601000,h25_load,0.421620
29601900,h25_load,0.426237
29602800,h25_load,0.434955
29603700,h25_load,0.439684
29604600,h25_load,0.448596
29605500,h25_load,0.461159
29606400,h25_load,0.488150
29607300,h25_load,0.513437
29608200,h25_load,0.542439
29609100,h25_load,0.572278
29610000,h25_load,0.607956
29610900,h25_load,0.628433
29611800,h25_load,0.641318
29612700,h25_load,0.657612
29613600,h25_load,0.670690
29614500,h25_load,0.678508
29615400,h25_load,0.682545
29616300,h25_load,0.686261
29617200,h25_load,0.684009
29618100,h25_load,0.677736
29619000,h25_load,0.669886
29619900,h25_load,0.661216
29620800,h25_load,0.648234
29621700,h25_load,0.630202
29622600,h25_load,0.608149
29623500,h25_load,0.589988
29624400,h25_load,0.574675
29625300,h25_load,0.560407
29626200,h25_load,0.542729
29627100,h25_load,0.535136
29628000,h25_load,0.524600
29628900,h25_load,0.496997
29629800,h25_load,0.471614
29630700,h25_load,0.446296
29631600,h25_load,0.424210
29632500,h25_load,0.398167
29633400,h25_load,0.374972
29634300,h25_load,0.352452
29635200,h25_load,0.322023
29636100,h25_load,0.301872
29637000,h25_load,0.285802
29637900,h25_load,0.273298
29638800,h25_load,0.263618
29639700,h25_load,0.254970
29640600,h25_load,0.249452
29641500,h25_load,0.241723
29642400,h25_load,0.241191
29643300,h25_load,0.239174
29644200,h25_load,0.237609
29645100,h25_load,0.236415
29646000,h25_load,0.237303
29646900,h25_load,0.236044
29647800,h25_load,0.236738
29648700,h25_load,0.236754
29649600,h25_load,0.241675
29650500,h25_load,0.243950
29651400,h25_load,0.249468
29652300,h25_load,0.257696
29653200,h25_load,0.267958
29654100,h25_load,0.273653
29655000,h25_load,0.287496
29655900,h25_load,0.306228
29656800,h25_load,0.340304
29657700,h25_load,0.366167
29658600,h25_load,0.387061
29659500,h25_load,0.402420
29660400,h25_load,0.414102
29661300,h25_load,0.420200
29662200,h25_load,0.418668
29663100,h25_load,0.413973
29664000,h25_load,0.404066
29664900,h25_load,0.401065
29665800,h25_load,0.391998
29666700,h25_load,0.385915
29667600,h25_load,0.382333
29668500,h25_load,0.379881
29669400,h25_load,0.379300
29670300,h25_load,0.379929
29671200,h25_load,0.378251
29672100,h25_load,0.379736
29673000,h25_load,0.384947
29673900,h25_load,0.390675
29674800,h25_load,0.401920
29675700,h25_load,0.413956
29676600,h25_load,0.424331
29677500,h25_load,0.430494
29678400,h25_load,0.431607
29679300,h25_load,0.432656
29680200,h25_load,0.434834
29681100,h25_load,0.433156
29682000,h25_load,0.429219
29682900,h25_load,0.430075
29683800,h25_load,0.430736
29684700,h25_load,0.426783
29685600,h25_load,0.422475
29686500,h25_load,0.422830
29687400,h25_load,0.422895
29688300,h25_load,0.427525
29689200,h25_load,0.436270
29690100,h25_load,0.441014
29691000,h25_load,0.449952
29691900,h25_load,0.462553
29692800,h25_load,0.489626
29693700,h25_load,0.514989
29694600,h25_load,0.544079
29695500,h25_load,0.574008
29696400,h25_load,0.609794
29697300,h25_load,0.630333
29698200,h25_load,0.643256
29699100,h25_load,0.659600
29700000,h25_load,0.672718
29700900,h25_load,0.680559
29701800,h25_load,0.684608
29702700,h25_load,0.688335
29703600,h25_load,0.686077
29704500,h25_load,0.679784
29705400,h25_load,0.671911
29706300,h25_load,0.663214
29707200,h25_load,0.650194
29708100,h25_load,0.632108
29709000,h25_load,0.609988
29709900,h25_load,0.591772
29710800,h25_load,0.576412
29711700,h25_load,0.562101
29712600,h25_load,0.544370
29713500,h25_load,0.536754
29714400,h25_load,0.526186
29715300,h25_load,0.498500
29716200,h25_load,0.473040
29717100,h25_load,0.447645
29718000,h25_load,0.425492
29718900,h25_load,0.399371
29719800,h25_load,0.376105
29720700,h25_load,0.353518
29721600,h25_load,0.322984
29722500,h25_load,0.302772
29723400,h25_load,0.286655
29724300,h25_load,0.274113
29725200,h25_load,0.264404
29726100,h25_load,0.255730
29727000,h25_load,0.250196
29727900,h25_load,0.242444
29728800,h25_load,0.241910
29729700,h25_load,0.239888
29730600,h25_load,0.238318
29731500,h25_load,0.237120
29732400,h25_load,0.238010
29733300,h25_load,0.236748
29734200,h25_load,0.237444
29735100,h25_load,0.237460
29736000,h25_load,0.242396
29736900,h25_load,0.244678
29737800,h25_load,0.250212
29738700,h25_load,0.258465
29739600,h25_load,0.268757
29740500,h25_load,0.274469
29741400,h25_load,0.288354
29742300,h25_load,0.307142
29743200,h25_load,0.341319
29744100,h25_load,0.367259
29745000,h25_load,0.388215
29745900,h25_load,0.403621
29746800,h25_load,0.415337
29747700,h25_load,0.421454
29748600,h25_load,0.419917
29749500,h25_load,0.415208
29750400,h25_load,0.405272
29751300,h25_load,0.402262
29752200,h25_load,0.393167
29753100,h25_load,0.387066
29754000,h25_load,0.383474
29754900,h25_load,0.381014
29755800,h25_load,0.380432
29756700,h25_load,0.381063
29757600,h25_load,0.379380
29758500,h25_load,0.380869
29759400,h25_load,0.386095
29760300,h25_load,0.391840
29761200,h25_load,0.403119
29762100,h25_load,0.415191
29763000,h25_load,0.425597
29763900,h25_load,0.431778
29764800,h25_load,0.432895
29765700,h25_load,0.433947
29766600,h25_load,0.436131
29767500,h25_load,0.434448
29768400,h25_load,0.430500
29769300,h25_load,0.431358
29770200,h25_load,0.432021
29771100,h25_load,0.428056
29772000,h25_load,0.423736
29772900,h25_load,0.424092
29773800,h25_load,0.424156
29774700,h25_load,0.428801
29775600,h25_load,0.437572
29776500,h25_load,0.442329
29777400,h25_load,0.451294
29778300,h25_load,0.463933
29779200,h25_load,0.491087
29780100,h25_load,0.516525
29781000,h25_load,0.545702
29781900,h25_load,0.575721
29782800,h25_load,0.611613
29783700,h25_load,0.632213
29784600,h25_load,0.645175
29785500,h25_load,0.661568
29786400,h25_load,0.674724
29787300,h25_load,0.682589
29788200,h25_load,0.686651
29789100,h25_load,0.690389
29790000,h25_load,0.688123
29790900,h25_load,0.681812
29791800,h25_load,0.673915
29792700,h25_load,0.665193
29793600,h25_load,0.652134
29794500,h25_load,0.633993
29795400,h25_load,0.611807
29796300,h25_load,0.593537
29797200,h25_load,0.578132
29798100,h25_load,0.563778
29799000,h25_load,0.545994
29799900,h25_load,0.538355
29800800,h25_load,0.527756
29801700,h25_load,0.499987
29802600,h25_load,0.474451
29803500,h25_load,0.448980
29804400,h25_load,0.426762
29805300,h25_load,0.400563
29806200,h25_load,0.377228
29807100,h25_load,0.354572
29808000,h25_load,0.323935
29808900,h25_load,0.303663
29809800,h25_load,0.287498
29810700,h25_load,0.274920
29811600,h25_load,0.265182
29812500,h25_load,0.256483
29813400,h25_load,0.250932
29814300,h25_load,0.243158
29815200,h25_load,0.242622
29816100,h25_load,0.240594
29817000,h25_load,0.239019
29817900,h25_load,0.237818
29818800,h25_load,0.238711
29819700,h25_load,0.237445
29820600,h25_load,0.238143
29821500,h25_load,0.238159
29822400,h25_load,0.243109
29823300,h25_load,0.245398
29824200,h25_load,0.250948
29825100,h25_load,0.259226
29826000,h25_load,0.269548
29826900,h25_load,0.275277
29827800,h25_load,0.289202
29828700,h25_load,0.308045
29829600,h25_load,0.342323
29830500,h25_load,0.368340
29831400,h25_load,0.389358
29832300,h25_load,0.404809
29833200,h25_load,0.416559
29834100,h25_load,0.422694
29835000,h25_load,0.421152
29835900,h25_load,0.416429
29836800,h25_load,0.406464
29837700,h25_load,0.403445
29838600,h25_load,0.394324
29839500,h25_load,0.388205
29840400,h25_load,0.384602
29841300,h25_load,0.382135
29842200,h25_load,0.381551
29843100,h25_load,0.382184
29844000,h25_load,0.380496
29844900,h25_load,0.381989
29845800,h25_load,0.387232
29846700,h25_load,0.392993
29847600,h25_load,0.404306
29848500,h25_load,0.416413
29849400,h25_load,0.426849
29850300,h25_load,0.433049
29851200,h25_load,0.434169
29852100,h25_load,0.435224
29853000,h25_load,0.437415
29853900,h25_load,0.435727
29854800,h25_load,0.431767
29855700,h25_load,0.432627
29856600,h25_load,0.433292
29857500,h25_load,0.429316
29858400,h25_load,0.424983
29859300,h25_load,0.425340
29860200,h25_load,0.425405
29861100,h25_load,0.430063
29862000,h25_load,0.438859
29862900,h25_load,0.443631
29863800,h25_load,0.452622
29864700,h25_load,0.465298
29865600,h25_load,0.492532
29866500,h25_load,0.518045
29867400,h25_load,0.547308
29868300,h25_load,0.577415
29869200,h25_load,0.613413
29870100,h25_load,0.634074
29871000,h25_load,0.647074
29871900,h25_load,0.663515
29872800,h25_load,0.676710
29873700,h25_load,0.684598
29874600,h25_load,0.688671
29875500,h25_load,0.692421
29876400,h25_load,0.690148
29877300,h25_load,0.683819
29878200,h25_load,0.675898
29879100,h25_load,0.667150
29880000,h25_load,0.654053
29880900,h25_load,0.635859
29881800,h25_load,0.613608
29882700,h25_load,0.595284
29883600,h25_load,0.579833
29884500,h25_load,0.565437
29885400,h25_load,0.547600
29886300,h25_load,0.539940
29887200,h25_load,0.529309
29888100,h25_load,0.501458
29889000,h25_load,0.475847
29889900,h25_load,0.450301
29890800,h25_load,0.428018
29891700,h25_load,0.401741
29892600,h25_load,0.378338
29893500,h25_load,0.355616
29894400,h25_load,0.352399
29895300,h25_load,0.329204
29896200,h25_load,0.311397
29897100,h25_load,0.296796
29898000,h25_load,0.285223
29898900,h25_load,0.274546
29899800,h25_load,0.266261
29900700,h25_load,0.256169
29901600,h25_load,0.252881
29902500,h25_load,0.248502
29903400,h25_load,0.245442
29904300,h25_load,0.242724
29905200,h25_load,0.241992
29906100,h25_load,0.240380
29907000,h25_load,0.239762
29907900,h25_load,0.238687
29908800,h25_load,0.241308
29909700,h25_load,0.240901
29910600,h25_load,0.241845
29911500,h25_load,0.245442
29912400,h25_load,0.247607
29913300,h25_load,0.246549
29914200,h25_load,0.250032
29915100,h25_load,0.259180
29916000,h25_load,0.276743
29916900,h25_load,0.291279
29917800,h25_load,0.306221
29918700,h25_load,0.320919
29919600,h25_load,0.346084
29920500,h25_load,0.368855
29921400,h25_load,0.393922
29922300,h25_load,0.419200
29923200,h25_load,0.439237
29924100,h25_load,0.461846
29925000,h25_load,0.475877
29925900,h25_load,0.489989
29926800,h25_load,0.500179
29927700,h25_load,0.514437
29928600,h25_load,0.521844
29929500,h25_load,0.529608
29930400,h25_load,0.540351
29931300,h25_load,0.550475
29932200,h25_load,0.560502
29933100,h25_load,0.570577
29934000,h25_load,0.585048
29934900,h25_load,0.599697
29935800,h25_load,0.612360
29936700,h25_load,0.617455
29937600,h25_load,0.608763
29938500,h25_load,0.604222
29939400,h25_load,0.599241
29940300,h25_load,0.594895
29941200,h25_load,0.587440
29942100,h25_load,0.582557
29943000,h25_load,0.580050
29943900,h25_load,0.573572
29944800,h25_load,0.571358
29945700,h25_load,0.571342
29946600,h25_load,0.572400
29947500,h25_load,0.572254
29948400,h25_load,0.576160
29949300,h25_load,0.576437
29950200,h25_load,0.580588
29951100,h25_load,0.586285
29952000,h25_load,0.602594
29952900,h25_load,0.621101
29953800,h25_load,0.641415
29954700,h25_load,0.663194
29955600,h25_load,0.681733
29956500,h25_load,0.695374
29957400,h25_load,0.703203
29958300,h25_load,0.708265
29959200,h25_load,0.709535
29960100,h25_load,0.705791
29961000,h25_load,0.697701
29961900,h25_load,0.686893
29962800,h25_load,0.675239
29963700,h25_load,0.660736
29964600,h25_load,0.646201
29965500,h25_load,0.630184
29966400,h25_load,0.617781
29967300,h25_load,0.599290
29968200,h25_load,0.578846
29969100,h25_load,0.565385
29970000,h25_load,0.555391
29970900,h25_load,0.543329
29971800,h25_load,0.531382
29972700,h25_load,0.526352
29973600,h25_load,0.524822
29974500,h25_load,0.506869
29975400,h25_load,0.490087
29976300,h25_load,0.467494
29977200,h25_load,0.448808
29978100,h25_load,0.428901
29979000,h25_load,0.410411
29979900,h25_load,0.393222
29980800,h25_load,0.372375
29981700,h25_load,0.350077
29982600,h25_load,0.332888
29983500,h25_load,0.318735
29984400,h25_load,0.306395
29985300,h25_load,0.294935
29986200,h25_load,0.284831
29987100,h25_load,0.274008
29988000,h25_load,0.270564
29988900,h25_load,0.264541
29989800,h25_load,0.260084
29990700,h25_load,0.256199
29991600,h25_load,0.254942
29992500,h25_load,0.252265
29993400,h25_load,0.249392
29994300,h25_load,0.247107
29995200,h25_load,0.247711
29996100,h25_load,0.244985
29997000,h25_load,0.246258
29997900,h25_load,0.250225
29998800,h25_load,0.252380
29999700,h25_load,0.249539
30000600,h25_load,0.252755
30001500,h25_load,0.257864
30002400,h25_load,0.272327
30003300,h25_load,0.284096
30004200,h25_load,0.295719
30005100,h25_load,0.308500
30006000,h25_load,0.331680
30006900,h25_load,0.350485
30007800,h25_load,0.377190
30008700,h25_load,0.406328
30009600,h25_load,0.432919
30010500,h25_load,0.463363
30011400,h25_load,0.487081
30012300,h25_load,0.511795
30013200,h25_load,0.534175
30014100,h25_load,0.558497
30015000,h25_load,0.578656
30015900,h25_load,0.597837
30016800,h25_load,0.615711
30017700,h25_load,0.634255
30018600,h25_load,0.651623
30019500,h25_load,0.669628
30020400,h25_load,0.693624
30021300,h25_load,0.718599
30022200,h25_load,0.734612
30023100,h25_load,0.736408
30024000,h25_load,0.717293
30024900,h25_load,0.702259
30025800,h25_load,0.686686
30026700,h25_load,0.669448
30027600,h25_load,0.649893
30028500,h25_load,0.636197
30029400,h25_load,0.628901
30030300,h25_load,0.617017
30031200,h25_load,0.606015
30032100,h25_load,0.601314
30033000,h25_load,0.597347
30033900,h25_load,0.592221
30034800,h25_load,0.592221
30035700,h25_load,0.590622
30036600,h25_load,0.590932
30037500,h25_load,0.593087
30038400,h25_load,0.604285
30039300,h25_load,0.618813
30040200,h25_load,0.637340
30041100,h25_load,0.659377
30042000,h25_load,0.681593
30042900,h25_load,0.694620
30043800,h25_load,0.702847
30044700,h25_load,0.712461
30045600,h25_load,0.714583
30046500,h25_load,0.714616
30047400,h25_load,0.709833
30048300,h25_load,0.703777
30049200,h25_load,0.694554
30050100,h25_load,0.683650
30051000,h25_load,0.671277
30051900,h25_load,0.656798
30052800,h25_load,0.645453
30053700,h25_load,0.625538
30054600,h25_load,0.602065
30055500,h25_load,0.583602
30056400,h25_load,0.569123
30057300,h25_load,0.554710
30058200,h25_load,0.537243
30059100,h25_load,0.532216
30060000,h25_load,0.522830
30060900,h25_load,0.497055
30061800,h25_load,0.474120
30062700,h25_load,0.450287
30063600,h25_load,0.429622
30064500,h25_load,0.405414
30065400,h25_load,0.382006
30066300,h25_load,0.359038
30067200,h25_load,0.326721
30068100,h25_load,0.306275
30069000,h25_load,0.289971
30069900,h25_load,0.277285
30070800,h25_load,0.267463
30071700,h25_load,0.258689
30072600,h25_load,0.253090
30073500,h25_load,0.245249
30074400,h25_load,0.244709
30075300,h25_load,0.242663
30076200,h25_load,0.241075
30077100,h25_load,0.239864
30078000,h25_load,0.240764
30078900,h25_load,0.239487
30079800,h25_load,0.240191
30080700,h25_load,0.240208
30081600,h25_load,0.245200
30082500,h25_load,0.247508
30083400,h25_load,0.253107
30084300,h25_load,0.261455
30085200,h25_load,0.271866
30086100,h25_load,0.277645
30087000,h25_load,0.291690
30087900,h25_load,0.310695
30088800,h25_load,0.345268
30089700,h25_load,0.371508
30090600,h25_load,0.392707
30091500,h25_load,0.408291
30092400,h25_load,0.420142
30093300,h25_load,0.426330
30094200,h25_load,0.424775
30095100,h25_load,0.420011
30096000,h25_load,0.409960
30096900,h25_load,0.406916
30097800,h25_load,0.397716
30098700,h25_load,0.391545
30099600,h25_load,0.387911
30100500,h25_load,0.385422
30101400,h25_load,0.384833
30102300,h25_load,0.385471
30103200,h25_load,0.383769
30104100,h25_load,0.385275
30105000,h25_load,0.390562
30105900,h25_load,0.396374
30106800,h25_load,0.407783
30107700,h25_load,0.419995
30108600,h25_load,0.430521
30109500,h25_load,0.436774
30110400,h25_load,0.437903
30111300,h25_load,0.438967
30112200,h25_load,0.441177
30113100,h25_load,0.439475
30114000,h25_load,0.435481
30114900,h25_load,0.436348
30115800,h25_load,0.437019
30116700,h25_load,0.433009
30117600,h25_load,0.428638
30118500,h25_load,0.428998
30119400,h25_load,0.429064
30120300,h25_load,0.433762
30121200,h25_load,0.442634
30122100,h25_load,0.447447
30123000,h25_load,0.456516
30123900,h25_load,0.469300
30124800,h25_load,0.496768
30125700,h25_load,0.522501
30126600,h25_load,0.552016
30127500,h25_load,0.582381
30128400,h25_load,0.618689
30129300,h25_load,0.639528
30130200,h25_load,0.652640
30131100,h25_load,0.669222
30132000,h25_load,0.682531
30132900,h25_load,0.690486
30133800,h25_load,0.694595
30134700,h25_load,0.698376
30135600,h25_load,0.696085
30136500,h25_load,0.689701
30137400,h25_load,0.681712
30138300,h25_load,0.672889
30139200,h25_load,0.659679
30140100,h25_load,0.641328
30141000,h25_load,0.618886
30141900,h25_load,0.600404
30142800,h25_load,0.584821
30143700,h25_load,0.570301
30144600,h25_load,0.552310
30145500,h25_load,0.544584
30146400,h25_load,0.533862
30147300,h25_load,0.505772
30148200,h25_load,0.479940
30149100,h25_load,0.454175
30150000,h25_load,0.431699
30150900,h25_load,0.405197
30151800,h25_load,0.381592
30152700,h25_load,0.358674
30153600,h25_load,0.327627
30154500,h25_load,0.307125
30155400,h25_load,0.290775
30156300,h25_load,0.278054
30157200,h25_load,0.268205
30158100,h25_load,0.259406
30159000,h25_load,0.253792
30159900,h25_load,0.245929
30160800,h25_load,0.245388
30161700,h25_load,0.243336
30162600,h25_load,0.241744
30163500,h25_load,0.240529
30164400,h25_load,0.241432
30165300,h25_load,0.240151
30166200,h25_load,0.240857
30167100,h25_load,0.240874
30168000,h25_load,0.245880
30168900,h25_load,0.248195
30169800,h25_load,0.253809
30170700,h25_load,0.262180
30171600,h25_load,0.272620
30172500,h25_load,0.278415
30173400,h25_load,0.292499
30174300,h25_load,0.311557
30175200,h25_load,0.346225
30176100,h25_load,0.372538
30177000,h25_load,0.393796
30177900,h25_load,0.409423
30178800,h25_load,0.421307
30179700,h25_load,0.427512
30180600,h25_load,0.425953
30181500,h25_load,0.421176
30182400,h25_load,0.411097
30183300,h25_load,0.408044
30184200,h25_load,0.398819
30185100,h25_load,0.392630
30186000,h25_load,0.388986
30186900,h25_load,0.386491
30187800,h25_load,0.385900
30188700,h25_load,0.386540
30189600,h25_load,0.384833
30190500,h25_load,0.386343
30191400,h25_load,0.391645
30192300,h25_load,0.397473
30193200,h25_load,0.408914
30194100,h25_load,0.421159
30195000,h25_load,0.431714
30195900,h25_load,0.437985
30196800,h25_load,0.439117
30197700,h25_load,0.440184
30198600,h25_load,0.442400
30199500,h25_load,0.440693
30200400,h25_load,0.436688
30201300,h25_load,0.437558
30202200,h25_load,0.438231
30203100,h25_load,0.434209
30204000,h25_load,0.429827
30204900,h25_load,0.430188
30205800,h25_load,0.430253
30206700,h25_load,0.434964
30207600,h25_load,0.443861
30208500,h25_load,0.448687
30209400,h25_load,0.457781
30210300,h25_load,0.470601
30211200,h25_load,0.498146
30212100,h25_load,0.523950
30213000,h25_load,0.553546
30213900,h25_load,0.583996
30214800,h25_load,0.620405
30215700,h25_load,0.641301
30216600,h25_load,0.654449
30217500,h25_load,0.671078
30218400,h25_load,0.684423
30219300,h25_load,0.692401
30220200,h25_load,0.696521
30221100,h25_load,0.700313
30222000,h25_load,0.698015
30222900,h25_load,0.691613
30223800,h25_load,0.683602
30224700,h25_load,0.674755
30225600,h25_load,0.661508
30226500,h25_load,0.643107
30227400,h25_load,0.620602
30228300,h25_load,0.602069
30229200,h25_load,0.586442
30230100,h25_load,0.571882
30231000,h25_load,0.553842
30231900,h25_load,0.546094
30232800,h25_load,0.535342
30233700,h25_load,0.507174
30234600,h25_load,0.481271
30235500,h25_load,0.455434
30236400,h25_load,0.432896
30237300,h25_load,0.406320
30238200,h25_load,0.382650
30239100,h25_load,0.359669
30240000,h25_load,0.328521
30240900,h25_load,0.307962
30241800,h25_load,0.291568
30242700,h25_load,0.278812
30243600,h25_load,0.268936
30244500,h25_load,0.260114
30245400,h25_load,0.254485
30246300,h25_load,0.246600
30247200,h25_load,0.246057
30248100,h25_load,0.244000
30249000,h25_load,0.242403
30249900,h25_load,0.241185
30250800,h25_load,0.242090
30251700,h25_load,0.240807
30252600,h25_load,0.241514
30253500,h25_load,0.241531
30254400,h25_load,0.246551
30255300,h25_load,0.248872
30256200,h25_load,0.254501
30257100,h25_load,0.262896
30258000,h25_load,0.273364
30258900,h25_load,0.279174
30259800,h25_load,0.293297
30260700,h25_load,0.312407
30261600,h25_load,0.347170
30262500,h25_load,0.373555
30263400,h25_load,0.394870
30264300,h25_load,0.410540
30265200,h25_load,0.422457
30266100,h25_load,0.428678
30267000,h25_load,0.427115
30267900,h25_load,0.422325
30268800,h25_load,0.412219
30269700,h25_load,0.409157
30270600,h25_load,0.399907
30271500,h25_load,0.393701
30272400,h25_load,0.390047
30273300,h25_load,0.387545
30274200,h25_load,0.386953
30275100,h25_load,0.387595
30276000,h25_load,0.385883
30276900,h25_load,0.387397
30277800,h25_load,0.392714
30278700,h25_load,0.398557
30279600,h25_load,0.410029
30280500,h25_load,0.422308
30281400,h25_load,0.432892
30282300,h25_load,0.439180
30283200,h25_load,0.440315
30284100,h25_load,0.441385
30285000,h25_load,0.443607
30285900,h25_load,0.441896
30286800,h25_load,0.437879
30287700,h25_load,0.438752
30288600,h25_load,0.439427
30289500,h25_load,0.435394
30290400,h25_load,0.430999
30291300,h25_load,0.431361
30292200,h25_load,0.431427
30293100,h25_load,0.436151
30294000,h25_load,0.445072
30294900,h25_load,0.449912
30295800,h25_load,0.459030
30296700,h25_load,0.471885
30297600,h25_load,0.499505
30298500,h25_load,0.525380
30299400,h25_load,0.555057
30300300,h25_load,0.585589
30301200,h25_load,0.622097
30302100,h25_load,0.643051
30303000,h25_load,0.656235
30303900,h25_load,0.672909
30304800,h25_load,0.686290
30305700,h25_load,0.694290
30306600,h25_load,0.698421
30307500,h25_load,0.702223
30308400,h25_load,0.699919
30309300,h25_load,0.693500
30310200,h25_load,0.685467
30311100,h25_load,0.676596
30312000,h25_load,0.663313
30312900,h25_load,0.644861
30313800,h25_load,0.622295
30314700,h25_load,0.603712
30315600,h25_load,0.588042
30316500,h25_load,0.573442
30317400,h25_load,0.555353
30318300,h25_load,0.547584
30319200,h25_load,0.536803
30320100,h25_load,0.508558
30321000,h25_load,0.482584
30321900,h25_load,0.456676
30322800,h25_load,0.434077
30323700,h25_load,0.407429
30324600,h25_load,0.383694
30325500,h25_load,0.360650
30326400,h25_load,0.329402
30327300,h25_load,0.308789
30328200,h25_load,0.292351
30329100,h25_load,0.279560
30330000,h25_load,0.269658
30330900,h25_load,0.260812
30331800,h25_load,0.255167
30332700,h25_load,0.247262
30333600,h25_load,0.246717
30334500,h25_load,0.244654
30335400,h25_load,0.243053
30336300,h25_load,0.241832
30337200,h25_load,0.242740
30338100,h25_load,0.241453
30339000,h25_load,0.242162
30339900,h25_load,0.242179
30340800,h25_load,0.247212
30341700,h25_load,0.249540
30342600,h25_load,0.255184
30343500,h25_load,0.263601
30344400,h25_load,0.274097
30345300,h25_load,0.279923
30346200,h25_load,0.294084
30347100,h25_load,0.313245
30348000,h25_load,0.348101
30348900,h25_load,0.374557
30349800,h25_load,0.395929
30350700,h25_load,0.411641
30351600,h25_load,0.423590
30352500,h25_load,0.429829
30353400,h25_load,0.428261
30354300,h25_load,0.423458
30355200,h25_load,0.413325
30356100,h25_load,0.410255
30357000,h25_load,0.400980
30357900,h25_load,0.394758
30358800,h25_load,0.391094
30359700,h25_load,0.388585
30360600,h25_load,0.387991
30361500,h25_load,0.388635
30362400,h25_load,0.386918
30363300,h25_load,0.388437
30364200,h25_load,0.393767
30365100,h25_load,0.399626
30366000,h25_load,0.411130
30366900,h25_load,0.423442
30367800,h25_load,0.434054
30368700,h25_load,0.440358
30369600,h25_load,0.441497
30370500,h25_load,0.442570
30371400,h25_load,0.444798
30372300,h25_load,0.443081
30373200,h25_load,0.439054
30374100,h25_load,0.439929
30375000,h25_load,0.440606
30375900,h25_load,0.436562
30376800,h25_load,0.432156
30377700,h25_load,0.432519
30378600,h25_load,0.432585
30379500,h25_load,0.437321
30380400,h25_load,0.446266
30381300,h25_load,0.451119
30382200,h25_load,0.460262
30383100,h25_load,0.473151
30384000,h25_load,0.500845
30384900,h25_load,0.526789
30385800,h25_load,0.556546
30386700,h25_load,0.587161
30387600,h25_load,0.623766
30388500,h25_load,0.644776
30389400,h25_load,0.657995
30390300,h25_load,0.674714
30391200,h25_load,0.688132
30392100,h25_load,0.696153
30393000,h25_load,0.700295
30393900,h25_load,0.704107
30394800,h25_load,0.701797
30395700,h25_load,0.695360
30396600,h25_load,0.687306
30397500,h25_load,0.678411
30398400,h25_load,0.665092
30399300,h25_load,0.646591
30400200,h25_load,0.623964
30401100,h25_load,0.605331
30402000,h25_load,0.589620
30402900,h25_load,0.574981
30403800,h25_load,0.556843
30404700,h25_load,0.549053
30405600,h25_load,0.538243
30406500,h25_load,0.509922
30407400,h25_load,0.483879
30408300,h25_load,0.457902
30409200,h25_load,0.435242
30410100,h25_load,0.408522
30411000,h25_load,0.384723
30411900,h25_load,0.361618
30412800,h25_load,0.330271
30413700,h25_load,0.309603
30414600,h25_load,0.293122
30415500,h25_load,0.280297
30416400,h25_load,0.270369
30417300,h25_load,0.261499
30418200,h25_load,0.255840
30419100,h25_load,0.247914
30420000,h25_load,0.247368
30420900,h25_load,0.245299
30421800,h25_load,0.243694
30422700,h25_load,0.242470
30423600,h25_load,0.243380
30424500,h25_load,0.242089
30425400,h25_load,0.242801
30426300,h25_load,0.242817
30427200,h25_load,0.247864
30428100,h25_load,0.250198
30429000,h25_load,0.255857
30429900,h25_load,0.264296
30430800,h25_load,0.274820
30431700,h25_load,0.280661
30432600,h25_load,0.294859
30433500,h25_load,0.314071
30434400,h25_load,0.349019
30435300,h25_load,0.375545
30436200,h25_load,0.396973
30437100,h25_load,0.412727
30438000,h25_load,0.424707
30438900,h25_load,0.430962
30439800,h25_load,0.429390
30440700,h25_load,0.424575
30441600,h25_load,0.414414
30442500,h25_load,0.411337
30443400,h25_load,0.402037
30444300,h25_load,0.395799
30445200,h25_load,0.392125
30446100,h25_load,0.389610
30447000,h25_load,0.389014
30447900,h25_load,0.389659
30448800,h25_load,0.387939
30449700,h25_load,0.389461
30450600,h25_load,0.394806
30451500,h25_load,0.400680
30452400,h25_load,0.412214
30453300,h25_load,0.424558
30454200,h25_load,0.435198
30455100,h25_load,0.441519
30456000,h25_load,0.442661
30456900,h25_load,0.443737
30457800,h25_load,0.445970
30458700,h25_load,0.444250
30459600,h25_load,0.440212
30460500,h25_load,0.441089
30461400,h25_load,0.441767
30462300,h25_load,0.437713
30463200,h25_load,0.433295
30464100,h25_load,0.433659
30465000,h25_load,0.433725
30465900,h25_load,0.438474
30466800,h25_load,0.447443
30467700,h25_load,0.452308
30468600,h25_load,0.461475
30469500,h25_load,0.474399
30470400,h25_load,0.502166
30471300,h25_load,0.528178
30472200,h25_load,0.558013
30473100,h25_load,0.588709
30474000,h25_load,0.625411
30474900,h25_load,0.646476
30475800,h25_load,0.659731
30476700,h25_load,0.676493
30477600,h25_load,0.689946
30478500,h25_load,0.697988
30479400,h25_load,0.702142
30480300,h25_load,0.705964
30481200,h25_load,0.703647
30482100,h25_load,0.697194
30483000,h25_load,0.689119
30483900,h25_load,0.680200
30484800,h25_load,0.666846
30485700,h25_load,0.648296
30486600,h25_load,0.625610
30487500,h25_load,0.606928
30488400,h25_load,0.591174
30489300,h25_load,0.576497
30490200,h25_load,0.558311
30491100,h25_load,0.550501
30492000,h25_load,0.539662
30492900,h25_load,0.511267
30493800,h25_load,0.485155
30494700,h25_load,0.459109
30495600,h25_load,0.436390
30496500,h25_load,0.409599
30497400,h25_load,0.385738
30498300,h25_load,0.362571
30499200,h25_load,0.359180
30500100,h25_load,0.335539
30501000,h25_load,0.317389
30501900,h25_load,0.302508
30502800,h25_load,0.290712
30503700,h25_load,0.279829
30504600,h25_load,0.271384
30505500,h25_load,0.261098
30506400,h25_load,0.257747
30507300,h25_load,0.253284
30508200,h25_load,0.250165
30509100,h25_load,0.247395
30510000,h25_load,0.246648
30510900,h25_load,0.245006
30511800,h25_load,0.244375
30512700,h25_load,0.243280
30513600,h25_load,0.245951
30514500,h25_load,0.245537
30515400,h25_load,0.246499
30516300,h25_load,0.250165
30517200,h25_load,0.252372
30518100,h25_load,0.251294
30519000,h25_load,0.254844
30519900,h25_load,0.264168
30520800,h25_load,0.282069
30521700,h25_load,0.296884
30522600,h25_load,0.312114
30523500,h25_load,0.327095
30524400,h25_load,0.352743
30525300,h25_load,0.375953
30526200,h25_load,0.401502
30527100,h25_load,0.427267
30528000,h25_load,0.447690
30528900,h25_load,0.470734
30529800,h25_load,0.485034
30530700,h25_load,0.499418
30531600,h25_load,0.509804
30532500,h25_load,0.524337
30533400,h25_load,0.531886
30534300,h25_load,0.539799
30535200,h25_load,0.550749
30536100,h25_load,0.561068
30537000,h25_load,0.571287
30537900,h25_load,0.581557
30538800,h25_load,0.596306
30539700,h25_load,0.611237
30540600,h25_load,0.624144
30541500,h25_load,0.629337
30542400,h25_load,0.620478
30543300,h25_load,0.615849
30544200,h25_load,0.610772
30545100,h25_load,0.606343
30546000,h25_load,0.598744
30546900,h25_load,0.593767
30547800,h25_load,0.591212
30548700,h25_load,0.584610
30549600,h25_load,0.582353
30550500,h25_load,0.582337
30551400,h25_load,0.583415
30552300,h25_load,0.583266
30553200,h25_load,0.587247
30554100,h25_load,0.587529
30555000,h25_load,0.591760
30555900,h25_load,0.597567
30556800,h25_load,0.614190
30557700,h25_load,0.633053
30558600,h25_load,0.653758
30559500,h25_load,0.675956
30560400,h25_load,0.694852
30561300,h25_load,0.708755
30562200,h25_load,0.716735
30563100,h25_load,0.721894
30564000,h25_load,0.723188
30564900,h25_load,0.719373
30565800,h25_load,0.711127
30566700,h25_load,0.700111
30567600,h25_load,0.688233
30568500,h25_load,0.673451
30569400,h25_load,0.658636
30570300,h25_load,0.642311
30571200,h25_load,0.629669
30572100,h25_load,0.610822
30573000,h25_load,0.589985
30573900,h25_load,0.576265
30574800,h25_load,0.566078
30575700,h25_load,0.553785
30576600,h25_load,0.541607
30577500,h25_load,0.536481
30578400,h25_load,0.534922
30579300,h25_load,0.516622
30580200,h25_load,0.499518
30581100,h25_load,0.476490
30582000,h25_load,0.457445
30582900,h25_load,0.437155
30583800,h25_load,0.418308
30584700,h25_load,0.400789
30585600,h25_load,0.379420
30586500,h25_load,0.356700
30587400,h25_load,0.339186
30588300,h25_load,0.324766
30589200,h25_load,0.312192
30590100,h25_load,0.300516
30591000,h25_load,0.290220
30591900,h25_load,0.279193
30592800,h25_load,0.275684
30593700,h25_load,0.269546
30594600,h25_load,0.265006
30595500,h25_load,0.261047
30596400,h25_load,0.259766
30597300,h25_load,0.257039
30598200,h25_load,0.254111
30599100,h25_load,0.251783
30600000,h25_load,0.252398
30600900,h25_load,0.249620
30601800,h25_load,0.250918
30602700,h25_load,0.254960
30603600,h25_load,0.257155
30604500,h25_load,0.254261
30605400,h25_load,0.257538
30606300,h25_load,0.262744
30607200,h25_load,0.277480
30608100,h25_load,0.289472
30609000,h25_load,0.301314
30609900,h25_load,0.314338
30610800,h25_load,0.337956
30611700,h25_load,0.357116
30612600,h25_load,0.384327
30613500,h25_load,0.414016
30614400,h25_load,0.441110
30615300,h25_load,0.472130
30616200,h25_load,0.496297
30617100,h25_load,0.521479
30618000,h25_load,0.544282
30618900,h25_load,0.569064
30619800,h25_load,0.589605
30620700,h25_load,0.609148
30621600,h25_load,0.627361
30622500,h25_load,0.646256
30623400,h25_load,0.663953
30624300,h25_load,0.682298
30625200,h25_load,0.706748
30626100,h25_load,0.732196
30627000,h25_load,0.748512
30627900,h25_load,0.750342
30628800,h25_load,0.730865
30629700,h25_load,0.715547
30630600,h25_load,0.699679
30631500,h25_load,0.682115
30632400,h25_load,0.662190
30633300,h25_load,0.648235
30634200,h25_load,0.640800
30635100,h25_load,0.628692
30636000,h25_load,0.617481
30636900,h25_load,0.612691
30637800,h25_load,0.608650
30638700,h25_load,0.603427
30639600,h25_load,0.603427
30640500,h25_load,0.601797
30641400,h25_load,0.602113
30642300,h25_load,0.604308
30643200,h25_load,0.615718
30644100,h25_load,0.630521
30645000,h25_load,0.649399
30645900,h25_load,0.671853
30646800,h25_load,0.694490
30647700,h25_load,0.707763
30648600,h25_load,0.716145
30649500,h25_load,0.725942
30650400,h25_load,0.728104
30651300,h25_load,0.728137
30652200,h25_load,0.723264
30653100,h25_load,0.717093
30654000,h25_load,0.707696
30654900,h25_load,0.696586
30655800,h25_load,0.683978
30656700,h25_load,0.669225
30657600,h25_load,0.657665
30658500,h25_load,0.637374
30659400,h25_load,0.613456
30660300,h25_load,0.594645
30661200,h25_load,0.579892
30662100,h25_load,0.565205
30663000,h25_load,0.547409
30663900,h25_load,0.542286
30664800,h25_load,0.532722
30665700,h25_load,0.506459
30666600,h25_load,0.483091
30667500,h25_load,0.458807
30668400,h25_load,0.437751
30669300,h25_load,0.413085
30670200,h25_load,0.389234
30671100,h25_load,0.365832
30672000,h25_load,0.332796
30672900,h25_load,0.311970
30673800,h25_load,0.295363
30674700,h25_load,0.282440
30675600,h25_load,0.272436
30676500,h25_load,0.263499
30677400,h25_load,0.257796
30678300,h25_load,0.249810
30679200,h25_load,0.249259
30680100,h25_load,0.247175
30681000,h25_load,0.245558
30681900,h25_load,0.244324
30682800,h25_load,0.245241
30683700,h25_load,0.243940
30684600,h25_load,0.244657
30685500,h25_load,0.244674
30686400,h25_load,0.249759
30687300,h25_load,0.252111
30688200,h25_load,0.257813
30689100,h25_load,0.266317
30690000,h25_load,0.276921
30690900,h25_load,0.282807
30691800,h25_load,0.297114
30692700,h25_load,0.316472
30693600,h25_load,0.351687
30694500,h25_load,0.378416
30695400,h25_load,0.400009
30696300,h25_load,0.415882
30697200,h25_load,0.427954
30698100,h25_load,0.434257
30699000,h25_load,0.432673
30699900,h25_load,0.427821
30700800,h25_load,0.417583
30701700,h25_load,0.414482
30702600,h25_load,0.405111
30703500,h25_load,0.398825
30704400,h25_load,0.395123
30705300,h25_load,0.392589
30706200,h25_load,0.391988
30707100,h25_load,0.392639
30708000,h25_load,0.390905
30708900,h25_load,0.392439
30709800,h25_load,0.397824
30710700,h25_load,0.403744
30711600,h25_load,0.415365
30712500,h25_load,0.427804
30713400,h25_load,0.438526
30714300,h25_load,0.444895
30715200,h25_load,0.446046
30716100,h25_load,0.447129
30717000,h25_load,0.449380
30717900,h25_load,0.447646
30718800,h25_load,0.443578
30719700,h25_load,0.444461
30720600,h25_load,0.445145
30721500,h25_load,0.441060
30722400,h25_load,0.436608
30723300,h25_load,0.436975
30724200,h25_load,0.437042
30725100,h25_load,0.441827
30726000,h25_load,0.450864
30726900,h25_load,0.455766
30727800,h25_load,0.465004
30728700,h25_load,0.478026
30729600,h25_load,0.506005
30730500,h25_load,0.532217
30731400,h25_load,0.562280
30732300,h25_load,0.593210
30733200,h25_load,0.630193
30734100,h25_load,0.651419
30735000,h25_load,0.664775
30735900,h25_load,0.681665
30736800,h25_load,0.695221
30737700,h25_load,0.703325
30738600,h25_load,0.707510
30739500,h25_load,0.711362
30740400,h25_load,0.709027
30741300,h25_load,0.702525
30742200,h25_load,0.694388
30743100,h25_load,0.685400
30744000,h25_load,0.671945
30744900,h25_load,0.653253
30745800,h25_load,0.630393
30746700,h25_load,0.611568
30747600,h25_load,0.595694
30748500,h25_load,0.580905
30749400,h25_load,0.562580
30750300,h25_load,0.554710
30751200,h25_load,0.543788
30752100,h25_load,0.515176
30753000,h25_load,0.488864
30753900,h25_load,0.462619
30754800,h25_load,0.439726
30755700,h25_load,0.412731
30756600,h25_load,0.388687
30757500,h25_load,0.365343
30758400,h25_load,0.333609
30759300,h25_load,0.312733
30760200,h25_load,0.296085
30761100,h25_load,0.283131
30762000,h25_load,0.273102
30762900,h25_load,0.264143
30763800,h25_load,0.258427
30764700,h25_load,0.250420
30765600,h25_load,0.249869
30766500,h25_load,0.247779
30767400,h25_load,0.246158
30768300,h25_load,0.244921
30769200,h25_load,0.245840
30770100,h25_load,0.244537
30771000,h25_load,0.245255
30771900,h25_load,0.245272
30772800,h25_load,0.250370
30773700,h25_load,0.252727
30774600,h25_load,0.258443
30775500,h25_load,0.266968
30776400,h25_load,0.277598
30777300,h25_load,0.283499
30778200,h25_load,0.297840
30779100,h25_load,0.317246
30780000,h25_load,0.352547
30780900,h25_load,0.379341
30781800,h25_load,0.400987
30782700,h25_load,0.416899
30783600,h25_load,0.429000
30784500,h25_load,0.435319
30785400,h25_load,0.433731
30786300,h25_load,0.428867
30787200,h25_load,0.418604
30788100,h25_load,0.415495
30789000,h25_load,0.406101
30789900,h25_load,0.399800
30790800,h25_load,0.396089
30791700,h25_load,0.393549
30792600,h25_load,0.392947
30793500,h25_load,0.393599
30794400,h25_load,0.391860
30795300,h25_load,0.393398
30796200,h25_load,0.398797
30797100,h25_load,0.404731
30798000,h25_load,0.416381
30798900,h25_load,0.428850
30799800,h25_load,0.439598
30800700,h25_load,0.445983
30801600,h25_load,0.447136
30802500,h25_load,0.448222
30803400,h25_load,0.450479
30804300,h25_load,0.448741
30805200,h25_load,0.444662
30806100,h25_load,0.445548
30807000,h25_load,0.446233
30807900,h25_load,0.442138
30808800,h25_load,0.437675
30809700,h25_load,0.438043
30810600,h25_load,0.438110
30811500,h25_load,0.442907
30812400,h25_load,0.451967
30813300,h25_load,0.456881
30814200,h25_load,0.466141
30815100,h25_load,0.479195
30816000,h25_load,0.507242
30816900,h25_load,0.533518
30817800,h25_load,0.563654
30818700,h25_load,0.594660
30819600,h25_load,0.631734
30820500,h25_load,0.653011
30821400,h25_load,0.666400
30822300,h25_load,0.683332
30823200,h25_load,0.696921
30824100,h25_load,0.705044
30825000,h25_load,0.709240
30825900,h25_load,0.713101
30826800,h25_load,0.710761
30827700,h25_load,0.704242
30828600,h25_load,0.696085
30829500,h25_load,0.687076
30830400,h25_load,0.673587
30831300,h25_load,0.654850
30832200,h25_load,0.631934
30833100,h25_load,0.613063
30834000,h25_load,0.597151
30834900,h25_load,0.582325
30835800,h25_load,0.563955
30836700,h25_load,0.556066
30837600,h25_load,0.545118
30838500,h25_load,0.516435
30839400,h25_load,0.490059
30840300,h25_load,0.463750
30841200,h25_load,0.440801
30842100,h25_load,0.413740
30843000,h25_load,0.389637
30843900,h25_load,0.366237
30844800,h25_load,0.334408
30845700,h25_load,0.313482
30846600,h25_load,0.296794
30847500,h25_load,0.283809
30848400,h25_load,0.273756
30849300,h25_load,0.264776
30850200,h25_load,0.259045
30851100,h25_load,0.251020
30852000,h25_load,0.250467
30852900,h25_load,0.248373
30853800,h25_load,0.246747
30854700,h25_load,0.245508
30855600,h25_load,0.246429
30856500,h25_load,0.245122
30857400,h25_load,0.245843
30858300,h25_load,0.245859
30859200,h25_load,0.250970
30860100,h25_load,0.253332
30861000,h25_load,0.259062
30861900,h25_load,0.267607
30862800,h25_load,0.278263
30863700,h25_load,0.284178
30864600,h25_load,0.298553
30865500,h25_load,0.318005
30866400,h25_load,0.353391
30867300,h25_load,0.380249
30868200,h25_load,0.401947
30869100,h25_load,0.417897
30870000,h25_load,0.430028
30870900,h25_load,0.436361
30871800,h25_load,0.434769
30872700,h25_load,0.429894
30873600,h25_load,0.419606
30874500,h25_load,0.416490
30875400,h25_load,0.407074
30876300,h25_load,0.400757
30877200,h25_load,0.397038
30878100,h25_load,0.394491
30879000,h25_load,0.393888
30879900,h25_load,0.394541
30880800,h25_load,0.392799
30881700,h25_load,0.394340
30882600,h25_load,0.399752
30883500,h25_load,0.405700
30884400,h25_load,0.417378
30885300,h25_load,0.429877
30886200,h25_load,0.440650
30887100,h25_load,0.447051
30888000,h25_load,0.448207
30888900,h25_load,0.449296
30889800,h25_load,0.451558
30890700,h25_load,0.449815
30891600,h25_load,0.445727
30892500,h25_load,0.446615
30893400,h25_load,0.447302
30894300,h25_load,0.443197
30895200,h25_load,0.438724
30896100,h25_load,0.439092
30897000,h25_load,0.439159
30897900,h25_load,0.443968
30898800,h25_load,0.453049
30899700,h25_load,0.457975
30900600,h25_load,0.467257
30901500,h25_load,0.480342
30902400,h25_load,0.508457
30903300,h25_load,0.534795
30904200,h25_load,0.565004
30905100,h25_load,0.596084
30906000,h25_load,0.633246
30906900,h25_load,0.654575
30907800,h25_load,0.667996
30908700,h25_load,0.684968
30909600,h25_load,0.698590
30910500,h25_load,0.706733
30911400,h25_load,0.710938
30912300,h25_load,0.714809
30913200,h25_load,0.712463
30914100,h25_load,0.705928
30915000,h25_load,0.697752
30915900,h25_load,0.688721
30916800,h25_load,0.675200
30917700,h25_load,0.656418
30918600,h25_load,0.633447
30919500,h25_load,0.614531
30920400,h25_load,0.598581
30921300,h25_load,0.583719
30922200,h25_load,0.565306
30923100,h25_load,0.557398
30924000,h25_load,0.546423
30924900,h25_load,0.517672
30925800,h25_load,0.491233
30926700,h25_load,0.464861
30927600,h25_load,0.441857
30928500,h25_load,0.414731
30929400,h25_load,0.390570
30930300,h25_load,0.367114
30931200,h25_load,0.383105
30932100,h25_load,0.360165
30933000,h25_load,0.342481
30933900,h25_load,0.327920
30934800,h25_load,0.315224
30935700,h25_load,0.303435
30936600,h25_load,0.293039
30937500,h25_load,0.281905
30938400,h25_load,0.278361
30939300,h25_load,0.272164
30940200,h25_load,0.267579
30941100,h25_load,0.263582
30942000,h25_load,0.262289
30942900,h25_load,0.259535
30943800,h25_load,0.256579
30944700,h25_load,0.254228
30945600,h25_load,0.254849
30946500,h25_load,0.252045
30947400,h25_load,0.253355
30948300,h25_load,0.257436
30949200,h25_load,0.259653
30950100,h25_load,0.256730
30951000,h25_load,0.260039
30951900,h25_load,0.265295
30952800,h25_load,0.280175
30953700,h25_load,0.292283
30954600,h25_load,0.304241
30955500,h25_load,0.317390
30956400,h25_load,0.341238
30957300,h25_load,0.360585
30958200,h25_load,0.388060
30959100,h25_load,0.418037
30960000,h25_load,0.445395
30960900,h25_load,0.476715
30961800,h25_load,0.501117
30962700,h25_load,0.526543
30963600,h25_load,0.549568
30964500,h25_load,0.574591
30965400,h25_load,0.595332
30966300,h25_load,0.615065
30967200,h25_load,0.633454
30968100,h25_load,0.652532
30969000,h25_load,0.670401
30969900,h25_load,0.688925
30970800,h25_load,0.713612
30971700,h25_load,0.739307
30972600,h25_load,0.755782
30973500,h25_load,0.757629
30974400,h25_load,0.737963
30975300,h25_load,0.722496
30976200,h25_load,0.706475
30977100,h25_load,0.688740
30978000,h25_load,0.668621
30978900,h25_load,0.654531
30979800,h25_load,0.647024
30980700,h25_load,0.634798
30981600,h25_load,0.623478
30982500,h25_load,0.618642
30983400,h25_load,0.614561
30984300,h25_load,0.609288
30985200,h25_load,0.609288
30986100,h25_load,0.607642
30987000,h25_load,0.607961
30987900,h25_load,0.610178
30988800,h25_load,0.621698
30989700,h25_load,0.636645
30990600,h25_load,0.655706
30991500,h25_load,0.678378
30992400,h25_load,0.701235
30993300,h25_load,0.714637
30994200,h25_load,0.723101
30995100,h25_load,0.732992
30996000,h25_load,0.735176
30996900,h25_load,0.735209
30997800,h25_load,0.730289
30998700,h25_load,0.724058
30999600,h25_load,0.714569
31000500,h25_load,0.703351
31001400,h25_load,0.690621
31002300,h25_load,0.675725
31003200,h25_load,0.664053
31004100,h25_load,0.643564
31005000,h25_load,0.619414
31005900,h25_load,0.600420
31006800,h25_load,0.585524
31007700,h25_load,0.570695
31008600,h25_load,0.552725
31009500,h25_load,0.547553
31010400,h25_load,0.537896
31011300,h25_load,0.511378
31012200,h25_load,0.487783
31013100,h25_load,0.463263
31014000,h25_load,0.442002
31014900,h25_load,0.417097
31015800,h25_load,0.393014
31016700,h25_load,0.369385
31017600,h25_load,0.383984
31018500,h25_load,0.360990
31019400,h25_load,0.343266
31020300,h25_load,0.328672
31021200,h25_load,0.315947
31022100,h25_load,0.304130
31023000,h25_load,0.293711
31023900,h25_load,0.282551
31024800,h25_load,0.278999
31025700,h25_load,0.272788
31026600,h25_load,0.268193
31027500,h25_load,0.264186
31028400,h25_load,0.262890
31029300,h25_load,0.260130
31030200,h25_load,0.257167
31031100,h25_load,0.254811
31032000,h25_load,0.255434
31032900,h25_load,0.252623
31033800,h25_load,0.253935
31034700,h25_load,0.258026
31035600,h25_load,0.260248
31036500,h25_load,0.257319
31037400,h25_load,0.260635
31038300,h25_load,0.265903
31039200,h25_load,0.280817
31040100,h25_load,0.292953
31041000,h25_load,0.304938
31041900,h25_load,0.318118
31042800,h25_load,0.342020
31043700,h25_load,0.361411
31044600,h25_load,0.388949
31045500,h25_load,0.418995
31046400,h25_load,0.446415
31047300,h25_load,0.477808
31048200,h25_load,0.502266
31049100,h25_load,0.527750
31050000,h25_load,0.550828
31050900,h25_load,0.575908
31051800,h25_load,0.596696
31052700,h25_load,0.616474
31053600,h25_load,0.634906
31054500,h25_load,0.654028
31055400,h25_load,0.671938
31056300,h25_load,0.690504
31057200,h25_load,0.715248
31058100,h25_load,0.741001
31059000,h25_load,0.757514
31059900,h25_load,0.759366
31060800,h25_load,0.739655
31061700,h25_load,0.724152
31062600,h25_load,0.708094
31063500,h25_load,0.690319
31064400,h25_load,0.670153
31065300,h25_load,0.656031
31066200,h25_load,0.648507
31067100,h25_load,0.636253
31068000,h25_load,0.624908
31068900,h25_load,0.620060
31069800,h25_load,0.615969
31070700,h25_load,0.610684
31071600,h25_load,0.610684
31072500,h25_load,0.609034
31073400,h25_load,0.609354
31074300,h25_load,0.611576
31075200,h25_load,0.623123
31076100,h25_load,0.638104
31077000,h25_load,0.657209
31077900,h25_load,0.679933
31078800,h25_load,0.702842
31079700,h25_load,0.716274
31080600,h25_load,0.724758
31081500,h25_load,0.734672
31082400,h25_load,0.736861
31083300,h25_load,0.736894
31084200,h25_load,0.731962
31085100,h25_load,0.725718
31086000,h25_load,0.716207
31086900,h25_load,0.704963
31087800,h25_load,0.692204
31088700,h25_load,0.677274
31089600,h25_load,0.665575
31090500,h25_load,0.645039
31091400,h25_load,0.620834
31092300,h25_load,0.601796
31093200,h25_load,0.586866
31094100,h25_load,0.572003
31095000,h25_load,0.553992
31095900,h25_load,0.548808
31096800,h25_load,0.539129
31097700,h25_load,0.512550
31098600,h25_load,0.488901
31099500,h25_load,0.464325
31100400,h25_load,0.443015
31101300,h25_load,0.418053
31102200,h25_load,0.393915
31103100,h25_load,0.370231
31104000,h25_load,0.365240
31104900,h25_load,0.341200
31105800,h25_load,0.322744
31106700,h25_load,0.307612
31107600,h25_load,0.295617
31108500,h25_load,0.284550
31109400,h25_load,0.275963
31110300,h25_load,0.265504
31111200,h25_load,0.262096
31112100,h25_load,0.257558
31113000,h25_load,0.254386
31113900,h25_load,0.251569
31114800,h25_load,0.250810
31115700,h25_load,0.249139
31116600,h25_load,0.248498
31117500,h25_load,0.247385
31118400,h25_load,0.250101
31119300,h25_load,0.249679
31120200,h25_load,0.250658
31121100,h25_load,0.254386
31122000,h25_load,0.256630
31122900,h25_load,0.255533
31123800,h25_load,0.259143
31124700,h25_load,0.268625
31125600,h25_load,0.286828
31126500,h25_load,0.301893
31127400,h25_load,0.317380
31128300,h25_load,0.332613
31129200,h25_load,0.358695
31130100,h25_load,0.382296
31131000,h25_load,0.408276
31131900,h25_load,0.434476
31132800,h25_load,0.455243
31133700,h25_load,0.478676
31134600,h25_load,0.493218
31135500,h25_load,0.507844
31136400,h25_load,0.518405
31137300,h25_load,0.533183
31138200,h25_load,0.540859
31139100,h25_load,0.548906
31140000,h25_load,0.560041
31140900,h25_load,0.570534
31141800,h25_load,0.580926
31142700,h25_load,0.591369
31143600,h25_load,0.606366
31144500,h25_load,0.621550
31145400,h25_load,0.634675
31146300,h25_load,0.639955
31147200,h25_load,0.630946
31148100,h25_load,0.626240
31149000,h25_load,0.621077
31149900,h25_load,0.616573
31150800,h25_load,0.608846
31151700,h25_load,0.603785
31152600,h25_load,0.601187
31153500,h25_load,0.594473
31154400,h25_load,0.592179
31155300,h25_load,0.592162
31156200,h25_load,0.593258
31157100,h25_load,0.593106
31158000,h25_load,0.597155
31158900,h25_load,0.597442
31159800,h25_load,0.601744
31160700,h25_load,0.607649
31161600,h25_load,0.624553
31162500,h25_load,0.643734
31163400,h25_load,0.664788
31164300,h25_load,0.687360
31165200,h25_load,0.706576
31166100,h25_load,0.720713
31167000,h25_load,0.728827
31167900,h25_load,0.734074
31168800,h25_load,0.735390
31169700,h25_load,0.731510
31170600,h25_load,0.723125
31171500,h25_load,0.711923
31172400,h25_load,0.699844
31173300,h25_load,0.684813
31174200,h25_load,0.669748
31175100,h25_load,0.653148
31176000,h25_load,0.640292
31176900,h25_load,0.621128
31177800,h25_load,0.599939
31178700,h25_load,0.585987
31179600,h25_load,0.575629
31180500,h25_load,0.563128
31181400,h25_load,0.550745
31182300,h25_load,0.545532
31183200,h25_load,0.543947
31184100,h25_load,0.525339
31185000,h25_load,0.507946
31185900,h25_load,0.484530
31186800,h25_load,0.465163
31187700,h25_load,0.444530
31188600,h25_load,0.425366
31189500,h25_load,0.407551
31190400,h25_load,0.385685
31191300,h25_load,0.362590
31192200,h25_load,0.344787
31193100,h25_load,0.330128
31194000,h25_load,0.317346
31194900,h25_load,0.305478
31195800,h25_load,0.295012
31196700,h25_load,0.283803
31197600,h25_load,0.280235
31198500,h25_load,0.273997
31199400,h25_load,0.269381
31200300,h25_load,0.265357
31201200,h25_load,0.264055
31202100,h25_load,0.261282
31203000,h25_load,0.258307
31203900,h25_load,0.255940
31204800,h25_load,0.256565
31205700,h25_load,0.253742
31206600,h25_load,0.255061
31207500,h25_load,0.259169
31208400,h25_load,0.261401
31209300,h25_load,0.258459
31210200,h25_load,0.261790
31211100,h25_load,0.267082
31212000,h25_load,0.282061
31212900,h25_load,0.294251
31213800,h25_load,0.306289
31214700,h25_load,0.319527
31215600,h25_load,0.343535
31216500,h25_load,0.363012
31217400,h25_load,0.390672
31218300,h25_load,0.420852
31219200,h25_load,0.448393
31220100,h25_load,0.479925
31221000,h25_load,0.504491
31221900,h25_load,0.530088
31222800,h25_load,0.553268
31223700,h25_load,0.578460
31224600,h25_load,0.599340
31225500,h25_load,0.619206
31226400,h25_load,0.637719
31227300,h25_load,0.656925
31228200,h25_load,0.674915
31229100,h25_load,0.693563
31230000,h25_load,0.718417
31230900,h25_load,0.744284
31231800,h25_load,0.760870
31232700,h25_load,0.762730
31233600,h25_load,0.742932
31234500,h25_load,0.727360
31235400,h25_load,0.711231
31236300,h25_load,0.693377
31237200,h25_load,0.673122
31238100,h25_load,0.658937
31239000,h25_load,0.651380
31239900,h25_load,0.639072
31240800,h25_load,0.627676
31241700,h25_load,0.622807
31242600,h25_load,0.618699
31243500,h25_load,0.613390
31244400,h25_load,0.613390
31245300,h25_load,0.611733
31246200,h25_load,0.612054
31247100,h25_load,0.614286
31248000,h25_load,0.625884
31248900,h25_load,0.640931
31249800,h25_load,0.660121
31250700,h25_load,0.682946
31251600,h25_load,0.705956
31252500,h25_load,0.719448
31253400,h25_load,0.727969
31254300,h25_load,0.737927
31255200,h25_load,0.740125
31256100,h25_load,0.740159
31257000,h25_load,0.735205
31257900,h25_load,0.728933
31258800,h25_load,0.719380
31259700,h25_load,0.708086
31260600,h25_load,0.695271
31261500,h25_load,0.680274
31262400,h25_load,0.668524
31263300,h25_load,0.647897
31264200,h25_load,0.623585
31265100,h25_load,0.604463
31266000,h25_load,0.589466
31266900,h25_load,0.574537
31267800,h25_load,0.556447
31268700,h25_load,0.551239
31269600,h25_load,0.541518
31270500,h25_load,0.514821
31271400,h25_load,0.491067
31272300,h25_load,0.466382
31273200,h25_load,0.444978
31274100,h25_load,0.419905
31275000,h25_load,0.395660
31275900,h25_load,0.371872
31276800,h25_load,0.338168
31277700,h25_load,0.317006
31278600,h25_load,0.300131
31279500,h25_load,0.287000
31280400,h25_load,0.276834
31281300,h25_load,0.267753
31282200,h25_load,0.261958
31283100,h25_load,0.253842
31284000,h25_load,0.253283
31284900,h25_load,0.251165
31285800,h25_load,0.249522
31286700,h25_load,0.248268
31287600,h25_load,0.249200
31288500,h25_load,0.247878
31289400,h25_load,0.248607
31290300,h25_load,0.248624
31291200,h25_load,0.253791
31292100,h25_load,0.256180
31293000,h25_load,0.261975
31293900,h25_load,0.270616
31294800,h25_load,0.281392
31295700,h25_load,0.287373
31296600,h25_load,0.301910
31297500,h25_load,0.321581
31298400,h25_load,0.357365
31299300,h25_load,0.384525
31300200,h25_load,0.406466
31301100,h25_load,0.422596
31302000,h25_load,0.434863
31302900,h25_load,0.441267
31303800,h25_load,0.439658
31304700,h25_load,0.434727
31305600,h25_load,0.424324
31306500,h25_load,0.421173
31307400,h25_load,0.411651
31308300,h25_load,0.405263
31309200,h25_load,0.401502
31310100,h25_load,0.398926
31311000,h25_load,0.398316
31311900,h25_load,0.398977
31312800,h25_load,0.397215
31313700,h25_load,0.398774
31314600,h25_load,0.404247
31315500,h25_load,0.410261
31316400,h25_load,0.422071
31317300,h25_load,0.434710
31318200,h25_load,0.445605
31319100,h25_load,0.452077
31320000,h25_load,0.453246
31320900,h25_load,0.454347
31321800,h25_load,0.456635
31322700,h25_load,0.454873
31323600,h25_load,0.450739
31324500,h25_load,0.451637
31325400,h25_load,0.452331
31326300,h25_load,0.448180
31327200,h25_load,0.443656
31328100,h25_load,0.444029
31329000,h25_load,0.444097
31329900,h25_load,0.448960
31330800,h25_load,0.458143
31331700,h25_load,0.463124
31332600,h25_load,0.472510
31333500,h25_load,0.485743
31334400,h25_load,0.514174
31335300,h25_load,0.540808
31336200,h25_load,0.571357
31337100,h25_load,0.602786
31338000,h25_load,0.640366
31338900,h25_load,0.661935
31339800,h25_load,0.675506
31340700,h25_load,0.692670
31341600,h25_load,0.706445
31342500,h25_load,0.714679
31343400,h25_load,0.718932
31344300,h25_load,0.722845
31345200,h25_load,0.720473
31346100,h25_load,0.713866
31347000,h25_load,0.705597
31347900,h25_load,0.696465
31348800,h25_load,0.682792
31349700,h25_load,0.663799
31350600,h25_load,0.640570
31351500,h25_load,0.621441
31352400,h25_load,0.605311
31353300,h25_load,0.590282
31354200,h25_load,0.571662
31355100,h25_load,0.563665
31356000,h25_load,0.552567
31356900,h25_load,0.523492
31357800,h25_load,0.496756
31358700,h25_load,0.470088
31359600,h25_load,0.446825
31360500,h25_load,0.419394
31361400,h25_load,0.394962
31362300,h25_load,0.371241
31363200,h25_load,0.338871
31364100,h25_load,0.317665
31365000,h25_load,0.300754
31365900,h25_load,0.287596
31366800,h25_load,0.277409
31367700,h25_load,0.268309
31368600,h25_load,0.262502
31369500,h25_load,0.254369
31370400,h25_load,0.253809
31371300,h25_load,0.251687
31372200,h25_load,0.250040
31373100,h25_load,0.248784
31374000,h25_load,0.249717
31374900,h25_load,0.248393
31375800,h25_load,0.249123
31376700,h25_load,0.249140
31377600,h25_load,0.254318
31378500,h25_load,0.256712
31379400,h25_load,0.262519
31380300,h25_load,0.271178
31381200,h25_load,0.281976
31382100,h25_load,0.287970
31383000,h25_load,0.302537
31383900,h25_load,0.322249
31384800,h25_load,0.358107
31385700,h25_load,0.385323
31386600,h25_load,0.407310
31387500,h25_load,0.423474
31388400,h25_load,0.435766
31389300,h25_load,0.442184
31390200,h25_load,0.440571
31391100,h25_load,0.435630
31392000,h25_load,0.425205
31392900,h25_load,0.422047
31393800,h25_load,0.412506
31394700,h25_load,0.406105
31395600,h25_load,0.402336
31396500,h25_load,0.399755
31397400,h25_load,0.399144
31398300,h25_load,0.399806
31399200,h25_load,0.398040
31400100,h25_load,0.399602
31401000,h25_load,0.405086
31401900,h25_load,0.411113
31402800,h25_load,0.422947
31403700,h25_load,0.435613
31404600,h25_load,0.446530
31405500,h25_load,0.453016
31406400,h25_load,0.454187
31407300,h25_load,0.455291
31408200,h25_load,0.457583
31409100,h25_load,0.455817
31410000,h25_load,0.451675
31410900,h25_load,0.452575
31411800,h25_load,0.453271
31412700,h25_load,0.449111
31413600,h25_load,0.444578
31414500,h25_load,0.444951
31415400,h25_load,0.445019
31416300,h25_load,0.449892
31417200,h25_load,0.459094
31418100,h25_load,0.464086
31419000,h25_load,0.473492
31419900,h25_load,0.486752
31420800,h25_load,0.515242
31421700,h25_load,0.541931
31422600,h25_load,0.572543
31423500,h25_load,0.604038
31424400,h25_load,0.641696
31425300,h25_load,0.663310
31426200,h25_load,0.676909
31427100,h25_load,0.694108
31428000,h25_load,0.707912
31428900,h25_load,0.716163
31429800,h25_load,0.720425
31430700,h25_load,0.724347
31431600,h25_load,0.721970
31432500,h25_load,0.715348
31433400,h25_load,0.707063
31434300,h25_load,0.697911
31435200,h25_load,0.684210
31436100,h25_load,0.665177
31437000,h25_load,0.641900
31437900,h25_load,0.622731
31438800,h25_load,0.606568
31439700,h25_load,0.591508
31440600,h25_load,0.572849
31441500,h25_load,0.564835
31442400,h25_load,0.553714
31443300,h25_load,0.524580
31444200,h25_load,0.497788
31445100,h25_load,0.471064
31446000,h25_load,0.447753
31446900,h25_load,0.420265
31447800,h25_load,0.395782
31448700,h25_load,0.372012
31449600,h25_load,0.339555
31450500,h25_load,0.318307
31451400,h25_load,0.301362
31452300,h25_load,0.288177
31453200,h25_load,0.277970
31454100,h25_load,0.268851
31455000,h25_load,0.263033
31455900,h25_load,0.254883
31456800,h25_load,0.254322
31457700,h25_load,0.252195
31458600,h25_load,0.250545
31459500,h25_load,0.249286
31460400,h25_load,0.250222
31461300,h25_load,0.248895
31462200,h25_load,0.249627
31463100,h25_load,0.249644
31464000,h25_load,0.254832
31464900,h25_load,0.257231
31465800,h25_load,0.263050
31466700,h25_load,0.271726
31467600,h25_load,0.282546
31468500,h25_load,0.288551
31469400,h25_load,0.303148
31470300,h25_load,0.322900
31471200,h25_load,0.358831
31472100,h25_load,0.386102
31473000,h25_load,0.408133
31473900,h25_load,0.424329
31474800,h25_load,0.436647
31475700,h25_load,0.443077
31476600,h25_load,0.441461
31477500,h25_load,0.436510
31478400,h25_load,0.426065
31479300,h25_load,0.422900
31480200,h25_load,0.413339
31481100,h25_load,0.406925
31482000,h25_load,0.403149
31482900,h25_load,0.400563
31483800,h25_load,0.399950
31484700,h25_load,0.400614
31485600,h25_load,0.398844
31486500,h25_load,0.400410
31487400,h25_load,0.405905
31488300,h25_load,0.411944
31489200,h25_load,0.423802
31490100,h25_load,0.436493
31491000,h25_load,0.447433
31491900,h25_load,0.453931
31492800,h25_load,0.455105
31493700,h25_load,0.456211
31494600,h25_load,0.458508
31495500,h25_load,0.456739
31496400,h25_load,0.452587
31497300,h25_load,0.453489
31498200,h25_load,0.454187
31499100,h25_load,0.450019
31500000,h25_load,0.445476
31500900,h25_load,0.445850
31501800,h25_load,0.445918
31502700,h25_load,0.450801
31503600,h25_load,0.460022
31504500,h25_load,0.465024
31505400,h25_load,0.474449
31506300,h25_load,0.487736
31507200,h25_load,0.516283
31508100,h25_load,0.543027
31509000,h25_load,0.573700
31509900,h25_load,0.605259
31510800,h25_load,0.642993
31511700,h25_load,0.664650
31512600,h25_load,0.678277
31513500,h25_load,0.695511
31514400,h25_load,0.709342
31515300,h25_load,0.717610
31516200,h25_load,0.721881
31517100,h25_load,0.725811
31518000,h25_load,0.723429
31518900,h25_load,0.716794
31519800,h25_load,0.708492
31520700,h25_load,0.699322
31521600,h25_load,0.685593
31522500,h25_load,0.666521
31523400,h25_load,0.643197
31524300,h25_load,0.623990
31525200,h25_load,0.607794
31526100,h25_load,0.592704
31527000,h25_load,0.574007
31527900,h25_load,0.565977
31528800,h25_load,0.554833
31529700,h25_load,0.525640
31530600,h25_load,0.498794
31531500,h25_load,0.472016
31532400,h25_load,0.448658
31533300,h25_load,0.421114
31534200,h25_load,0.396582
31535100,h25_load,0.372764