timestamp,ambient_temp,solar_irradiance_w_m2,price,load,internal_gains_w,solar_gains_w,wind_speed_m_s
2024-01-01 00:00:00,10.0,0.0,0.38828356950840526,200.0,0.0,0.0,0.0
2024-01-01 00:15:00,10.654712309691218,52.376984775297494,0.34968233405258015,200.64366281572575,0.0,65.47123096912188,0.13094246193824374
2024-01-01 00:30:00,11.30661519292413,104.52921543393039,0.3839785166673249,202.5718892507673,0.0,130.66151929241298,0.261323038584826
2024-01-01 00:45:00,11.95291127872939,156.23290229835123,0.38380663779383895,205.7764051207477,0.0,195.29112787293903,0.39058225574587807
2024-01-01 01:00:00,12.590827255384454,207.26618043075638,0.3884388110998299,210.2434595742809,0.0,259.08272553844546,0.5181654510768909
2024-01-01 01:15:00,13.217625770931122,257.41006167448967,0.3816831693464324,215.95388409905001,0.0,321.76257709311204,0.6435251541862241
2024-01-01 01:30:00,13.830617179386657,306.4493743509326,0.35420579790466433,222.88317477553073,0.0,383.06171793866577,0.7661234358773316
2024-01-01 01:45:00,14.42717108224452,354.1736865795616,0.36556055006491556,231.0015974254046,0.0,442.71710822445203,0.8854342164489041
2024-01-01 02:00:00,15.004727615739068,400.37820925912547,0.3518954611700475,240.27431520345766,0.0,500.47276157390684,1.0009455231478137
2024-01-01 02:15:00,15.560808435439704,444.8646748351764,0.3664394528753717,250.66153808546025,0.0,556.0808435439704,1.112161687087941
2024-01-01 02:30:00,16.093027351038565,487.44218808308517,0.36624241866741636,262.11869361056057,0.0,609.3027351038564,1.218605470207713
2024-01-01 02:45:00,16.599100565697,527.9280452557601,0.3313848572375483,274.5966181455217,0.0,659.9100565697001,1.3198201131394003
2024-01-01 03:00:00,17.076856476012946,566.1485180810356,0.33868499705408206,288.0417678500731,0.0,707.6856476012945,1.415371295202589
2024-01-01 03:15:00,17.52424499055664,601.9395992445313,0.3278513825015046,302.3964484381039,0.0,752.4244990556641,1.5048489981113282
2024-01-01 03:30:00,17.939346326988126,635.14770615905,0.3000336602270471,317.59906274877267,0.0,793.9346326988125,1.587869265397625
2024-01-01 03:45:00,18.320379250007267,665.6303400005814,0.3106112231838303,333.5843750651891,0.0,832.0379250007268,1.6640758500014536
2024-01-01 04:00:00,18.665708714786643,693.2566971829314,0.3216784003562233,350.2837910464476,0.0,866.5708714786642,1.7331417429573284
2024-01-01 04:15:00,18.973852883088558,717.9082306470846,0.3150836709706264,367.6256520718048,0.0,897.3852883088558,1.7947705766177116
2024-01-01 04:30:00,19.243489481959557,739.4791585567648,0.2818100227201181,385.5355427339441,0.0,924.3489481959559,1.8486978963919118
2024-01-01 04:45:00,19.473461477716633,757.8769182173306,0.28625347988255423,403.93661016184626,0.0,947.3461477716633,1.8946922955433265
2024-01-01 05:00:00,19.662782040877595,773.0225632702077,0.24876294220368506,422.749893803024,0.0,966.2782040877597,1.9325564081755193
2024-01-01 05:15:00,19.810638780730727,784.8511024584581,0.2371438991606361,441.89466425000086,0.0,981.0638780730726,1.9621277561461452
2024-01-01 05:30:00,19.9163972313727,793.311778509816,0.23111922401970666,461.2887696570948,0.0,991.63972313727,1.98327944627454
2024-01-01 05:45:00,19.979603574256007,798.3682859404806,0.233233497923672,480.8489882610067,0.0,997.9603574256007,1.9959207148512015
2024-01-01 06:00:00,19.9999865855631,799.998926845048,0.22549649330627378,500.49138549251796,0.24569274625899287,999.99865855631,1.99999731711262
2024-01-01 06:15:00,19.97745880005097,798.1967040040777,0.2390884608921519,520.131674146898,10.06583707344904,997.7458800050971,1.9954917600101942
2024-01-01 06:30:00,19.91211688637199,792.9693509097591,0.1886138396358387,539.6855760675002,19.84278803375007,991.2116886371989,1.9824233772743978
2024-01-01 06:45:00,19.804241232260438,784.3392985808352,0.21085923218613367,559.0691837905338,29.534591895266882,980.424123226044,1.960848246452088
2024-01-01 07:00:00,19.65429474136482,772.3435793091854,0.20192468445360068,578.1993205991589,39.09966029957945,965.4294741364819,1.9308589482729637
2024-01-01 07:15:00,19.46292084688871,757.0336677510968,0.1778000964206588,596.9938974418864,48.49694872094316,946.292084688871,1.892584169377742
2024-01-01 07:30:00,19.23094075056395,738.4752600451159,0.15250406368437106,615.3722651837091,57.68613259185456,923.0940750563949,1.8461881501127897
2024-01-01 07:45:00,18.95934989880382,716.7479919043054,0.15016800002220362,633.2555606784332,66.62778033921661,895.9349898803817,1.7918699797607636
2024-01-01 08:00:00,18.649313711157447,691.9450968925956,0.15484380054939145,650.567045177175,75.28352258858749,864.9313711157446,1.7298627422314892
2024-01-01 08:15:00,18.30216257939495,664.1730063515959,0.15608810203349513,667.2324336208882,83.6162168104441,830.2162579394949,1.6604325158789897
2024-01-01 08:30:00,17.91938615868268,633.5508926946144,0.11028949831005913,683.1802134039009,91.59010670195043,791.938615868268,1.583877231736536
2024-01-01 08:45:00,17.502626975345628,600.2101580276502,0.11797856581857817,698.3419512406151,99.17097562030754,750.2626975345628,1.5005253950691255
2024-01-01 09:00:00,17.053673378646636,564.293870291731,0.10070942727821587,712.652586818582,106.326293409291,705.3673378646637,1.4107346757293273
2024-01-01 09:15:00,16.574451866826916,525.9561493461533,0.09041786256112731,726.0507119778622,113.0253559889311,657.4451866826917,1.3148903733653834
2024-01-01 09:30:00,16.067018820337502,485.36150562700004,0.12444917239563456,738.478834218686,119.23941710934301,606.70188203375,1.2134037640675002
2024-01-01 09:45:00,15.533551677735018,442.68413421880143,0.08473799573381288,749.8836234066817,124.94181170334089,553.3551677735018,1.1067103355470036
2024-01-01 10:00:00,14.976339592106836,398.1071673685469,0.07250293905758162,760.2161406170396,130.10807030851979,497.63395921068366,0.9952679184213673
2024-01-01 10:15:00,14.397773608119573,351.82188864956584,0.10096916748431153,769.4320481356185,134.7160240678093,439.7773608119573,0.8795547216239146
2024-01-01 10:30:00,13.800336401842129,304.0269121473703,0.07402850410198716,777.4917997158659,138.74589985793295,380.03364018421286,0.7600672803684257
2024-01-01 10:45:00,13.186591627370586,254.9273301896469,0.0952600200233327,784.3608102751405,142.18040513757026,318.65916273705864,0.6373183254741173
2024-01-01 11:00:00,12.559172915969434,204.7338332775548,0.061513511124702915,790.009604302257,145.00480215112847,255.9172915969435,0.511834583193887
2024-01-01 11:15:00,11.920772574934809,153.66180599478463,0.09754413698354938,794.413942339422,147.20697116971095,192.07725749348077,0.38415451498696157
2024-01-01 11:30:00,11.274130034673835,101.93040277390679,0.07469535396095561,797.5549249958196,148.7774624979098,127.41300346738349,0.254826006934767
2024-01-01 11:45:00,10.622020093574736,49.76160748597888,0.08315436187996451,799.4190740465115,149.70953702325576,62.2020093574736,0.1244040187149472
2024-01-01 12:00:00,9.967241011109852,0.0,0.08440138377563572,799.9983902686516,149.99919513432582,0.0,0.006551797778029411
2024-01-01 12:15:00,9.312602500265161,0.0,0.08376086773912483,799.290387766835,149.6451938834175,0.0,0.13747949994696776
2024-01-01 12:30:00,8.660913670821817,0.0,0.09995990755308493,797.2981046402874,148.6490523201437,0.0,0.2678172658356366
2024-01-01 12:45:00,8.014970975226063,0.0,0.053851783678326985,794.0300899461218,147.01504497306092,0.0,0.3970058049547872
2024-01-01 13:00:00,7.377546208772871,0.0,0.05528240105214822,789.5003670146044,144.7501835073022,0.0,0.5244907582454259
2024-01-01 13:15:00,6.751374615595485,0.0,0.08805966079234837,783.7283732738451,141.86418663692254,0.0,0.649725076880903
2024-01-01 13:30:00,6.1391431514991925,0.0,0.09432107729569318,776.7388768421342,138.36943842106712,0.0,0.7721713697001615
2024-01-01 13:45:00,5.5434789540043665,0.0,0.0743054439699054,768.5618702458303,134.2809351229151,0.0,0.8913042091991267
2024-01-01 14:00:00,4.966938069074921,0.0,0.0799369418072779,759.2324417188663,129.61622085943318,0.0,1.0066123861850158
2024-01-01 14:15:00,4.41199448290668,0.0,0.09714757039425347,748.7906246361408,124.39531231807042,0.0,1.117601103418664
2024-01-01 14:30:00,3.8810295058412603,0.0,0.13124650098342047,737.2812257268859,118.64061286344294,0.0,1.223794098831748
2024-01-01 14:45:00,3.3763215539599303,0.0,0.1370212735462281,724.7536328051624,112.37681640258123,0.0,1.324735689208014
2024-01-01 15:00:00,2.9000363722055287,0.0,0.10573834789378887,711.2616028425326,105.63080142126633,0.0,1.4199927255588942
2024-01-01 15:15:00,2.4542177409859045,0.0,0.11653853399545787,696.8630312923004,98.43151564615022,0.0,1.509156451802819
2024-01-01 15:30:00,2.0407787061375515,0.0,0.1140303898655152,681.619703655176,90.80985182758796,0.0,1.5918442587724897
2024-01-01 15:45:00,1.6614933698824714,0.0,0.1466468835516509,665.5970303524113,82.79851517620564,0.0,1.6677013260235058
2024-01-01 16:00:00,1.3179892780039886,0.0,0.13519301914594892,648.8637660440974,74.4318830220487,0.0,1.7364021443992022
2024-01-01 16:15:00,1.0117404359087132,0.0,0.1366308182066036,631.4917145970398,65.74585729851992,0.0,1.7976519128182573
2024-01-01 16:30:00,0.7440609835434131,0.0,0.1529905826270143,613.5554209682348,56.77771048411737,0.0,1.8511878032913174
2024-01-01 16:45:00,0.5160995563082356,0.0,0.17374013829254112,595.1318513260874,47.5659256630437,0.0,1.896780088738353
2024-01-01 17:00:00,0.32883435616405166,0.0,0.19740319939467818,576.3000627820089,38.15003139100444,0.0,1.9342331287671897
2024-01-01 17:15:00,0.18306895408427515,0.0,0.2142820827305325,557.1408641495943,28.570432074797196,0.0,1.9633862091831449
2024-01-01 17:30:00,0.07942884186316412,0.0,0.1865186606968292,537.7364691871036,18.868234593551787,0.0,1.9841142316273672
2024-01-01 17:45:00,0.018358748077076825,0.0,0.22501186316355448,518.1701438111954,9.085071905597722,0.0,1.9963282503845847
2024-01-01 18:00:00,0.00012072971616916561,0.0,0.21802522011152115,498.5258487957696,0.0,0.0,1.9999758540567663
2024-01-01 18:15:00,0.02479304767544832,0.0,0.2387671678113278,478.88787948910993,0.0,0.0,1.9950413904649102
2024-01-01 18:30:00,0.09226983093059538,0.0,0.24555180488808478,459.3405040953434,0.0,0.0,1.9815460338138808
2024-01-01 18:45:00,0.20226153083956966,0.0,0.26346427145935847,439.9676020723773,0.0,0.0,1.9595476938320862
2024-01-01 19:00:00,0.35429616362056926,0.0,0.28480041166471365,420.85230419797693,0.0,0.0,1.929140767275886
2024-01-01 19:15:00,0.5477213356747761,0.0,0.2631724119235926,402.07663584849695,0.0,0.0,1.8904557328650449
2024-01-01 19:30:00,0.7817070430630029,0.0,0.27723928322436847,383.72116502098424,0.0,0.0,1.8436585913873993
2024-01-01 19:45:00,1.0552492331235435,0.0,0.3143832128480186,365.8646566090175,0.0,0.0,1.7889501533752914
2024-01-01 20:00:00,1.3671741129479038,0.0,0.2898952981854525,348.58373441582,0.0,0.0,1.7265651774104191
2024-01-01 20:15:00,1.7161431862264607,0.0,0.32575755158922887,331.9525523549736,0.0,0.0,1.656771362754708
2024-01-01 20:30:00,2.1006589968504965,0.0,0.3151577652940878,316.0424762496385,0.0,0.0,1.5798682006299007
2024-01-01 20:45:00,2.519071554624305,0.0,0.3037279982367074,300.9217775957103,0.0,0.0,1.496185689075139
2024-01-01 21:00:00,2.9695854155140626,0.0,0.33265357626839037,286.6553406029983,0.0,0.0,1.4060829168971876
2024-01-01 21:15:00,3.450267386051623,0.0,0.35500360636669887,273.30438377153644,0.0,0.0,1.3099465227896754
2024-01-01 21:30:00,3.959054818832808,0.0,0.3580897257376501,260.9261971977698,0.0,0.0,1.2081890362334384
2024-01-01 21:45:00,4.493764463513691,0.0,0.3729523753989463,249.57389673785647,0.0,0.0,1.1012471072972618
2024-01-01 22:00:00,5.052101835324342,0.0,0.3307455614035596,239.296196082989,0.0,0.0,0.9895796329351317
2024-01-01 22:15:00,5.631671060898979,0.0,0.371519159209569,230.13719772478606,0.0,0.0,0.8736657878202042
2024-01-01 22:30:00,6.229985159173337,0.0,0.3528652778834652,222.1362037077302,0.0,0.0,0.7540029681653327
2024-01-01 22:45:00,6.844476713232863,0.0,0.38266793000930954,215.3275469807391,0.0,0.0,0.6311046573534274
2024-01-01 23:00:00,7.47250888731804,0.0,0.35796252075902724,209.74044407154764,0.0,0.0,0.505498222536392
2024-01-01 23:15:00,8.111386741711954,0.0,0.3479923419799087,205.39886971609099,0.0,0.0,0.37772265165760927
2024-01-01 23:30:00,8.758368796956853,0.0,0.3505259037866577,202.32145398086436,0.0,0.0,0.24832624060862923
2024-01-01 23:45:00,9.410678797776702,0.0,0.38300789043774375,200.52140231971657,0.0,0.0,0.11786424044465939
2024-01-02 00:00:00,10.065517626225818,5.2414100980654705,0.38492765282150854,200.00643890811864,0.0,6.551762622581839,0.013103525245163677
2024-01-02 00:15:00,10.720075312943102,57.606025035448106,0.3853958952055838,200.77877349806732,0.0,72.00753129431013,0.14401506258862026
2024-01-02 00:30:00,11.371543094970619,109.7234475976495,0.38561622738122414,202.8350919358503,0.0,137.15430949706186,0.27430861899412373
2024-01-02 00:45:00,12.017125468395491,161.3700374716393,0.36801505676968543,206.1665703833629,0.0,201.71254683954913,0.4034250936790983
2024-01-02 01:00:00,12.654052184095958,212.32417472767668,0.3483747679605733,210.7589131819514,0.0,265.4052184095959,0.5308104368191917
2024-01-02 01:15:00,13.279590135117104,262.3672108093684,0.35815669806190004,216.59241419630564,0.0,327.95901351171045,0.655918027023421
2024-01-02 01:30:00,13.891055084666286,311.2844067733029,0.36942426025511615,223.64204137516964,0.0,389.1055084666287,0.7782110169332573
2024-01-02 01:45:00,14.485823184402527,358.8658547522021,0.3828686519974673,231.8775441660115,0.0,448.5823184402526,0.8971646368805052
2024-01-02 02:00:00,15.061342233593964,404.9073786875171,0.33368141486895264,241.26358332272935,0.0,506.1342233593964,1.0122684467187928
2024-01-02 02:15:00,15.615142630829231,449.21141046633846,0.33092039100815335,251.7598825493758,0.0,561.5142630829231,1.1230285261658461
2024-01-02 02:30:00,16.144847971288083,491.58783770304666,0.3435451021929992,263.32140132918425,0.0,614.4847971288083,1.2289695942576166
2024-01-02 02:45:00,16.648185244097565,531.8548195278051,0.359651610514367,275.8985281972759,0.0,664.8185244097564,1.3296370488195128
2024-01-02 03:00:00,17.12299458601584,569.839566881267,0.32489751861058225,289.4372936276933,0.0,712.2994586015839,1.4245989172031677
2024-01-02 03:15:00,17.567238549589877,605.3790839671902,0.3231946828037216,303.87960162124693,0.0,756.7238549589878,1.5134477099179755
2024-01-02 03:30:00,17.979010846016607,638.3208676813287,0.3113416200805336,319.16347900041205,0.0,797.9010846016607,1.5958021692033215
2024-01-02 03:45:00,18.356544525190976,668.5235620152783,0.2911038227403579,335.2233413415281,0.0,835.6544525190978,1.6713089050381957
2024-01-02 04:00:00,18.69821955783987,695.8575646271896,0.29899265994458896,351.99027440316365,0.0,869.821955783987,1.739643911567974
2024-01-02 04:15:00,19.0025697872061,720.205582976488,0.2893588321285502,369.392329843016,0.0,900.25697872061,1.8005139574412201
2024-01-02 04:30:00,19.268289220452324,741.4631376361859,0.2998996685923671,387.354833954392,0.0,926.8289220452324,1.8536578440904647
2024-01-02 04:45:00,19.4942376327879,759.5390106230321,0.27862687538015496,405.8007080974672,0.0,949.4237632787901,1.8988475265575804
2024-01-02 05:00:00,19.679445460270887,774.355636821671,0.28492545799589175,424.6507994503114,0.0,967.9445460270888,1.9358890920541776
2024-01-02 05:15:00,19.82311796028973,785.8494368231782,0.2703120690428853,443.8242206604123,0.0,982.3117960289727,1.9646235920579453
2024-01-02 05:30:00,19.924638621871726,793.971089749738,0.21927166453232674,463.2386969392147,0.0,992.4638621871725,1.984927724374345
2024-01-02 05:45:00,19.983571811184298,798.6857448947437,0.22869199114628233,482.81091911027,0.0,998.3571811184296,1.9967143622368593
2024-01-02 06:00:00,19.999664640876954,799.9731712701563,0.23871503190889376,502.45690109602623,1.2284505480131125,999.9664640876954,1.9999329281753908
2024-01-02 06:15:00,19.972848055242547,797.8278444194037,0.21800481790992987,522.0923403092668,11.046170154633392,997.2848055242547,1.9945696110485094
2024-01-02 06:30:00,19.903237126541192,792.2589701232952,0.19071126861454885,541.6329794027112,20.81648970135556,990.323712654119,1.980647425308238
2024-01-02 06:45:00,19.791130561215372,783.2904448972298,0.21071054459438932,560.9949678244927,30.49748391224639,979.1130561215372,1.9582261122430744
2024-01-02 07:00:00,19.637009418115092,770.9607534492073,0.2050472989576801,580.0952216280405,40.04761081402025,963.7009418115091,1.9274018836230182
2024-01-02 07:15:00,19.44153504423321,755.3228035386567,0.15400923858662152,598.8517799923935,49.42588999619677,944.1535044233209,1.8883070088466418
2024-01-02 07:30:00,19.205546236809035,736.4436989447225,0.15526721937417884,617.184156923084,58.592078461541945,920.5546236809032,1.8411092473618065
2024-01-02 07:45:00,18.930055643977678,714.4044515182142,0.17680149553660124,635.0136866244167,67.50684331220835,893.0055643977677,1.7860111287955354
2024-01-02 08:00:00,18.61624541941038,689.2996335528303,0.14459735898409273,652.263861061122,76.13193053056104,861.6245419410379,1.7232490838820758
2024-01-02 08:15:00,18.26546214959214,661.2369719673709,0.14124325849817682,668.8606582608683,84.43032913043415,826.5462149592137,1.6530924299184273
2024-01-02 08:30:00,17.87921107550403,630.3368860403226,0.1518206717581853,684.7328599488708,92.3664299744354,787.9211075504032,1.5758422151008065
2024-01-02 08:45:00,17.45914963350554,596.7319706804434,0.13583802012110927,699.8123571515954,99.9061785757977,745.9149633505542,1.4918299267011084
2024-01-02 09:00:00,17.007080343133573,560.5664274506859,0.11912179888925406,714.03444245818,107.01722122909,700.7080343133573,1.4014160686267145
2024-01-02 09:15:00,16.5249430723371,521.9954457869678,0.13152384100984113,727.3380876854648,113.66904384273239,652.4943072337098,1.3049886144674196
2024-01-02 09:30:00,16.014806713338007,481.18453706704065,0.08796322608163364,739.666205755141,119.83310287757054,601.4806713338008,1.2029613426676016
2024-01-02 09:45:00,15.478860304837895,438.30882438703156,0.12240680724725053,750.9658956592797,125.48294782963983,547.8860304837895,1.095772060967579
2024-01-02 10:00:00,14.91940363866593,393.55229109327445,0.09926744891871782,761.1886694630766,130.59433473153834,491.9403638665931,0.9838807277331861
2024-01-02 10:15:00,14.338837391175584,347.10699129404674,0.08936511716651771,770.2906603707256,135.14533018536284,433.88373911755843,0.8677674782351169
2024-01-02 10:30:00,13.73965282173737,299.1722257389896,0.06769168382820023,778.2328109615839,139.116405480792,373.96528217373697,0.747930564347474
2024-01-02 10:45:00,13.124421082531999,249.95368660255983,0.08791928674539218,784.9810407889033,142.4905203944517,312.44210825319976,0.6248842165063996
2024-01-02 11:00:00,12.49578218551664,199.6625748413312,0.057557990424699036,790.5063926219386,145.25319631096934,249.578218551664,0.499156437103328
2024-01-02 11:15:00,11.856433673908164,148.5146939126531,0.06860644306923606,794.7851567038983,147.39257835194914,185.64336739081637,0.3712867347816327
2024-01-02 11:30:00,11.209119046794648,96.72952374357187,0.06197056657697503,797.7989724925366,148.89948624626828,120.91190467946484,0.2418238093589297
2024-01-02 11:45:00,10.556615986546435,44.52927892371476,0.059661416975991664,799.5349074468097,149.76745372340483,55.661598654643456,0.11132319730928691
2024-01-02 12:00:00,9.90172443954368,0.0,0.08624087451049595,799.9855125215138,149.9927562607569,0.0,0.019655112091263978
2024-01-02 12:15:00,9.247254601367327,0.0,0.07288359148929192,799.1488541317743,149.57442706588716,0.0,0.15054907972653442
2024-01-02 12:30:00,8.596014858009717,0.0,0.09550424077820632,797.0285224502245,148.51426122511222,0.0,0.28079702839805665
2024-01-02 12:45:00,7.950799734850292,0.0,0.09766396807768316,793.6336160012667,146.81680800063333,0.0,0.4098400530299417
2024-01-02 13:00:00,7.314377905108548,0.0,0.08043841578476622,788.9787026185282,144.48935130926412,0.0,0.5371244189782904
2024-01-02 13:15:00,6.689480309230641,0.0,0.10424924882694407,783.0837569330419,141.54187846652093,0.0,0.6621039381538718
2024-01-02 13:30:00,6.078788436190559,0.0,0.09009473546021521,775.974074660397,137.98703733019855,0.0,0.7842423127618884
2024-01-02 13:45:00,5.484922816991928,0.0,0.07087634364384934,767.6801640546641,133.84008202733207,0.0,0.9030154366016143
2024-01-02 14:00:00,4.91043177974554,0.0,0.10355870699479808,758.2376149948692,129.1188074974346,0.0,1.017913644050892
2024-01-02 14:15:00,4.357780514575651,0.0,0.099950183702147,747.6869462657813,123.84347313289065,0.0,1.1284438970848698
2024-01-02 14:30:00,3.8293404952786343,0.0,0.0921790926942274,736.0734316883471,118.03671584417357,0.0,1.234131900944273
2024-01-02 14:45:00,3.327379303126257,0.0,0.1351427717150794,723.4469058458562,111.72345292292813,0.0,1.3345241393747487
2024-01-02 15:00:00,2.8540508964806612,0.0,0.13717075726143899,709.8615502394854,104.9307751197427,0.0,1.4291898207038678
2024-01-02 15:15:00,2.4113863679750933,0.0,0.1049840368126691,695.3756607908498,97.6878303954249,0.0,1.5177227264049813
2024-01-02 15:30:00,2.00128522892183,0.0,0.12975683612722744,680.0513976892219,90.0256988446109,0.0,1.599742954215634
2024-01-02 15:45:00,1.6255072583468149,0.0,0.13835666467754615,663.9545186568469,81.9772593284234,0.0,1.6748985483306371
2024-01-02 16:00:00,1.2856649516275827,0.0,0.14003751232119674,647.154096776941,73.57704838847046,0.0,1.7428670096744836
2024-01-02 16:15:00,0.9832166011377765,0.0,0.15042165788345233,629.7222240951887,64.86111204759435,0.0,1.8033566797724447
2024-01-02 16:30:00,0.7194600385899683,0.0,0.16851667289819927,611.7337022666139,55.866851133306966,0.0,1.8561079922820065
2024-01-02 16:45:00,0.4955270659289326,0.0,0.18198424731295126,593.26572157529,46.63286078764495,0.0,1.9008945868142133
2024-01-02 17:00:00,0.31237859867279383,0.0,0.1667651677790561,574.3975297042341,37.19876485211704,0.0,1.9375242802654413
2024-01-02 17:15:00,0.17080054254240373,0.0,0.18272526197097383,555.210091676828,27.605045838413993,0.0,1.9658398914915194
2024-01-02 17:30:00,0.07140042107279143,0.0,0.19594510552951894,535.7857424289873,17.892871214493663,0.0,1.9857199157854417
2024-01-02 17:45:00,0.014604768677752844,0.0,0.22988540596564222,516.2078335029155,8.103916751457742,0.0,1.9970790462644494
2024-01-02 18:00:00,0.0006573003542271749,0.0,0.2314734716109284,496.5603753785155,0.0,0.0,1.9998685399291545
2024-01-02 18:15:00,0.029617865880439354,0.0,0.23341285675589019,476.927676977241,0.0,0.0,1.994076426823912
2024-01-02 18:30:00,0.10136219299537963,0.0,0.26187528375837893,457.3939838853143,0.0,0.0,1.9797275614009242
2024-01-02 18:45:00,0.2155824206616863,0.0,0.26715829031583704,438.0431168487163,0.0,0.0,1.9568835158676627
2024-01-02 19:00:00,0.37178842012368385,0.0,0.2431600499126522,418.9581120912028,0.0,0.0,1.9256423159752631
2024-01-02 19:15:00,0.5693098980917259,0.0,0.2593013431662351,400.2208649987766,0.0,0.0,1.886138020381655
2024-01-02 19:30:00,0.8072992730279669,0.0,0.27527491821359723,381.9117786995886,0.0,0.0,1.8385401453944066
2024-01-02 19:45:00,1.084735312191194,0.0,0.30343615743278135,364.1094190472412,0.0,0.0,1.7830529375617612
2024-01-02 20:00:00,1.4004275138337228,0.0,0.31044009301095044,346.890177488005,0.0,0.0,1.7199144972332554
2024-01-02 20:15:00,1.7530212157461307,0.0,0.3109785315387115,330.32794325859106,0.0,0.0,1.6493957568507738
2024-01-02 20:30:00,2.1410034082285705,0.0,0.33091848199457485,314.49378632112473,0.0,0.0,1.571799318354286
2024-01-02 20:45:00,2.5627092265446,0.0,0.3007075897659743,299.4556523958662,0.0,0.0,1.4874581546910801
2024-01-02 21:00:00,3.0163290949980386,0.0,0.3476643136708257,285.27807140031945,0.0,0.0,1.3967341810003924
2024-01-02 21:15:00,3.4999164919769257,0.0,0.3213097819934021,272.0218805458428,0.0,0.0,1.300016701604615
2024-01-02 21:30:00,4.01139630264399,0.0,0.3231795890286104,259.7439632799777,0.0,0.0,1.197720739471202
2024-01-02 21:45:00,4.548573723431746,0.0,0.36656773259778735,248.4970051947153,0.0,0.0,1.0902852553136508
2024-01-02 22:00:00,5.109143680132163,0.0,0.37863813486739345,238.32926794811777,0.0,0.0,0.9781712639735675
2024-01-02 22:15:00,5.690700719166955,0.0,0.3573103260529162,229.2843821694238,0.0,0.0,0.8618598561666091
2024-01-02 22:30:00,6.290749329594435,0.0,0.3702355428343738,221.40116023628855,0.0,0.0,0.7418501340811129
2024-01-02 22:45:00,6.906714651560239,0.0,0.35018080157436854,214.71342972755446,0.0,0.0,0.6186570696879523
2024-01-02 23:00:00,7.53595352524084,0.0,0.36448377461942294,209.2498882662224,0.0,0.0,0.4928092949518319
2024-01-02 23:15:00,8.175765832868242,0.0,0.38048427764931253,205.03398037549783,0.0,0.0,0.36484683342635155
2024-01-02 23:30:00,8.823406085166056,0.0,0.38304567337747886,202.08379687633948,0.0,0.0,0.23531878296678893
2024-01-02 23:45:00,9.476095202478454,0.0,0.38884130397324224,200.41199725820042,0.0,0.0,0.10478095950430925
2024-01-03 00:00:00,10.131032440038467,10.482595203077386,0.3924300817854985,200.02575535607764,0.0,13.103244003846733,0.026206488007693464
2024-01-03 00:15:00,10.785407406203122,62.83259249624972,0.36284722772920247,200.92672856697288,0.0,78.54074062031215,0.1570814812406243
2024-01-03 00:30:00,11.436412122083986,114.91296976671883,0.37990540430533254,203.1110507378607,0.0,143.64121220839854,0.2872824244167971
2024-01-03 00:45:00,12.081253070824562,166.5002456659649,0.3966738149668918,206.56934875568135,0.0,208.12530708245615,0.41625061416491227
2024-01-03 01:00:00,12.717163184819755,217.37305478558042,0.36418108018560164,211.28678276816947,0.0,271.7163184819755,0.543432636963951
2024-01-03 01:15:00,13.341413719439451,267.31309755515605,0.3745401826996135,217.24310986292897,0.0,334.14137194394505,0.6682827438878901
2024-01-03 01:30:00,13.951325962304752,316.10607698438014,0.3437534357501185,224.41277093149836,0.0,395.1325962304752,0.7902651924609504
2024-01-03 01:45:00,14.544282727871723,363.54261822973785,0.36126960224932747,232.76500034566914,0.0,454.4282727871723,0.9088565455743446
2024-01-03 02:00:00,15.117739587998205,409.41916703985635,0.36117867895051803,242.26395797542688,0.0,511.77395879982043,1.023547917599641
2024-01-03 02:15:00,15.669235790302274,453.5388632241818,0.34628438787438803,252.86888298200822,0.0,566.9235790302273,1.1338471580604546
2024-01-03 02:30:00,16.196404817461,495.71238539688,0.34020293555567804,264.53426872614455,0.0,619.6404817461,1.2392809634922
2024-01-03 02:45:00,16.69698454213852,535.7587633710815,0.3182776928330664,277.2100580409385,0.0,669.6984542138518,1.3393969084277038
2024-01-03 03:00:00,17.168826933967605,573.5061547174084,0.3472564883254819,290.8418580314442,0.0,716.8826933967606,1.4337653867935212
2024-01-03 03:15:00,17.609907276931562,608.7925821545249,0.3162400609447511,305.37117347922606,0.0,760.9907276931561,1.5219814553863122
2024-01-03 03:30:00,18.018332857593652,641.4666286074921,0.3237748662615614,320.7356578503397,0.0,801.8332857593651,1.6036665715187304
2024-01-03 03:45:00,18.392351086892113,671.3880869513688,0.3045560639593107,336.86938082963513,0.0,839.2351086892111,1.678470217378422
2024-01-03 04:00:00,18.73035702064957,698.4285616519659,0.27942427325693486,353.70311123337154,0.0,873.0357020649573,1.7460714041299146
2024-01-03 04:15:00,19.030900246525697,722.4720197220557,0.28419234192083187,371.1646140861451,0.0,903.0900246525696,1.8061800493051392
2024-01-03 04:30:00,19.292691107860374,743.4152886288299,0.28135660119830386,389.17896058733487,0.0,929.2691107860373,1.8585382215720747
2024-01-03 04:45:00,19.51460623770068,761.1684990160543,0.2607465688463152,407.66884963699033,0.0,951.4606237700679,1.9029212475401358
2024-01-03 05:00:00,19.695693379264455,775.6554703411565,0.27285679783547606,426.5549395414591,0.0,969.5693379264457,1.9391386758528912
2024-01-03 05:15:00,19.8351754721555,786.8140377724397,0.23239746594924296,445.75618847536714,0.0,983.5175472155496,1.9670350944310993
2024-01-03 05:30:00,19.932453986796105,794.5963189436883,0.2179320402850361,465.1902022390195,0.0,993.2453986796104,1.9864907973592207
2024-01-03 05:45:00,19.987111492768665,798.9689194214932,0.22975869679515004,484.7735878189497,0.0,998.7111492768665,1.997422298553733
2024-01-03 06:00:00,19.998913450045208,799.9130760036169,0.20854864002970117,504.42231123446555,2.2111556172327855,999.891345004521,1.999782690009042
2024-01-03 06:15:00,19.967809215418733,797.4247372334984,0.19077898839246893,524.0520581346402,12.026029067320088,996.780921541873,1.993561843083746
2024-01-03 06:30:00,19.893932259817493,791.5145807853995,0.18273104003678492,543.5785955983952,21.789297799197588,989.3932259817494,1.9787864519634988
2024-01-03 06:45:00,19.777599595569896,782.2079676455918,0.1731396388958661,562.918133585162,31.459066792580963,977.7599595569898,1.9555199191139796
2024-01-03 07:00:00,19.619310416077482,769.5448332861984,0.19079383106948627,581.9876844851044,40.993842242552226,961.931041607748,1.923862083215496
2024-01-03 07:15:00,19.419743953733388,753.5795162986709,0.16171099906812686,600.7054192260425,50.352709613021275,941.9743953733386,1.8839487907466772
2024-01-03 07:30:00,19.179756565278115,734.3805252222493,0.18909118843343103,618.9910184089958,59.49550920449791,917.9756565278116,1.835951313055623
2024-01-03 07:45:00,18.900378057099623,712.0302445679697,0.15755179070031142,636.766016965581,68.38300848279052,890.0378057099622,1.7800756114199243
2024-01-03 08:00:00,18.582807266246093,686.6245812996874,0.1257834875667839,653.9541408583276,76.97707042916382,858.2807266246093,1.7165614532492186
2024-01-03 08:15:00,18.228406916113734,658.2725532890988,0.12553581794023388,670.4816343790917,85.24081718954587,822.8406916113735,1.645681383222747
2024-01-03 08:30:00,17.83869776888429,627.0958215107432,0.15086900468825604,686.2775766410961,93.13878832054804,783.8697768884291,1.5677395537768581
2024-01-03 08:45:00,17.415352099804572,593.2281679843658,0.10316053686132315,701.2741859065179,100.63709295325894,741.5352099804572,1.4830704199609144
2024-01-03 09:00:00,16.960186521310455,556.8149217048364,0.13858141434892243,715.4071104437164,107.70355522185821,696.0186521310454,1.3920373042620908
2024-01-03 09:15:00,16.475154187787783,518.0123350230226,0.12076496099533399,728.6157046660113,114.30785233300564,647.5154187787783,1.2950308375575565
2024-01-03 09:30:00,15.962336414419994,476.9869131535995,0.09949842916376077,740.8432893670765,120.42164468353823,596.2336414419995,1.1924672828839988
2024-01-03 09:45:00,15.423933746086794,433.91469968694355,0.09568856581850214,752.0373949362572,126.01869746812864,542.3933746086794,1.0847867492173588
2024-01-03 10:00:00,14.862256514638155,388.98052117105226,0.11238233134127579,762.1499865101523,131.07499325507618,486.2256514638154,0.9724513029276307
2024-01-03 10:15:00,14.27971492506291,342.37719400503283,0.10720805190042744,771.1376700943165,135.56883504715822,427.97149250629104,0.855942985012582
2024-01-03 10:30:00,13.678808713093188,294.304697047455,0.070166168046104,778.9618787705995,139.48093938529976,367.88087130931876,0.7357617426186376
2024-01-03 10:45:00,13.062116418624893,244.96931348999144,0.06434831105974971,785.5890381910851,142.79451909554257,306.2116418624893,0.6124232837249786
2024-01-03 11:00:00,12.432284320982667,194.58274567861343,0.08846095353249536,790.9907106484873,145.4953553242436,243.22843209826678,0.48645686419653356
2024-01-03 11:15:00,11.792015083509163,143.36120668073312,0.08618811605311011,795.1437171047828,147.57185855239138,179.20150835091638,0.3584030167018328
2024-01-03 11:30:00,11.14405615620583,91.5244924964664,0.09121655660732667,798.030236654442,149.01511832722102,114.40561562058299,0.22881123124116598
2024-01-03 11:45:00,10.491187986190168,39.29503889521345,0.08755094443498657,799.6378829954588,149.81894149772936,49.118798619016815,0.09823759723803363
2024-01-03 12:00:00,9.836212086559543,0.0,0.0533724816842857,799.959757580029,149.97987879001448,0.0,0.03275758268809132
2024-01-03 12:15:00,9.181939014859232,0.0,0.07003500473367834,798.9944792168101,149.49723960840504,0.0,0.16361219702815372
2024-01-03 12:30:00,8.531176312739811,0.0,0.09527449612372282,796.7461899977302,148.3730949988651,0.0,0.2937647374520378
2024-01-03 12:45:00,7.886716458556016,0.0,0.07832277560787212,793.2245375239182,146.61226876195911,0.0,0.4226567082887967
2024-01-03 13:00:00,7.25132488460364,0.0,0.08517390603580081,788.4446335070227,144.22231675351136,0.0,0.549735023079272
2024-01-03 13:15:00,6.627728110413205,0.0,0.08539397620707825,782.4269889235665,141.21349446178323,0.0,0.674454377917359
2024-01-03 13:30:00,6.018602043021732,0.0,0.10856279721560999,775.1974260005936,137.59871300029684,0.0,0.7962795913956535
2024-01-03 13:45:00,5.426560494427046,0.0,0.06927031074683063,766.7869674102884,133.3934837051442,0.0,0.9146879011145908
2024-01-03 14:00:00,4.854143965497051,0.0,0.10134498085257834,757.231703149034,128.61585157451702,0.0,1.0291712069005898
2024-01-03 14:15:00,4.3038087444636375,0.0,0.11489113269408086,746.5726356721608,123.28631783608039,0.0,1.1392382511072725
2024-01-03 14:30:00,3.7779163667798974,0.0,0.11273972399738935,734.8555039489031,117.42775197445157,0.0,1.2444167266440205
2024-01-03 14:45:00,3.278723481569754,0.0,0.12082334891758378,722.1305871925758,111.06529359628793,0.0,1.3442553036860492
2024-01-03 15:00:00,2.808372168153771,0.0,0.12655924251746806,708.4524891081741,104.22624455408702,0.0,1.4383255663692458
2024-01-03 15:15:00,2.3688807442037962,0.0,0.10601952445201666,693.8799035832095,96.93995179160474,0.0,1.5262238511592408
2024-01-03 15:30:00,1.9621351049692937,0.0,0.11720804376153961,678.4753628272249,89.23768141361246,0.0,1.6075729790061413
2024-01-03 15:45:00,1.5898806307398488,0.0,0.1494159657994271,662.30496904074,81.15248452037002,0.0,1.6820238738520301
2024-01-03 16:00:00,1.253714697269121,0.0,0.14047695984209377,645.4381107650615,72.7190553825308,0.0,1.7492570605461757
2024-01-03 16:15:00,0.9550798212990372,0.0,0.1691998063676016,627.947165130124,63.973582565061996,0.0,1.8089840357401925
2024-01-03 16:30:00,0.6952574705972001,0.0,0.1516156244664816,609.9071872780412,54.95359363902058,0.0,1.86094850588056
2024-01-03 16:45:00,0.4753625650692186,0.0,0.20313171334415842,591.3955882950792,45.69779414753956,0.0,1.904927486986156
2024-01-03 17:00:00,0.2963386925421432,0.0,0.18763852438077464,572.491803034073,36.24590151703651,0.0,1.9407322614915712
2024-01-03 17:15:00,0.15895405974843868,0.0,0.18069350575088683,553.2769492526786,26.63847462633929,0.0,1.9682091880503123
2024-01-03 17:30:00,0.0637981958853242,0.0,0.19048976143617166,533.8334795301557,16.916739765077878,0.0,1.9872403608229352
2024-01-03 17:45:00,0.011279422894579838,0.0,0.19558715926907339,514.2448274562984,7.122413728149201,0.0,1.997744115421084
2024-01-03 18:00:00,0.0016231033182183552,0.0,0.2355856262521354,494.5950496107741,0.0,0.0,1.9996753793363562
2024-01-03 18:15:00,0.034870673248560635,0.0,0.22084209595622714,474.968464869159,0.0,0.0,1.993025865350288
2024-01-03 18:30:00,0.11087946452241582,0.0,0.22533459544122464,455.44929258343893,0.0,0.0,1.9778241070955167
2024-01-03 18:45:00,0.22932331692238606,0.0,0.28151980323457093,436.1212911895743,0.0,0.0,1.9541353366155227
2024-01-03 19:00:00,0.3896939777581938,0.0,0.24904522369788148,417.0673987928953,0.0,0.0,1.9220612044483611
2024-01-03 19:15:00,0.5913032828224161,0.0,0.2668170030509402,398.36937727360583,0.0,0.0,1.8817393434355167
2024-01-03 19:30:00,0.8332861093618913,0.0,0.2642062469815726,380.1074614395699,0.0,0.0,1.8333427781276217
2024-01-03 19:45:00,1.114604088393369,0.0,0.2989440668883434,362.36001473189606,0.0,0.0,1.7770791823213261
2024-01-03 20:00:00,1.4340500604335151,0.0,0.30827165983255755,345.20319296071807,0.0,0.0,1.713189987913297
2024-01-03 20:15:00,1.7902532555234565,0.0,0.29792949768673505,328.7106175141,0.0,0.0,1.6419493488953087
2024-01-03 20:30:00,2.1816851753196973,0.0,0.3016982646665986,312.95305944238055,0.0,0.0,1.5636629649360605
2024-01-03 20:45:00,2.606666152011165,0.0,0.331161936244356,297.99813577354246,0.0,0.0,1.4786667695977669
2024-01-03 21:00:00,3.0633725559172795,0.0,0.31464575959955643,283.9100193627701,0.0,0.0,1.387325488816544
2024-01-03 21:15:00,3.5498446208387193,0.0,0.3417418847874732,270.74916352124484,0.0,0.0,1.2900310758322562
2024-01-03 21:30:00,4.063994853581593,0.0,0.32764684200902555,258.5720426058223,0.0,0.0,1.1872010292836814
2024-01-03 21:45:00,4.603616991569202,0.0,0.35862037701588506,247.43090968274134,0.0,0.0,1.0792766016861597
2024-01-03 22:00:00,5.166395470103085,0.0,0.3774961136664431,237.37357230525305,0.0,0.0,0.9667209059793831
2024-01-03 22:15:00,5.749915358649088,0.0,0.36651583184152187,228.44318736732475,0.0,0.0,0.8500169282701824
2024-01-03 22:30:00,6.35167272351059,0.0,0.3689731597523246,220.67807591372076,0.0,0.0,0.7296654552978821
2024-01-03 22:45:00,6.969085372421919,0.0,0.3592568970956269,214.11155870112555,0.0,0.0,0.6061829255156163
2024-01-03 23:00:00,7.599503934955989,0.0,0.36513062704292853,208.77181321592946,0.0,0.0,0.4800992130088021
2024-01-03 23:15:00,8.240223231199124,0.0,0.38488868533412857,204.68175276222803,0.0,0.0,0.35195535376017517
2024-01-03 23:30:00,8.888493879909326,0.0,0.3786232374146616,201.85892813887443,0.0,0.0,0.2223012240181346
2024-01-03 23:45:00,9.54153409634589,0.0,0.352131462138658,200.315452327505,0.0,0.0,0.09169318073082204
2024-01-04 00:00:00,10.196541629145521,15.723330331641671,0.3944743584282413,200.057948514698,0.0,19.65416291455209,0.03930832582910418
2024-01-04 00:15:00,10.850705785022331,68.0564628017865,0.3953357061440199,201.08752167131496,0.0,85.0705785022331,0.17014115700446622
2024-01-04 00:30:00,11.501219489692863,120.09755917542908,0.38037277935214425,203.39975381097588,0.0,150.12194896928636,0.3002438979385727
2024-01-04 00:45:00,12.145291333271642,171.62330666173128,0.36375980863431845,206.98472294801667,0.0,214.52913332716412,0.4290582666543282
2024-01-04 01:00:00,12.780157548449615,222.4126038759693,0.3673051666851149,211.827045673577,0.0,278.0157548449616,0.5560315096899232
2024-01-04 01:15:00,13.403093870055615,272.24750960444925,0.3891150106094716,217.9059431671223,0.0,340.3093870055616,0.6806187740111231
2024-01-04 01:30:00,14.011427225111088,320.9141780088871,0.3678431333428943,225.19533036013803,0.0,401.1427225111089,0.8022854450222178
2024-01-04 01:45:00,14.602547203214602,368.2037762571682,0.3817709817827574,233.66392786938684,0.0,460.25472032146024,0.9205094406429205
2024-01-04 02:00:00,15.173917258035905,413.9133806428724,0.36120053996614937,243.2753962194152,0.0,517.3917258035905,1.034783451607181
2024-01-04 02:15:00,15.723085591852914,457.84684734823327,0.3523973037292264,253.98849177834552,0.0,572.3085591852915,1.144617118370583
2024-01-04 02:30:00,16.247695676425344,499.8156541140277,0.33140888072062674,265.7572437378295,0.0,624.7695676425346,1.2495391352850693
2024-01-04 02:45:00,16.745496365058543,539.6397092046834,0.34797424572742347,278.5311513777074,0.0,674.5496365058542,1.3490992730117084
2024-01-04 03:00:00,17.214351552466393,577.1481241973115,0.34732620450038537,292.25540076891684,0.0,721.4351552466394,1.4428703104932787
2024-01-04 03:15:00,17.652249340981605,612.1799472785286,0.323798839832134,306.87109998474574,0.0,765.2249340981607,1.5304498681963215
2024-01-04 03:30:00,18.057310673780478,644.5848539024381,0.3096292601583771,322.3155318111202,0.0,805.7310673780477,1.6114621347560953
2024-01-04 03:45:00,18.427797398076244,674.2237918460994,0.2956664053528213,338.5224228715291,0.0,842.7797398076242,1.6855594796152484
2024-01-04 04:00:00,18.762119723681284,700.9695778945028,0.3147818235195129,355.42222801174535,0.0,876.2119723681284,1.7524239447362568
2024-01-04 04:15:00,19.058843044932523,724.7074435946016,0.2972191051259681,372.9424287240236,0.0,905.8843044932521,1.8117686089865042
2024-01-04 04:30:00,19.316694096706964,745.3355277365572,0.28020414853779935,391.0078443302137,0.0,931.6694096706965,1.863338819341393
2024-01-04 04:45:00,19.534566418111133,762.7653134488905,0.2871150582316449,409.54095458847326,0.0,953.4566418111131,1.9069132836222262
2024-01-04 05:00:00,19.71152510039926,776.9220080319408,0.2661180414043938,428.4622323392492,0.0,971.152510039926,1.942305020079852
2024-01-04 05:15:00,19.846810798746628,787.7448638997303,0.2512520917714541,447.6904847631135,0.0,984.6810798746628,1.9693621597493256
2024-01-04 05:30:00,19.93984299066306,795.1874392530448,0.24255249229532488,467.1432017860865,0.0,993.984299066306,1.987968598132612
2024-01-04 05:45:00,19.99022246706455,799.2177973651641,0.24408114451088608,486.7369101374222,0.0,999.0222467064551,1.9980444934129102
2024-01-04 06:00:00,19.997733045313527,799.8186436250822,0.22309231950335415,506.38753154053245,3.193765770266223,999.7733045313528,1.9995466090627056
2024-01-04 06:15:00,19.96234249687703,796.9873997501626,0.23030380764715908,526.0107435000632,13.00537175003161,996.2342496877033,1.9924684993754065
2024-01-04 06:30:00,19.884202685622107,790.7362148497687,0.20300073010489664,545.5223411369249,22.761170568462433,988.4202685622109,1.9768405371244218
2024-01-04 06:45:00,19.763648916154978,781.0919132923981,0.1962498532984691,564.8385985186223,32.419299259311174,976.3648916154976,1.9527297832309953
2024-01-04 07:00:00,19.60119849500032,768.0958796000257,0.19326466602827244,583.8766279343852,41.93831396719257,960.1198495000322,1.9202396990000643
2024-01-04 07:15:00,19.397548510794767,751.8038808635814,0.19269253145553056,602.5547355734158,51.27736778670788,939.7548510794768,1.8795097021589535
2024-01-04 07:30:00,19.15357284302003,732.2858274416025,0.15897943728239194,620.7927720800117,60.396386040005865,915.3572843020031,1.8307145686040063
2024-01-04 07:45:00,18.870318412111367,709.6254729689095,0.13517867701861586,638.5124764812988,69.2562382406494,887.0318412111369,1.7740636824222737
2024-01-04 08:00:00,18.54900068703255,683.920054962604,0.17197668107470854,655.6378120117519,77.81890600587593,854.900068703255,1.70980013740651
2024-01-04 08:15:00,18.19099846959469,655.279877567575,0.11478438983670489,672.0952923934524,86.04764619672622,819.0998469594687,1.6381996939189374
2024-01-04 08:30:00,17.79784797789988,623.8278382319905,0.14975739906671942,687.814297171984,93.90714858599196,779.7847977899883,1.5595695955799764
2024-01-04 08:45:00,17.371236254298015,589.6989003438412,0.12710185573103075,702.727374754842,101.363687377421,737.1236254298015,1.474247250859603
2024-01-04 09:00:00,16.912993926144004,553.0395140915206,0.13597946811624256,716.7705318519709,108.38526592598541,691.2993926144006,1.3825987852288013
2024-01-04 09:15:00,16.425087350419354,514.0069880335483,0.12286280549772975,729.883508076445,114.94175403822247,642.5087350419353,1.2850174700838706
2024-01-04 09:30:00,15.909610175926336,472.76881407410684,0.0838721422152233,742.0100345269364,121.0050172634682,590.9610175926335,1.181922035185267
2024-01-04 09:45:00,15.36877435926213,429.50194874097025,0.11712523993867874,753.098075242378,126.54903762118897,536.8774359262128,1.0737548718524257
2024-01-04 10:00:00,14.804900673124095,384.39205384992755,0.1107367991012628,763.1000504927176,131.55002524635884,480.49006731240945,0.9609801346248189
2024-01-04 10:15:00,14.220408747675727,337.6326998140581,0.09902609999796425,771.9730409476058,135.98652047380293,422.04087476757263,0.8440817495351453
2024-01-04 10:30:00,13.617806687707075,289.42453501656604,0.07584315999979113,779.6789718469086,139.83948592345428,361.7806687707075,0.723561337541415
2024-01-04 10:45:00,12.999680310142685,239.97442481141476,0.0761752202301954,786.1847763827561,143.09238819137806,299.96803101426843,0.5999360620285369
2024-01-04 11:00:00,12.36868204808027,189.4945638464216,0.07903454944778865,791.4625375920414,145.73126879602066,236.86820480802703,0.47373640961605407
2024-01-04 11:15:00,11.72751956897368,138.20156551789444,0.052332763934137425,795.4896081504927,147.74480407524635,172.75195689736805,0.3455039137947361
2024-01-04 11:30:00,11.07894415580051,86.31553246404088,0.09188508441917516,798.2487075542786,149.12435377713928,107.89441558005112,0.21578883116010222
2024-01-04 11:45:00,10.42573890107182,34.05911208574571,0.06338005217729019,799.7279962721245,149.8639981360623,42.573890107182145,0.08514778021436428
2024-01-04 12:00:00,9.770706764344244,0.0,0.08332497213989597,799.9211265497552,149.9605632748776,0.0,0.04585864713115122
2024-01-04 12:15:00,9.11665854448126,0.0,0.0748258100611038,798.8272696486481,149.41363482432405,0.0,0.176668291103748
2024-01-04 12:30:00,8.466400818274986,0.0,0.07561812792733016,796.4511194022232,148.2255597011116,0.0,0.3067198363450028
2024-01-04 12:45:00,7.822723897185404,0.0,0.08793709729894428,792.8028720742017,146.40143603710084,0.0,0.4354552205629192
2024-01-04 13:00:00,7.1883898538754885,0.0,0.0817517261665058,787.8981826055677,143.94909130278387,0.0,0.5623220292249023
2024-01-04 13:15:00,6.566120669921457,0.0,0.06766100980081925,781.758097437879,140.8790487189395,0.0,0.6867758660157086
2024-01-04 13:30:00,5.95858655555713,0.0,0.07808626763774973,774.4089642011877,137.20448210059382,0.0,0.808282688888574
2024-01-04 13:45:00,5.368394491573882,0.0,0.0881563715616246,765.8823186541088,132.94115932705438,0.0,0.9263211016852235
2024-01-04 14:00:00,4.7980770425431984,0.0,0.09859720950885087,756.214749361186,128.10737468059298,0.0,1.0403845914913603
2024-01-04 14:15:00,4.250081489365747,0.0,0.08271432482564758,745.4477406882346,122.72387034411732,0.0,1.1499837021268506
2024-01-04 14:30:00,3.726759327779952,0.0,0.08986190798303341,733.627494789384,116.81374739469194,0.0,1.2546481344440097
2024-01-04 14:45:00,3.230356177892891,0.0,0.10362411867752139,720.8047333496874,110.40236667484366,0.0,1.3539287644214217
2024-01-04 15:00:00,2.763002148032456,0.0,0.11675291607928162,707.0344799340332,103.51723996701662,0.0,1.4473995703935087
2024-01-04 15:15:00,2.3267026942706774,0.0,0.1281215592044666,692.3758238763348,96.18791193816739,0.0,1.5346594611458646
2024-01-04 15:30:00,1.9233300148402748,0.0,0.14228653828087812,676.8916667221444,88.44583336107218,0.0,1.615333997031945
2024-01-04 15:45:00,1.5546150163721109,0.0,0.11998538339195522,660.6484523127485,80.32422615637428,0.0,1.6890769967255779
2024-01-04 16:00:00,1.2221398864269446,0.0,0.16683867871435157,643.7158816689688,71.85794083448438,0.0,1.7555720227146112
2024-01-04 16:15:00,0.9273313041934532,0.0,0.15105284625271317,626.1666138981253,63.083306949062646,0.0,1.8145337391613094
2024-01-04 16:30:00,0.6714543184858748,0.0,0.16777597332891842,608.0759544076001,54.03797720380006,0.0,1.8657091363028249
2024-01-04 16:45:00,0.4556069193115615,0.0,0.17475570095233803,589.5215317628999,44.76076588145,0.0,1.9088786161376876
2024-01-04 17:00:00,0.2807153263019764,0.0,0.16785403005412536,570.5829645768492,35.291482288424646,0.0,1.9438569347396049
2024-01-04 17:15:00,0.1475300142251399,0.0,0.18156916091208267,551.3415198593199,25.67075992965994,0.0,1.970493997154972
2024-01-04 17:30:00,0.0566224926342862,0.0,0.20587136611118415,531.8797642935485,15.939882146774272,0.0,1.9886755014731428
2024-01-04 17:45:00,0.008382853471530893,0.0,0.20572075514550944,512.2812099354448,6.140604967722409,0.0,1.9983234293056937
2024-01-04 18:00:00,0.003018097150031096,0.0,0.2518919658380119,492.6299558562261,0.0,0.0,1.999396380569994
2024-01-04 18:15:00,0.04055124429751267,0.0,0.25902920423746145,473.0103272661093,0.0,0.0,1.9918897511404976
2024-01-04 18:30:00,0.12082123697280522,0.0,0.25330994239414445,453.5065136676419,0.0,0.0,1.9758357526054389
2024-01-04 18:45:00,0.24348362977921845,0.0,0.24107612499961942,434.2022075913451,0.0,0.0,1.9513032740441563
2024-01-04 19:00:00,0.4080120679091692,0.0,0.2636319143089673,415.18024546391695,0.0,0.0,1.9183975864181662
2024-01-04 19:15:00,0.6137005457776326,0.0,0.2794947690745804,396.52225215004785,0.0,0.0,1.8772598908444735
2024-01-04 19:30:00,0.8596664365524127,0.0,0.289571814352747,378.3082906931525,0.0,0.0,1.8280667126895176
2024-01-04 19:45:00,1.1448542795813452,0.0,0.3069115952407525,360.61651875801,0.0,0.0,1.771029144083731
2024-01-04 20:00:00,1.4680403094640546,0.0,0.30564200951703746,343.5228532495466,0.0,0.0,1.706391938107189
2024-01-04 20:15:00,1.8278377073338898,0.0,0.2900799931173826,327.1006445469107,0.0,0.0,1.634432458533222
2024-01-04 20:30:00,2.2227025518161616,0.0,0.32896788852967807,311.42036175072883,0.0,0.0,1.5554594896367677
2024-01-04 20:45:00,2.650940444126661,0.0,0.3066205961654682,296.5492902941741,0.0,0.0,1.4698119111746677
2024-01-04 21:00:00,3.1107137788816006,0.0,0.34990204499450916,282.5512432154252,0.0,0.0,1.3778572442236798
2024-01-04 21:15:00,3.6000496294194004,0.0,0.3547956092268092,269.4862873304615,0.0,0.0,1.2799900741161199
2024-01-04 21:30:00,4.116848213797421,0.0,0.32397259725226224,257.4104854812329,0.0,0.0,1.176630357240516
2024-01-04 21:45:00,4.658891905135768,0.0,0.33333239592880876,246.37565596520898,0.0,0.0,1.0682216189728464
2024-01-04 22:00:00,5.223854747643688,0.0,0.35962254784806397,236.4291501786385,0.0,0.0,0.9552290504712625
2024-01-04 22:15:00,5.809312437494586,0.0,0.37133308222427736,227.61364942766306,0.0,0.0,0.8381375125010829
2024-01-04 22:30:00,6.412752725720844,0.0,0.3896939560771295,219.96698177918523,0.0,0.0,0.7174494548558312
2024-01-04 22:45:00,7.031586198488915,0.0,0.36781018069689386,213.52195973740197,0.0,0.0,0.5936827603022171
2024-01-04 23:00:00,7.663157388495117,0.0,0.3940630075499076,208.30623944254546,0.0,0.0,0.46736852230097653
2024-01-04 23:15:00,8.304756169802847,0.0,0.3664411920654572,204.3422019960226,0.0,0.0,0.3390487660394305
2024-01-04 23:30:00,8.953629387224487,0.0,0.3952443432929859,201.6468574211965,0.0,0.0,0.2092741225551026
2024-01-04 23:45:00,9.606992670345537,0.0,0.3737824641272701,200.231771671923,0.0,0.0,0.0786014659308924
2024-01-05 00:00:00,10.26204238149593,20.963390519674284,0.368447878371381,200.10301700205463,0.0,26.204238149592857,0.05240847629918571
2024-01-05 00:15:00,10.915967646398933,73.2774117119147,0.38209719461628555,201.26114590888017,0.0,91.59676463989337,0.18319352927978674
2024-01-05 00:30:00,11.56596241587264,125.27699326981119,0.36816781788200426,203.7011887623122,0.0,156.596241587264,0.31319248317452797
2024-01-05 00:45:00,12.209237506826872,176.7390005461497,0.36405698024866434,207.41267512999383,0.0,220.92375068268714,0.44184750136537426
2024-01-05 01:00:00,12.843032570886095,227.4426056708876,0.38720347194363075,212.37967870681877,0.0,284.3032570886095,0.568606514177219
2024-01-05 01:15:00,13.464627939280142,277.17023514241134,0.3886259394987066,218.58088565606704,0.0,346.4627939280142,0.6929255878560284
2024-01-05 01:30:00,14.071356293175262,325.70850345402096,0.37254945668090983,225.98968606889974,0.0,407.1356293175262,0.8142712586350523
2024-01-05 01:45:00,14.660614109367097,372.84912874936776,0.3625884671648032,234.57428814975106,0.0,466.0614109367097,0.9321228218734194
2024-01-05 02:00:00,15.229872832221323,418.38982657770583,0.3488079937510674,244.29785463763926,0.0,522.9872832221323,1.0459745664442646
2024-01-05 02:15:00,15.776689723921713,462.13517791373715,0.3427860240281721,255.11866087800112,0.0,577.6689723921714,1.1553379447843428
2024-01-05 02:30:00,16.29871834646695,503.89746771735594,0.36619470001642673,266.99027386674936,0.0,629.871834646695,1.2597436692933899
2024-01-05 02:45:00,16.793718630436516,543.4974904349212,0.31347796630010094,279.8617514982604,0.0,679.3718630436516,1.3587437260873032
2024-01-05 03:00:00,17.25956648731998,580.7653189855986,0.3505878077304758,293.6778611623018,0.0,725.9566487319981,1.4519132974639963
2024-01-05 03:15:00,17.694262924162246,615.5410339329798,0.3426634733521458,308.3793167518804,0.0,769.4262924162248,1.5388525848324495
2024-01-05 03:30:00,18.0959426214132,647.6754097130561,0.32118347905276873,323.90303306499914,0.0,809.5942621413201,1.6191885242826403
2024-01-05 03:45:00,18.462881937173137,677.0305549738508,0.2973207417706824,340.18239650863876,0.0,846.2881937173136,1.6925763874346271
2024-01-05 04:00:00,18.7935063034875,703.4805042790001,0.2808397582941417,357.14755094338364,0.0,879.3506303487502,1.7587012606975003
2024-01-05 04:15:00,19.0863969829525,726.9117586362003,0.26676351208906185,374.7256974420826,0.0,908.6396982952502,1.8172793965905005
2024-01-05 04:30:00,19.340297156638506,747.2237725310807,0.2808582094212378,392.8414066762649,0.0,934.0297156638509,1.8680594313277017
2024-01-05 04:45:00,19.554117317207456,764.3293853765966,0.27613176220476304,411.41694258983364,0.0,955.4117317207458,1.9108234634414916
2024-01-05 05:00:00,19.726939944081966,778.1551955265573,0.26887828994390184,430.3725959711238,0.0,972.6939944081967,1.9453879888163934
2024-01-05 05:15:00,19.858023440604455,788.6418752483565,0.2622404968298734,449.62702649194,0.0,985.8023440604456,1.9716046881208913
2024-01-05 05:30:00,19.946805316291815,795.7444253033452,0.2535158880301656,469.09761174585407,0.0,994.6805316291815,1.989361063258363
2024-01-05 05:45:00,19.992904600530103,799.4323680424084,0.24637594145231734,488.7008017880102,0.0,999.2904600530105,1.998580920106021
2024-01-05 06:00:00,19.996123477352022,799.6898781881617,0.22219196994580476,508.3524776550768,4.176238827538413,999.6123477352022,1.9992246954704045
2024-01-05 06:15:00,19.956448134282113,796.515850742569,0.2272785891388052,527.968312326903,13.984156163451484,995.6448134282113,1.9912896268564224
2024-01-05 06:30:00,19.87404882160727,789.9239057285818,0.19500992279907173,547.464132580975,23.732066290487523,987.4048821607272,1.9748097643214544
2024-01-05 06:45:00,19.74927912181824,779.9423297454591,0.2045696998664559,566.7562801868935,33.378140093446724,974.9279121818238,1.9498558243636477
2024-01-05 07:00:00,19.5826744323569,766.613954588552,0.1655094012719693,585.7619708909954,42.88098544549768,958.26744323569,1.91653488647138
2024-01-05 07:15:00,19.374949668180136,749.9959734544108,0.1799198709414575,604.399649650658,52.19982482532902,937.4949668180135,1.874989933636027
2024-01-05 07:30:00,19.12699619399865,730.1596955198921,0.1413672060129496,622.5893405939546,61.29467029697728,912.6996193998651,1.8253992387997302
2024-01-05 07:45:00,18.83987799935485,707.1902399483881,0.13480013763899365,640.2529902029532,70.12649510147665,883.9877999354851,1.7679755998709703
2024-01-05 08:00:00,18.514827132952824,681.186170636226,0.1711920991271198,657.3148022480322,78.65740112401606,851.4827132952826,1.7029654265905652
2024-01-05 08:15:00,18.15323841583202,652.2590732665617,0.11827352220457561,673.7015630359756,86.85078151798778,815.3238415832021,1.6306476831664043
2024-01-05 08:30:00,17.7566634560711,620.533076485688,0.12506589037201313,689.3429555761877,94.67147778809384,775.6663456071099,1.5513326912142198
2024-01-05 08:45:00,17.32680399070503,586.1443192564025,0.12250520018007802,704.1718613169064,102.08593065845324,732.6803990705031,1.4653607981410062
2024-01-05 09:00:00,16.865504583426112,549.2403666740889,0.12554194176915118,718.1246481566438,109.06232407832194,686.5504583426111,1.3731009166852224
2024-01-05 09:15:00,16.37474470940355,509.9795767522842,0.12070233863133753,731.14144349497,115.57072174748501,637.4744709403552,1.2749489418807105
2024-01-05 09:30:00,15.856630261186439,468.53042089491515,0.10307466361690265,743.1663911509556,121.58319557547783,585.663026118644,1.171326052237288
2024-01-05 09:45:00,15.313384512138768,425.0707609711013,0.11311263353868148,754.147891046822,127.07394552341103,531.3384512138767,1.0626769024277534
2024-01-05 10:00:00,14.747338576183648,379.7870860946918,0.08523773716569218,764.0388206282754,132.0194103141377,474.73385761836477,0.9494677152367296
2024-01-05 10:15:00,14.160921404794198,332.8737123835358,0.0758670732104396,772.7967370714189,136.3983685357094,416.09214047941975,0.8321842809588396
2024-01-05 10:30:00,13.556649364155259,284.5319491324207,0.08550886739331474,780.3840594085343,140.19202970426713,355.66493641552586,0.7113298728310518
2024-01-05 10:45:00,12.93711543722111,234.96923497768884,0.08024417334382687,786.7682297912263,143.38411489561318,293.71154372211106,0.5874230874442221
2024-01-05 11:00:00,12.304978097004108,184.3982477603287,0.06152599475472135,791.9218531989311,145.96092659946552,230.49780970041087,0.46099561940082173
2024-01-05 11:15:00,11.662949898839713,133.0359919071771,0.08952582543683016,795.8228149932897,147.91140749664487,166.29498988397137,0.33258997976794274
2024-01-05 11:30:00,11.013785840579999,81.10286724639992,0.07075416188741565,798.4543758139519,149.2271879069759,101.3785840579999,0.2027571681159998
2024-01-05 11:45:00,10.360271540662346,28.82172325298774,0.05506194236250448,799.8052434086001,149.9026217043,36.02715406623468,0.07205430813246935
2024-01-05 12:00:00,9.70521128478277,0.0,0.06532526924568863,799.8696210889701,149.93481054448506,0.0,0.05895774304344585
2024-01-05 12:15:00,9.051415992466401,0.0,0.08996902339712612,798.6472326049352,149.32361630246763,0.0,0.18971680150671988
2024-01-05 12:30:00,8.401691155171676,0.0,0.07660022177406667,796.1433233299194,148.07166166495975,0.0,0.3196617689656649
2024-01-05 12:45:00,7.758824797686659,0.0,0.08572847237042205,792.3686377525507,146.18431887627537,0.0,0.44823504046266827
2024-01-05 13:00:00,7.12557551447668,0.0,0.08340900982914197,787.339373371144,143.669686685572,0.0,0.574884897104664
2024-01-05 13:15:00,6.504660632319654,0.0,0.0812170175648908,781.077111188851,140.53855559442547,0.0,0.6990678735360691
2024-01-05 13:30:00,5.89874455002475,0.0,0.06558309719453631,773.6087231077321,136.80436155386604,0.0,0.82025108999505
2024-01-05 13:45:00,5.310427305269456,0.0,0.11706119753326484,764.9662566191289,132.48312830956445,0.0,0.9379145389461089
2024-01-05 14:00:00,4.742233417615767,0.0,0.11233955243505143,755.1867972851405,127.59339864257028,0.0,1.0515533164768465
2024-01-05 14:15:00,4.196601055581082,0.0,0.11376562408286214,744.3123096013082,122.15615480065414,0.0,1.1606797888837836
2024-01-05 14:30:00,3.6758715742486627,0.0,0.11057945792060823,732.3894569233798,116.19472846168989,0.0,1.2648256851502675
2024-01-05 14:45:00,3.182279468313112,0.0,0.13907182169270715,719.4694012308628,109.73470061543136,0.0,1.3635441063373777
2024-01-05 15:00:00,2.7179427836726067,0.0,0.12661836351245723,705.6075835865997,102.80379179329985,0.0,1.4564114432654787
2024-01-05 15:15:00,2.284854028713016,0.0,0.1147461145299575,690.8634862344305,95.43174311721526,0.0,1.5430291942573968
2024-01-05 15:30:00,1.8848716242841839,0.0,0.1583494669872585,675.3003773558022,87.6501886779011,0.0,1.6230256751431633
2024-01-05 15:45:00,1.5197119290572978,0.0,0.1427729721651636,658.9850395805981,79.49251979029907,0.0,1.6960576141885406
2024-01-05 16:00:00,1.1909418744831122,0.0,0.1664923491800233,641.987483417161,70.99374170858047,0.0,1.7618116251033775
2024-01-05 16:15:00,0.8999722409553392,0.0,0.1610724006435943,624.3806468312297,62.19032341561486,0.0,1.820005551808932
2024-01-05 16:30:00,0.6480516040313624,0.0,0.17424590539067486,606.2400822628906,53.120041131445326,0.0,1.8703896791937276
2024-01-05 16:45:00,0.4362609766878567,0.0,0.17572107247283786,587.6436324246031,43.82181621230157,0.0,1.9127478046624287
2024-01-05 17:00:00,0.26550917060176005,0.0,0.16647071208748618,568.67109627147,34.335548135734975,0.0,1.9468981658796478
2024-01-05 17:15:00,0.13652889636171572,0.0,0.22223974748342185,549.403886577103,24.70194328855149,0.0,1.972694220727657
2024-01-05 17:30:00,0.04987361934431078,0.0,0.19076676432942893,529.9246805844559,14.962340292227958,0.0,1.9900252761311379
2024-01-05 17:45:00,0.005915184746905666,0.0,0.22718341515969084,510.31706523071097,5.15853261535548,0.0,1.998816963050619
2024-01-05 18:00:00,0.004842221968083038,0.0,0.23857183896469145,490.66517846858983,0.0,0.0,1.9990315556063833
2024-01-05 18:15:00,0.04665933518280241,0.0,0.26391439468353484,471.05334822321004,0.0,0.0,1.9906681329634395
2024-01-05 18:30:00,0.1311870835854787,0.0,0.26922189927715,451.5657305337535,0.0,0.0,1.9737625832829042
2024-01-05 18:45:00,0.2580627513858147,0.0,0.2741787194039243,432.2859484327141,0.0,0.0,1.948387449722837
2024-01-05 19:00:00,0.42674190425326586,0.0,0.2725541693868361,413.2967331123126,0.0,0.0,1.9146516191493468
2024-01-05 19:15:00,0.6365007255312332,0.0,0.2988714366968198,394.67956891789476,0.0,0.0,1.8726998548937532
2024-01-05 19:30:00,0.8864391221962045,0.0,0.2670530564602714,376.5143436916353,0.0,0.0,1.822712175560759
2024-01-05 19:45:00,1.1754845872338109,0.0,0.32016538456801047,358.8790059669837,0.0,0.0,1.764903082553238
2024-01-05 20:00:00,1.5023968018580582,0.0,0.31604382877505355,341.8492304848475,0.0,0.0,1.6995206396283884
2024-01-05 20:15:00,1.8657729578252127,0.0,0.2924337905982869,325.4980934668134,0.0,0.0,1.6268454084349575
2024-01-05 20:30:00,2.2640537770038023,0.0,0.3259255121367118,309.895759038837,0.0,0.0,1.5471892445992395
2024-01-05 20:45:00,2.6955302023703904,0.0,0.30249459066938394,295.1091781509838,0.0,0.0,1.4608939595259218
2024-01-05 21:00:00,3.1583507317191515,0.0,0.312658319690505,281.20180128518183,0.0,0.0,1.3683298536561697
2024-01-05 21:15:00,3.6505293626161093,0.0,0.32605744545127835,268.2333061837832,0.0,0.0,1.269894127476778
2024-01-05 21:30:00,4.169954114505244,0.0,0.3518803337324938,256.2593417672726,0.0,0.0,1.1660091770989511
2024-01-05 21:45:00,4.7143960913974965,0.0,0.34590145211274836,245.33128933999475,0.0,0.0,1.0571207817205006
2024-01-05 22:00:00,5.281519046253866,0.0,0.3366049798768101,235.496042108589,0.0,0.0,0.9436961907492267
2024-01-05 22:15:00,5.868889406021175,0.0,0.38236418598135746,226.7958039592287,0.0,0.0,0.8262221187957649
2024-01-05 22:30:00,6.473986714301784,0.0,0.35226032135403407,219.26790835714633,0.0,0.0,0.7052026571396433
2024-01-05 22:45:00,7.094214446847451,0.0,0.35694930504465017,212.94465814554007,0.0,0.0,0.5811571106305098
2024-01-05 23:00:00,7.7269111534667,0.0,0.38685592403160807,207.8531869313149,0.0,0.0,0.45461776930665987
2024-01-05 23:15:00,8.36936187853498,0.0,0.3481985018154367,204.01534265245698,0.0,0.0,0.32612762429300407
2024-01-05 23:30:00,9.01880981110117,0.0,0.3735418507839916,201.44759382666524,0.0,0.0,0.19623803777976614
2024-01-05 23:45:00,9.672468114599054,0.0,0.3744756767541511,200.1609588835351,0.0,0.0,0.06550637708018907
2024-01-06 00:00:00,10.327531885400921,26.20255083207367,0.3608343716564474,200.1609588835351,0.0,32.75318854009208,0.06550637708018417
2024-01-06 00:15:00,10.981190188898806,78.4952151119045,0.38859245288213384,201.4475938266653,0.0,98.11901888988064,0.19623803777976126
2024-01-06 00:30:00,11.630638121465031,130.4510497172025,0.370894849665086,204.01534265245698,0.0,163.06381214650312,0.32612762429300624
2024-01-06 00:45:00,12.273088846533309,181.8471077226648,0.3895246172249073,207.85318693131495,0.0,227.30888465333098,0.454617769306662
2024-01-06 01:00:00,12.905785553152526,232.46284425220205,0.35160405854806864,212.9446581455395,0.0,290.5785553152526,0.5811571106305051
2024-01-06 01:15:00,13.526013285698193,282.08106285585546,0.37949452092053526,219.26790835714564,0.0,352.6013285698194,0.7052026571396387
2024-01-06 01:30:00,14.131110593978804,330.48884751830417,0.3456447314055992,226.7958039592279,0.0,413.11105939788024,0.8262221187957605
2024-01-06 01:45:00,14.718480953746113,377.47847629968896,0.3451304200017021,235.49604210858809,0.0,471.8480953746112,0.9436961907492224
2024-01-06 02:00:00,15.285603908602512,422.84831268820096,0.32926938794578897,245.33128933999484,0.0,528.5603908602512,1.0571207817205024
2024-01-06 02:15:00,15.830045885494766,466.40367083958114,0.36294374937086427,256.2593417672727,0.0,583.0045885494765,1.166009177098953
2024-01-06 02:30:00,16.3494706373839,507.95765099071184,0.3257378325650787,268.2333061837834,0.0,634.9470637383898,1.2698941274767797
2024-01-06 02:45:00,16.841649268280854,547.3319414624685,0.3271396448479991,281.201801285182,0.0,684.1649268280856,1.3683298536561712
2024-01-06 03:00:00,17.304469797629615,584.3575838103693,0.31948888278526316,295.1091781509839,0.0,730.4469797629617,1.4608939595259234
2024-01-06 03:15:00,17.735946222996205,618.8756978396964,0.3405865035096238,309.8957590388372,0.0,773.5946222996205,1.547189244599241
2024-01-06 03:30:00,18.13422704217477,650.7381633739818,0.30251473455340383,325.49809346681184,0.0,813.4227042174773,1.6268454084349546
2024-01-06 03:45:00,18.49760319814193,679.8082558513544,0.2813396015326861,341.84923048484586,0.0,849.7603198141929,1.699520639628386
2024-01-06 04:00:00,18.82451541276618,705.9612330212942,0.30730296784188743,358.879005966982,0.0,882.4515412766178,1.7649030825532357
2024-01-06 04:15:00,19.113560877803785,729.0848702243028,0.2851509344146521,376.51434369163354,0.0,911.3560877803785,1.822712175560757
2024-01-06 04:30:00,19.363499274468758,749.0799419575006,0.2641058922982086,394.679568917893,0.0,936.3499274468758,1.8726998548937515
2024-01-06 04:45:00,19.573258095746727,765.8606476597382,0.28386530230952095,413.2967331123108,0.0,957.3258095746727,1.9146516191493455
2024-01-06 05:00:00,19.741937248614178,779.3549798891344,0.25432725287578717,432.28594843271225,0.0,974.193724861418,1.948387449722836
2024-01-06 05:15:00,19.868812916414523,789.5050333131618,0.24784193805041782,451.5657305337537,0.0,986.8812916414522,1.9737625832829044
2024-01-06 05:30:00,19.953340664817198,796.2672531853759,0.25923468004298583,471.05334822321026,0.0,995.3340664817199,1.9906681329634397
2024-01-06 05:45:00,19.995157778031917,799.6126222425534,0.2335056912959786,490.66517846859006,0.0,999.5157778031917,1.9990315556063833
2024-01-06 06:00:00,19.994084815253096,799.5267852202476,0.2060487860418238,510.3170652307112,5.15853261535559,999.4084815253095,1.998816963050619
2024-01-06 06:15:00,19.95012638065569,796.010110452455,0.1953699506041808,529.9246805844562,14.962340292228069,995.0126380655688,1.9900252761311377
2024-01-06 06:30:00,19.863471103638297,789.0776882910636,0.18799127061398568,549.403886577101,24.701943288550545,986.3471103638295,1.972694220727659
2024-01-06 06:45:00,19.734490829398247,778.7592663518597,0.20237957600944467,568.6710962714681,34.335548135734044,973.4490829398246,1.9468981658796491
2024-01-06 07:00:00,19.563739023312152,765.099121864972,0.18133936701626147,587.6436324246013,43.82181621230066,956.373902331215,1.91274780466243
2024-01-06 07:15:00,19.35194839596865,748.1558716774917,0.17828403267531812,606.2400822628889,53.12004113144444,935.1948395968647,1.8703896791937293
2024-01-06 07:30:00,19.10002775904467,728.0022207235736,0.15741123090515713,624.380646831228,62.190323415613996,910.002775904467,1.820005551808934
2024-01-06 07:45:00,18.8090581255169,704.724650041352,0.1542400601006818,641.9874834171592,70.99374170857962,880.90581255169,1.76181162510338
2024-01-06 08:00:00,18.480288070942716,678.4230456754174,0.14898609610226587,658.9850395805965,79.49251979029826,848.0288070942717,1.6960576141885433
2024-01-06 08:15:00,18.11512837571581,649.2102700572648,0.1582058576369741,675.3003773558023,87.65018867790117,811.512837571581,1.623025675143162
2024-01-06 08:30:00,17.715145971286976,617.2116777029581,0.11618994687982225,690.8634862344308,95.43174311721536,771.5145971286977,1.5430291942573953
2024-01-06 08:45:00,17.282057216327384,582.5645773061908,0.11197557751877231,705.6075835865998,102.80379179329994,728.2057216327386,1.4564114432654771
2024-01-06 09:00:00,16.81772053168688,545.4176425349503,0.11583338297534473,719.4694012308629,109.73470061543144,681.772053168688,1.3635441063373759
2024-01-06 09:15:00,16.32412842575133,505.9302740601063,0.1226158822211659,732.38945692338,116.19472846168996,632.4128425751329,1.2648256851502657
2024-01-06 09:30:00,15.803398944418909,464.27191555351277,0.12626652248408443,744.3123096013085,122.1561548006542,580.3398944418909,1.1606797888837819
2024-01-06 09:45:00,15.257766582384253,420.6213265907403,0.12172118420537346,755.1867972851396,127.59339864256978,525.7766582384254,1.0515533164768507
2024-01-06 10:00:00,14.689572694730566,375.1658155784453,0.10304308043229969,764.966256619128,132.483128309564,468.9572694730566,0.9379145389461132
2024-01-06 10:15:00,14.101255449975273,328.10043599802185,0.09467675174647759,773.6087231077313,136.80436155386565,410.1255449975273,0.8202510899950546
2024-01-06 10:30:00,13.49533936768037,279.6271494144295,0.05951600046837472,781.0771111888503,140.53855559442513,349.5339367680368,0.6990678735360737
2024-01-06 10:45:00,12.874424485523344,229.9539588418675,0.09012126837977372,787.3393733711434,143.66968668557172,287.4424485523344,0.5748848971046687
2024-01-06 11:00:00,12.241175202313364,179.2940161850692,0.10274718216379353,792.3686377525503,146.18431887627517,224.11752023133653,0.44823504046267304
2024-01-06 11:15:00,11.598308844828349,127.86470758626788,0.06544698812824462,796.1433233299192,148.0716616649596,159.83088448283488,0.3196617689656697
2024-01-06 11:30:00,10.948584007533588,75.88672060268706,0.07420295341582246,798.6472326049353,149.32361630246766,94.85840075335884,0.18971680150671766
2024-01-06 11:45:00,10.294788715217218,23.583097217377457,0.08702129041967427,799.8696210889701,149.93481054448506,29.47887152172182,0.058957743043443644
2024-01-06 12:00:00,9.639728459337642,0.0,0.08229459853050233,799.8052434086001,149.9026217043,0.0,0.07205430813247156
2024-01-06 12:15:00,8.98621415941999,0.0,0.08474391513275698,798.4543758139519,149.2271879069759,0.0,0.202757168116002
2024-01-06 12:30:00,8.337050101160276,0.0,0.08984887960832966,795.8228149932897,147.91140749664484,0.0,0.3325899797679449
2024-01-06 12:45:00,7.69502190299595,0.0,0.09636870312431131,791.9218531989316,145.96092659946575,0.0,0.46099561940081
2024-01-06 13:00:00,7.062884562778913,0.0,0.07510386427583832,786.768229791227,143.38411489561346,0.0,0.5874230874442175
2024-01-06 13:15:00,6.443350635844764,0.0,0.0906703294955433,780.384059408535,140.19202970426747,0.0,0.7113298728310471
2024-01-06 13:30:00,5.839078595205825,0.0,0.0764543076715639,772.7967370714196,136.3983685357098,0.0,0.8321842809588351
2024-01-06 13:45:00,5.252661423816374,0.0,0.08057150681796325,764.0388206282764,132.01941031413818,0.0,0.9494677152367252
2024-01-06 14:00:00,4.686615487861254,0.0,0.09067701107861151,754.147891046823,127.07394552341152,0.0,1.0626769024277491
2024-01-06 14:15:00,4.143369738813581,0.0,0.12081545593836815,743.1663911509568,121.58319557547838,0.0,1.171326052237284
2024-01-06 14:30:00,3.6252552905964386,0.0,0.089935946336875,731.1414434949698,115.57072174748494,0.0,1.2749489418807123
2024-01-06 14:45:00,3.1344954165738788,0.0,0.11833488455295127,718.1246481566437,109.06232407832185,0.0,1.3731009166852242
2024-01-06 15:00:00,2.673196009294961,0.0,0.14266029078476378,704.1718613169063,102.08593065845315,0.0,1.4653607981410077
2024-01-06 15:15:00,2.243336543928894,0.0,0.13238904245396815,689.3429555761875,94.67147778809377,0.0,1.5513326912142211
2024-01-06 15:30:00,1.8467615841679716,0.0,0.1581857612202246,673.7015630359754,86.85078151798768,0.0,1.6306476831664056
2024-01-06 15:45:00,1.4851728670471687,0.0,0.15535927619375203,657.3148022480319,78.65740112401596,0.0,1.7029654265905663
2024-01-06 16:00:00,1.1601220006451598,0.0,0.13831983070901227,640.252990202955,70.12649510147749,0.0,1.767975599870968
2024-01-06 16:15:00,0.8730038060013587,0.0,0.15704063587366718,622.5893405939563,61.29467029697814,0.0,1.8253992387997282
2024-01-06 16:30:00,0.6250503318198728,0.0,0.15499025062173313,604.3996496506599,52.19982482532991,0.0,1.8749899336360254
2024-01-06 16:45:00,0.4173255676431076,0.0,0.1993620989487107,585.7619708909972,42.880985445498595,0.0,1.9165348864713785
2024-01-06 17:00:00,0.2507208781817667,0.0,0.1816001152963238,566.7562801868953,33.37814009344765,0.0,1.9498558243636466
2024-01-06 17:15:00,0.1259511783927323,0.0,0.20641104779920788,547.4641325809769,23.73206629048846,0.0,1.9748097643214537
2024-01-06 17:30:00,0.04355186571789105,0.0,0.1988018795143508,527.9683123269049,13.984156163452436,0.0,1.991289626856422
2024-01-06 17:45:00,0.00387652264797822,0.0,0.22550435447848005,508.3524776550766,4.1762388275383024,0.0,1.9992246954704045
2024-01-06 18:00:00,0.00709539946989679,0.0,0.2551493244528455,488.70080178801,0.0,0.0,1.9985809201060207
2024-01-06 18:15:00,0.053194683708186474,0.0,0.2220495157640154,469.09761174585384,0.0,0.0,1.9893610632583627
2024-01-06 18:30:00,0.14197655939554465,0.0,0.24674619594891073,449.6270264919398,0.0,0.0,1.971604688120891
2024-01-06 18:45:00,0.2730600559180356,0.0,0.2721015631149798,430.3725959711236,0.0,0.0,1.945387988816393
2024-01-06 19:00:00,0.44588268279252397,0.0,0.24667981609442444,411.4169425898354,0.0,0.0,1.9108234634414951
2024-01-06 19:15:00,0.6597028433614831,0.0,0.265348670508595,392.8414066762667,0.0,0.0,1.8680594313277035
2024-01-06 19:30:00,0.9136030170474871,0.0,0.2715794021395185,374.7256974420843,0.0,0.0,1.8172793965905025
2024-01-06 19:45:00,1.2064936965124868,0.0,0.30485408957949445,357.14755094338534,0.0,0.0,1.7587012606975028
2024-01-06 20:00:00,1.5371180628268508,0.0,0.3150376793732719,340.1823965086404,0.0,0.0,1.6925763874346298
2024-01-06 20:15:00,1.904057378586785,0.0,0.33619318165886647,323.90303306500067,0.0,0.0,1.6191885242826431
2024-01-06 20:30:00,2.3057370758377367,0.0,0.33686876565555374,308.3793167518819,0.0,0.0,1.5388525848324526
2024-01-06 20:45:00,2.740433512680026,0.0,0.30338111440506005,293.6778611623016,0.0,0.0,1.4519132974639948
2024-01-06 21:00:00,3.2062813695634915,0.0,0.34934325288343526,279.8617514982602,0.0,0.0,1.3587437260873017
2024-01-06 21:15:00,3.7012816535330595,0.0,0.3494182518154469,266.99027386674925,0.0,0.0,1.259743669293388
2024-01-06 21:30:00,4.223310276078295,0.0,0.32941726158705753,255.118660878001,0.0,0.0,1.155337944784341
2024-01-06 21:45:00,4.770127167778687,0.0,0.3334377904388024,244.29785463763915,0.0,0.0,1.0459745664442626
2024-01-06 22:00:00,5.339385890632913,0.0,0.376963203633741,234.57428814975094,0.0,0.0,0.9321228218734174
2024-01-06 22:15:00,5.928643706824716,0.0,0.36591048265688747,225.98968606890054,0.0,0.0,0.8142712586350568
2024-01-06 22:30:00,6.535372060719835,0.0,0.39042998756337544,218.58088565606772,0.0,0.0,0.692925587856033
2024-01-06 22:45:00,7.156967429113881,0.0,0.3757136902238341,212.37967870681928,0.0,0.0,0.5686065141772237
2024-01-06 23:00:00,7.790762493173105,0.0,0.36745034746638117,207.41267512999428,0.0,0.0,0.44184750136537904
2024-01-06 23:15:00,8.434037584127335,0.0,0.39626771008821154,203.70118876231254,0.0,0.0,0.31319248317453285
2024-01-06 23:30:00,9.084032353601042,0.0,0.3753995619001818,201.26114590888034,0.0,0.0,0.1831935292797916
2024-01-06 23:45:00,9.737957618504048,0.0,0.35442647605614697,200.10301700205463,0.0,0.0,0.05240847629919061
2024-01-07 00:00:00,10.393007329654473,31.440586372357842,0.3642330358535901,200.23177167192307,0.0,39.3007329654473,0.0786014659308946
2024-01-07 00:15:00,11.046370612775524,83.70964902204193,0.36848368405386006,201.64685742119656,0.0,104.63706127755242,0.20927412255510483
2024-01-07 00:30:00,11.695243830197164,135.61950641577306,0.38422299379717195,204.34220199602265,0.0,169.52438301971634,0.3390487660394327
2024-01-07 00:45:00,12.336842611504894,186.94740892039147,0.37298202317607276,208.30623944254558,0.0,233.68426115048933,0.4673685223009787
2024-01-07 01:00:00,12.968413801511096,237.47310412088768,0.37616603485395744,213.52195973740203,0.0,296.8413801511096,0.5936827603022192
2024-01-07 01:15:00,13.5872472742791,286.97978194232803,0.3890691679656957,219.96698177918455,0.0,358.72472742791,0.71744945485582
2024-01-07 01:30:00,14.190687562505392,335.25500500043137,0.3766322029016218,227.61364942766227,0.0,419.06875625053925,0.8381375125010785
2024-01-07 01:45:00,14.77614525235629,382.0916201885033,0.33396325508710306,236.4291501786376,0.0,477.6145252356291,0.9552290504712583
2024-01-07 02:00:00,15.341108094864211,427.2886475891369,0.3709187785612779,246.37565596520795,0.0,534.1108094864211,1.0682216189728422
2024-01-07 02:15:00,15.88315178620256,470.65214289620474,0.33655492027941236,257.41048548123183,0.0,588.315178620256,1.176630357240512
2024-01-07 02:30:00,16.39995037058058,511.99602964644646,0.3549264948006085,269.4862873304603,0.0,639.9950370580581,1.279990074116116
2024-01-07 02:45:00,16.889286221118383,551.1428976894705,0.3432241130488829,282.5512432154239,0.0,688.9286221118382,1.3778572442236763
2024-01-07 03:00:00,17.349059555873346,587.9247644698677,0.30968526737955643,296.5492902941743,0.0,734.9059555873346,1.4698119111746693
2024-01-07 03:15:00,17.777297448183845,622.1837958547077,0.29650500072377206,311.42036175072906,0.0,777.7297448183847,1.5554594896367693
2024-01-07 03:30:00,18.172162292666115,653.7729834132892,0.30762829064306413,327.10064454691087,0.0,817.2162292666115,1.634432458533223
2024-01-07 03:45:00,18.53195969053595,682.556775242876,0.31816080893539694,343.52285324954676,0.0,853.195969053595,1.7063919381071901
2024-01-07 04:00:00,18.85514572041866,708.4116576334927,0.2697764210685055,360.61651875801016,0.0,885.5145720418659,1.7710291440837318
2024-01-07 04:15:00,19.14033356344759,731.2266850758074,0.28239161532711454,378.3082906931527,0.0,914.0333563447592,1.8280667126895185
2024-01-07 04:30:00,19.38629945422236,750.9039563377888,0.2832375672618191,396.52225215004603,0.0,938.629945422236,1.877259890844472
2024-01-07 04:45:00,19.591987932090824,767.3590345672659,0.27419900650230045,415.1802454639151,0.0,959.1987932090824,1.9183975864181648
2024-01-07 05:00:00,19.756516370220776,780.521309617662,0.23384662105499016,434.20220759134327,0.0,975.6516370220776,1.9513032740441552
2024-01-07 05:15:00,19.87917876302719,790.3343010421753,0.24086613318400057,453.50651366764004,0.0,987.9178763027192,1.9758357526054382
2024-01-07 05:30:00,19.959448755702486,796.7559004561989,0.2173819790519834,473.01032726610737,0.0,995.9448755702485,1.9918897511404972
2024-01-07 05:45:00,19.996981902849967,799.7585522279975,0.21344401202126984,492.62995585622417,0.0,999.6981902849968,1.9993963805699937
2024-01-07 06:00:00,19.99161714652847,799.3293717222774,0.22015470125015285,512.2812099354451,6.140604967722519,999.1617146528467,1.9983234293056935
2024-01-07 06:15:00,19.94337750736571,795.470200589257,0.22609638128814386,531.8797642935488,15.939882146774382,994.3377507365713,1.9886755014731425
2024-01-07 06:30:00,19.85246998577486,788.1975988619886,0.18257249419779945,551.3415198593201,25.67075992966005,985.2469985774858,1.9704939971549715
2024-01-07 06:45:00,19.71928467369802,777.5427738958417,0.1882722835167906,570.5829645768495,35.29148228842475,971.9284673698021,1.9438569347396042
2024-01-07 07:00:00,19.544393080688437,763.5514464550748,0.16613553693469124,589.5215317629002,44.7607658814501,954.4393080688435,1.908878616137687
2024-01-07 07:15:00,19.32854568151412,746.2836545211297,0.1693922679138634,608.0759544076003,54.03797720380016,932.8545681514121,1.8657091363028242
2024-01-07 07:30:00,19.072668695806573,725.8134956645258,0.14781248355646068,626.1666138981236,63.08330694906178,907.2668695806573,1.8145337391613146
2024-01-07 07:45:00,18.77786011357307,702.2288090858455,0.17619155195224306,643.7158816689671,71.85794083448354,877.7860113573068,1.7555720227146137
2024-01-07 08:00:00,18.445384983627903,675.6307986902323,0.14171116606709744,660.6484523127469,80.32422615637348,844.5384983627903,1.6890769967255805
2024-01-07 08:15:00,18.07666998515974,646.1335988127792,0.13095259514175545,676.8916667221428,88.44583336107138,807.6669985159739,1.6153339970319478
2024-01-07 08:30:00,17.67329730572934,613.863784458347,0.12371285849662329,692.3758238763334,96.18791193816666,767.3297305729338,1.5346594611458677
2024-01-07 08:45:00,17.236997851967562,578.9598281574049,0.09706027371636038,707.0344799340319,103.51723996701593,723.6997851967561,1.4473995703935123
2024-01-07 09:00:00,16.769643822107128,541.5715057685701,0.0951013417828499,720.8047333496861,110.40236667484302,676.9643822107126,1.3539287644214253
2024-01-07 09:15:00,16.27324067222004,501.85925377760327,0.10235447276065274,733.6274947893841,116.81374739469202,627.324067222004,1.2546481344440081
2024-01-07 09:30:00,15.749918510634245,459.99348085073956,0.11804388998436595,745.4477406882347,122.72387034411739,574.9918510634244,1.1499837021268489
2024-01-07 09:45:00,15.201922957456793,416.15383659654344,0.10058402473571312,756.2147493611861,128.10737468059307,520.1922957456793,1.0403845914913585
2024-01-07 10:00:00,14.631605508426109,370.5284406740886,0.07349134969172924,765.8823186541089,132.94115932705444,463.16055084261075,0.9263211016852215
2024-01-07 10:15:00,14.04141344444286,323.3130755554288,0.0738921268005712,774.4089642011877,137.20448210059385,404.141344444286,0.808282688888572
2024-01-07 10:30:00,13.433879330078533,274.7103464062826,0.09760330248643082,781.7580974378791,140.87904871893954,343.38793300785323,0.6867758660157065
2024-01-07 10:45:00,12.811610146124535,224.92881168996277,0.059030052193196375,787.8981826055672,143.94909130278361,281.16101461245347,0.5623220292249069
2024-01-07 11:00:00,12.17727610281462,174.1820882251696,0.0862551628370127,792.8028720742013,146.40143603710064,217.727610281462,0.435455220562924
2024-01-07 11:15:00,11.533599181725037,122.68793453800306,0.09066388688016441,796.451119402223,148.22555970111145,153.35991817250382,0.30671983634500766
2024-01-07 11:30:00,10.883341455518764,70.66731644150114,0.07406366900662564,798.8272696486479,149.41363482432396,88.33414555187643,0.17666829110375287
2024-01-07 11:45:00,10.229293235655781,18.343458852462447,0.07893968992884023,799.9211265497552,149.9605632748776,22.92932356557806,0.045858647131156116
2024-01-07 12:00:00,9.574261098928202,0.0,0.06508230822276011,799.7279962721248,149.86399813606235,0.0,0.0851477802143594
2024-01-07 12:15:00,8.921055844199477,0.0,0.0867939668613606,798.2487075542786,149.12435377713925,0.0,0.21578883116010444
2024-01-07 12:30:00,8.27248043102631,0.0,0.0850041449064713,795.4896081504927,147.74480407524635,0.0,0.34550391379473827
2024-01-07 12:45:00,7.631317951919719,0.0,0.06388172714008769,791.4625375920413,145.73126879602063,0.0,0.47373640961605623
2024-01-07 13:00:00,7.000319689857305,0.0,0.06396767490071929,786.1847763827561,143.09238819137803,0.0,0.599936062028539
2024-01-07 13:15:00,6.382193312292914,0.0,0.10776402200633536,779.6789718469086,139.83948592345425,0.0,0.7235613375414172
2024-01-07 13:30:00,5.779591252324264,0.0,0.11334386202169497,771.9730409476058,135.9865204738029,0.0,0.8440817495351473
2024-01-07 13:45:00,5.195099326875958,0.0,0.11117288607214554,763.1000504927185,131.5500252463593,0.0,0.9609801346248084
2024-01-07 14:00:00,4.631225640737893,0.0,0.12014891373333798,753.098075242379,126.5490376211895,0.0,1.0737548718524215
2024-01-07 14:15:00,4.090389824073685,0.0,0.08612068055668545,742.0100345269375,121.00501726346877,0.0,1.181922035185263
2024-01-07 14:30:00,3.574912649580666,0.0,0.10595495737943861,729.8835080764461,114.94175403822308,0.0,1.2850174700838668
2024-01-07 14:45:00,3.0870060738560117,0.0,0.11435982255858335,716.7705318519721,108.38526592598606,0.0,1.3825987852287978
2024-01-07 15:00:00,2.6287637457020017,0.0,0.1449243079586451,702.7273747548434,101.3636873774217,0.0,1.4742472508595996
2024-01-07 15:15:00,2.202152022100133,0.0,0.12961221736046957,687.8142971719853,93.90714858599269,0.0,1.5595695955799733
2024-01-07 15:30:00,1.8090015304053075,0.0,0.14310576747776962,672.0952923934523,86.04764619672612,0.0,1.6381996939189385
2024-01-07 15:45:00,1.4509993129674434,0.0,0.13998443872898347,655.6378120117517,77.81890600587585,0.0,1.7098001374065113
2024-01-07 16:00:00,1.1296815878886264,0.0,0.14652259374149584,638.5124764812986,69.2562382406493,0.0,1.7740636824222749
2024-01-07 16:15:00,0.8464271569799635,0.0,0.1516603924171426,620.7927720800116,60.39638604000576,0.0,1.8307145686040072
2024-01-07 16:30:00,0.6024514892052277,0.0,0.1676473035229065,602.5547355734155,51.277367786707764,0.0,1.8795097021589544
2024-01-07 16:45:00,0.3988015049996747,0.0,0.18989421710281723,583.8766279343849,41.938313967192464,0.0,1.920239699000065
2024-01-07 17:00:00,0.23635108384502956,0.0,0.19563835929771303,564.8385985186242,32.41929925931211,0.0,1.9527297832309942
2024-01-07 17:15:00,0.11579731437789498,0.0,0.18739134807849867,545.5223411369268,22.76117056846337,0.0,1.976840537124421
2024-01-07 17:30:00,0.037657503122970226,0.0,0.18903365182881865,526.0107435000651,13.005371750032564,0.0,1.992468499375406
2024-01-07 17:45:00,0.002266954686472644,0.0,0.2322416307889516,506.3875315405344,3.1937657702671784,0.0,1.9995466090627054
2024-01-07 18:00:00,0.009777532935448363,0.0,0.21903950676600273,486.73691013742416,0.0,0.0,1.9980444934129105
2024-01-07 18:15:00,0.060157009336936795,0.0,0.2468568577985131,467.1432017860884,0.0,0.0,1.9879685981326125
2024-01-07 18:30:00,0.1531892012533742,0.0,0.2555944553607785,447.69048476311326,0.0,0.0,1.9693621597493252
2024-01-07 18:45:00,0.28847489960074313,0.0,0.23725969084521378,428.462232339249,0.0,0.0,1.9423050200798515
2024-01-07 19:00:00,0.4654335818888722,0.0,0.2718737562083471,409.5409545884731,0.0,0.0,1.9069132836222256
2024-01-07 19:15:00,0.6833059032930393,0.0,0.2669862545225984,391.00784433021346,0.0,0.0,1.8633388193413922
2024-01-07 19:30:00,0.9411569550674841,0.0,0.3062745778202455,372.9424287240234,0.0,0.0,1.811768608986503
2024-01-07 19:45:00,1.2378802763187213,0.0,0.29828680076739056,355.4222280117451,0.0,0.0,1.7524239447362557
2024-01-07 20:00:00,1.5722026019237259,0.0,0.2986702189693581,338.52242287153075,0.0,0.0,1.6855594796152549
2024-01-07 20:15:00,1.942689326219508,0.0,0.3367494404333704,322.3155318111217,0.0,0.0,1.6114621347560982
2024-01-07 20:30:00,2.347750659018377,0.0,0.2980020099760562,306.8710999847472,0.0,0.0,1.5304498681963246
2024-01-07 20:45:00,2.785648447533589,0.0,0.3238960886212422,292.2554007689183,0.0,0.0,1.4428703104932823
2024-01-07 21:00:00,3.2545036349414405,0.0,0.3217303090509677,278.5311513777086,0.0,0.0,1.349099273011712
2024-01-07 21:15:00,3.7523043235746343,0.0,0.33355951218876245,265.7572437378308,0.0,0.0,1.249539135285073
2024-01-07 21:30:00,4.276914408147064,0.0,0.3687428587996001,253.98849177834663,0.0,0.0,1.144617118370587
2024-01-07 21:45:00,4.826082741964104,0.0,0.35905198839024377,243.27539621941503,0.0,0.0,1.0347834516071792
2024-01-07 22:00:00,5.397452796785407,0.0,0.3596605450886213,233.66392786938673,0.0,0.0,0.9205094406429186
2024-01-07 22:15:00,5.9885727748889215,0.0,0.3705011939542495,225.19533036013792,0.0,0.0,0.8022854450222158
2024-01-07 22:30:00,6.596906129944395,0.0,0.38715911330105324,217.90594316712225,0.0,0.0,0.680618774011121
2024-01-07 22:45:00,7.219842451550394,0.0,0.37727497709693675,211.82704567357695,0.0,0.0,0.5560315096899211
2024-01-07 23:00:00,7.85470866672837,0.0,0.39011170473267326,206.9847229480166,0.0,0.0,0.42905826665432606
2024-01-07 23:15:00,8.498780510307112,0.0,0.3562921217958449,203.39975381097616,0.0,0.0,0.3002438979385776
2024-01-07 23:30:00,9.149294214977644,0.0,0.3636544042328014,201.08752167131513,0.0,0.0,0.1701411570044711
2024-01-07 23:45:00,9.803458370854454,0.0,0.35689443918037933,200.05794851469807,0.0,0.0,0.03930832582910907
2024-01-08 00:00:00,10.458465903654085,36.677272292326855,0.36164795147631074,200.3154523275049,0.0,45.846590365408574,0.09169318073081714
2024-01-08 00:15:00,11.111506120090649,88.92048960725188,0.3608590135861566,201.8589281388742,0.0,111.15061200906486,0.2223012240181297
2024-01-08 00:30:00,11.759776768800851,140.78214150406816,0.3922599448443555,204.6817527622277,0.0,175.9776768800852,0.3519553537601704
2024-01-08 00:45:00,12.40049606504402,192.03968520352169,0.37252711771249275,208.7718132159295,0.0,240.0496065044021,0.4800992130088042
2024-01-08 01:00:00,13.030914627578092,242.47317020624735,0.37676430762044544,214.1115587011256,0.0,303.09146275780915,0.6061829255156184
2024-01-08 01:15:00,13.648327276489422,291.8661821191537,0.38280751485433495,220.67807591372087,0.0,364.83272764894207,0.7296654552978842
2024-01-08 01:30:00,14.250084641350922,340.0067713080738,0.3448690486737253,228.44318736732487,0.0,425.0084641350922,0.8500169282701844
2024-01-08 01:45:00,14.833604529896924,386.68836239175397,0.34102771566505446,237.37357230525316,0.0,483.3604529896925,0.966720905979385
2024-01-08 02:00:00,15.396383008430806,431.71064067446457,0.36835080209926,247.4309096827415,0.0,539.6383008430807,1.0792766016861615
2024-01-08 02:15:00,15.936005146418358,474.8804117134687,0.36247893352033667,258.57204260582114,0.0,593.6005146418358,1.1872010292836717
2024-01-08 02:30:00,16.450155379161263,516.012430332901,0.34498562726223014,270.74916352124364,0.0,645.0155379161262,1.2900310758322524
2024-01-08 02:45:00,16.936627444082703,554.9301955266162,0.33066931141035716,283.9100193627687,0.0,693.6627444082702,1.3873254888165405
2024-01-08 03:00:00,17.393333847988817,591.4667078391054,0.30519190065910373,297.9981357735411,0.0,739.3333847988818,1.4786667695977636
2024-01-08 03:15:00,17.818314824680286,625.465185974423,0.30514325697556566,312.9530594423791,0.0,781.8314824680286,1.5636629649360574
2024-01-08 03:30:00,18.209746744476533,656.7797395581224,0.3283870865692672,328.71061751409843,0.0,820.974674447653,1.641949348895306
2024-01-08 03:45:00,18.565949939566472,685.2759951653178,0.2921562116251969,345.2031929607165,0.0,856.5949939566473,1.7131899879132946
2024-01-08 04:00:00,18.885395911606636,710.8316729285308,0.27635142266730534,362.3600147318962,0.0,888.5395911606635,1.777079182321327
2024-01-08 04:15:00,19.166713890638114,733.337111251049,0.28818936202441137,380.1074614395701,0.0,916.6713890638113,1.8333427781276226
2024-01-08 04:30:00,19.408696717177587,752.695737374207,0.2960694572286204,398.369377273606,0.0,940.8696717177588,1.8817393434355176
2024-01-08 04:45:00,19.610306022241808,768.8244817793448,0.290673317261969,417.0673987928955,0.0,961.0306022241809,1.9220612044483618
2024-01-08 05:00:00,19.770676683077617,781.6541346462093,0.2747867156969319,436.1212911895745,0.0,977.0676683077616,1.9541353366155232
2024-01-08 05:15:00,19.889120535477588,791.1296428382069,0.24988382418567673,455.44929258343916,0.0,988.9120535477585,1.9778241070955171
2024-01-08 05:30:00,19.965129326751438,797.210346140115,0.2297607323904894,474.96846486915706,0.0,996.5129326751437,1.9930258653502875
2024-01-08 05:45:00,19.998376896681783,799.8701517345424,0.23095424136303758,494.59504961077215,0.0,999.8376896681781,1.9996753793363562
2024-01-08 06:00:00,19.988720577105422,799.0976461684337,0.22542114802759317,514.2448274562965,7.122413728148247,998.8720577105421,1.9977441154210842
2024-01-08 06:15:00,19.93620180411468,794.8961443291744,0.21538071068061565,533.8334795301539,16.916739765076926,993.6201804114679,1.9872403608229359
2024-01-08 06:30:00,19.84104594025157,787.2836752201252,0.19062305485370187,553.2769492526767,26.63847462633835,984.1045940251566,1.9682091880503132
2024-01-08 06:45:00,19.703661307457864,776.292904596629,0.16701670786410036,572.4918030340712,36.245901517035584,970.3661307457862,1.9407322614915725
2024-01-08 07:00:00,19.524637434930778,761.9709947944622,0.19934102540360282,591.3955882950793,45.69779414753966,952.4637434930777,1.9049274869861554
2024-01-08 07:15:00,19.304742529402795,744.3794023522236,0.17779616287597463,609.9071872780414,54.95359363902068,930.4742529402795,1.860948505880559
2024-01-08 07:30:00,19.044920178700956,723.5936142960767,0.17513657240697725,627.9471651301242,63.973582565062095,904.4920178700958,1.8089840357401916
2024-01-08 07:45:00,18.746285302730875,699.7028242184698,0.13978197712012902,645.4381107650618,72.7190553825309,874.6285302730873,1.7492570605461746
2024-01-08 08:00:00,18.410119369260144,672.8095495408116,0.12362532862314234,662.3049690407403,81.15248452037012,841.0119369260145,1.682023873852029
2024-01-08 08:15:00,18.0378648950307,643.029191602456,0.14086925531124056,678.4753628272251,89.23768141361255,803.78648950307,1.60757297900614
2024-01-08 08:30:00,17.631119255796243,610.4895404636994,0.11938004676952617,693.879903583208,96.93995179160402,763.1119255796243,1.5262238511592485
2024-01-08 08:45:00,17.191627831846247,575.3302265476997,0.10827891023922381,708.4524891081727,104.22624455408634,719.1627831846246,1.4383255663692491
2024-01-08 09:00:00,16.721276518430265,537.7021214744212,0.10164980975114593,722.1305871925746,111.06529359628729,672.1276518430265,1.344255303686053
2024-01-08 09:15:00,16.222083633220123,497.76669065760973,0.11453719704899357,734.855503948902,117.42775197445096,622.2083633220121,1.2444167266440243
2024-01-08 09:30:00,15.696191255536382,455.6953004429106,0.12550362927072686,746.5726356721598,123.28631783607986,569.6191255536382,1.1392382511072765
2024-01-08 09:45:00,15.14585603450297,411.6684827602376,0.11301728156735794,757.2317031490331,128.61585157451654,514.5856034502971,1.029171206900594
2024-01-08 10:00:00,14.573439505572974,365.87516044583805,0.10328667544172257,766.7869674102876,133.39348370514378,457.34395055729755,0.9146879011145951
2024-01-08 10:15:00,13.981397956978258,318.5118365582606,0.06390558477223189,775.1974260005939,137.5987130002969,398.1397956978258,0.7962795913956515
2024-01-08 10:30:00,13.372271889586784,269.78175116694274,0.07959675673615965,782.4269889235666,141.21349446178328,337.2271889586784,0.6744543779173569
2024-01-08 10:45:00,12.748675115396349,219.89400923170797,0.09136149375621366,788.4446335070228,144.2223167535114,274.86751153963496,0.5497350230792699
2024-01-08 11:00:00,12.113283541443973,169.0626833155178,0.07166192851950426,793.2245375239182,146.61226876195911,211.32835414439728,0.42265670828879454
2024-01-08 11:15:00,11.468823687260178,117.50589498081425,0.056809797894209174,796.7461899977302,148.37309499886513,146.8823687260178,0.29376473745203563
2024-01-08 11:30:00,10.81806098514074,65.44487881125919,0.08407869201110985,798.9944792168101,149.49723960840504,81.80609851407398,0.16361219702814797
2024-01-08 11:45:00,10.1637879134405,13.103033075239908,0.0676235042320194,799.959757580029,149.97987879001448,16.378791344049887,0.03275758268809977
2024-01-08 12:00:00,9.508812013809875,0.0,0.10008156800666093,799.6378829954588,149.8189414977294,0.0,0.09823759723802519
2024-01-08 12:15:00,8.855943843794194,0.0,0.07982250490450782,798.0302366544423,149.01511832722116,0.0,0.2288112312411611
2024-01-08 12:30:00,8.20798491649086,0.0,0.08833333123237247,795.143717104783,147.57185855239155,0.0,0.35840301670182795
2024-01-08 12:45:00,7.567715679017356,0.0,0.0579473067090084,790.9907106484877,145.49535532424383,0.0,0.4864568641965288
2024-01-08 13:00:00,6.937883581375113,0.0,0.08159526899950113,785.5890381910854,142.79451909554268,0.0,0.6124232837249773
2024-01-08 13:15:00,6.321191286906818,0.0,0.09662555244580759,778.9618787705999,139.48093938529993,0.0,0.7357617426186364
2024-01-08 13:30:00,5.720285074937096,0.0,0.08975653821953815,771.1376700943167,135.5688350471584,0.0,0.8559429850125808
2024-01-08 13:45:00,5.137743485361837,0.0,0.09608337959635121,762.1499865101523,131.07499325507612,0.0,0.9724513029276326
2024-01-08 14:00:00,4.576066253913197,0.0,0.10307311895246486,752.0373949362571,126.01869746812856,0.0,1.0847867492173606
2024-01-08 14:15:00,4.037663585579997,0.0,0.1257406873659104,740.8432893670763,120.42164468353818,0.0,1.1924672828840006
2024-01-08 14:30:00,3.5248458122121953,0.0,0.1305395420797214,728.6157046660111,114.30785233300556,0.0,1.295030837557561
2024-01-08 14:45:00,3.0398134786895774,0.0,0.13375676810790332,715.4071104437178,107.70355522185888,0.0,1.3920373042620846
2024-01-08 15:00:00,2.584647900195457,0.0,0.10807333699182466,701.2741859065193,100.63709295325965,0.0,1.4830704199609086
2024-01-08 15:15:00,2.161302231115724,0.0,0.11801043381443753,686.2775766410975,93.1387883205488,0.0,1.5677395537768553
2024-01-08 15:30:00,1.7715930838862786,0.0,0.1217899705734146,670.4816343790933,85.24081718954668,0.0,1.6456813832227444
2024-01-08 15:45:00,1.4171927337539199,0.0,0.15877008775790696,653.9541408583293,76.97707042916463,0.0,1.7165614532492162
2024-01-08 16:00:00,1.0996219429003808,0.0,0.148217468555363,636.7660169655818,68.3830084827909,0.0,1.7800756114199237
2024-01-08 16:15:00,0.8202434347218865,0.0,0.14350852481193807,618.9910184089966,59.4955092044983,0.0,1.8359513130556226
2024-01-08 16:30:00,0.5802560462666158,0.0,0.17725514972589232,600.7054192260433,50.35270961302167,0.0,1.8839487907466768
2024-01-08 16:45:00,0.38068958392251595,0.0,0.1990992585644622,581.9876844851042,40.99384224255212,0.0,1.9238620832154967
2024-01-08 17:00:00,0.22240040443010045,0.0,0.20541150417251183,562.9181335851617,31.459066792580856,0.0,1.95551991911398
2024-01-08 17:15:00,0.1060677401825032,0.0,0.2190041470159721,543.5785955983949,21.789297799197477,0.0,1.9787864519634992
2024-01-08 17:30:00,0.03219078458126923,0.0,0.19299127982218617,524.05205813464,12.02602906731998,0.0,1.9935618430837463
2024-01-08 17:45:00,0.0010865499547882962,0.0,0.2192652087113662,504.4223112344653,2.2111556172326754,0.0,1.9997826900090423
2024-01-08 18:00:00,0.012888507231332724,0.0,0.22302658173323986,484.77358781895157,0.0,0.0,1.9974222985537335
2024-01-08 18:15:00,0.06754601320389142,0.0,0.21783925184542954,465.1902022390214,0.0,0.0,1.9864907973592218
2024-01-08 18:30:00,0.16482452784449997,0.0,0.23277621275874302,445.7561884753691,0.0,0.0,1.9670350944311001
2024-01-08 18:45:00,0.30430662073553805,0.0,0.2845419433154478,426.55493954146095,0.0,0.0,1.9391386758528926
2024-01-08 19:00:00,0.48539376229931364,0.0,0.2683637389260401,407.66884963699215,0.0,0.0,1.9029212475401374
2024-01-08 19:15:00,0.7073088921396238,0.0,0.28975623478042095,389.1789605873356,0.0,0.0,1.8585382215720752
2024-01-08 19:30:00,0.9690997534742998,0.0,0.3131435887061869,371.1646140861459,0.0,0.0,1.8061800493051399
2024-01-08 19:45:00,1.269642979350424,0.0,0.3217022545437548,353.7031112333723,0.0,0.0,1.7460714041299152
2024-01-08 20:00:00,1.6076489131078961,0.0,0.2880074440953537,336.86938082963496,0.0,0.0,1.6784702173784207
2024-01-08 20:15:00,1.9816671424063532,0.0,0.30627688695030447,320.7356578503395,0.0,0.0,1.6036665715187293
2024-01-08 20:30:00,2.3900927230684452,0.0,0.33268579782592794,305.37117347922594,0.0,0.0,1.521981455386311
2024-01-08 20:45:00,2.831173066032414,0.0,0.3490292164734847,290.84185803144396,0.0,0.0,1.4337653867935172
2024-01-08 21:00:00,3.3030154578614503,0.0,0.32962399992803976,277.21005804093977,0.0,0.0,1.33939690842771
2024-01-08 21:15:00,3.8035951825389667,0.0,0.34913838998169244,264.5342687261457,0.0,0.0,1.2392809634922066
2024-01-08 21:30:00,4.3307642096977075,0.0,0.3661303867968385,252.8688829820093,0.0,0.0,1.1338471580604585
2024-01-08 21:45:00,4.8822604120017745,0.0,0.3594442840991844,242.26395797542784,0.0,0.0,1.0235479175996451
2024-01-08 22:00:00,5.455717272128256,0.0,0.3552885006797049,232.76500034567,0.0,0.0,0.9088565455743489
2024-01-08 22:15:00,6.048674037695242,0.0,0.3389842461241248,224.4127709314987,0.0,0.0,0.7902651924609516
2024-01-08 22:30:00,6.658586280560543,0.0,0.3439013144592477,217.24310986292926,0.0,0.0,0.6682827438878913
2024-01-08 22:45:00,7.282836815180238,0.0,0.3509649193775737,211.2867827681697,0.0,0.0,0.5434326369639524
2024-01-08 23:00:00,7.91874692917545,0.0,0.38289186603212927,206.56934875568135,0.0,0.0,0.4162506141649101
2024-01-08 23:15:00,8.563587877916026,0.0,0.3946882623850098,203.1110507378607,0.0,0.0,0.28728242441679486
2024-01-08 23:30:00,9.21459259379689,0.0,0.39885089718609806,200.92672856697283,0.0,0.0,0.1570814812406221
2024-01-08 23:45:00,9.868967559961543,0.0,0.35976126144791687,200.02575535607758,0.0,0.0,0.026206488007691257
2024-01-09 00:00:00,10.523904797521505,41.912383801720324,0.39106260664287457,200.4119972582003,0.0,52.390479752150405,0.10478095950430082
2024-01-09 00:15:00,11.176593914833903,94.12751318671222,0.37376110804850626,202.08379687633925,0.0,117.65939148339028,0.23531878296678055
2024-01-09 00:30:00,11.824234167131717,145.9387333705373,0.3599265725222287,205.0339803754975,0.0,182.42341671317163,0.3648468334263433
2024-01-09 00:45:00,12.464046474759137,197.12371798073087,0.38088660463543433,209.2498882662219,0.0,246.40464747591358,0.4928092949518272
2024-01-09 01:00:00,13.09328534843974,247.46282787517907,0.35902942565589274,214.7134297275539,0.0,309.32853484397384,0.6186570696879476
2024-01-09 01:15:00,13.709250670405542,296.74005363244333,0.36596629217872684,221.40116023628786,0.0,370.92506704055415,0.7418501340811083
2024-01-09 01:30:00,14.30929928083304,344.74394246664315,0.3557268398496275,229.2843821694234,0.0,430.92992808330393,0.8618598561666079
2024-01-09 01:45:00,14.890856319867831,391.26850558942647,0.335107292945776,238.32926794811738,0.0,489.08563198678314,0.9781712639735662
2024-01-09 02:00:00,15.451426276568249,436.1141021254599,0.34758375527600405,248.49700519471486,0.0,545.1426276568249,1.0902852553136497
2024-01-09 02:15:00,15.98860369735602,479.0882957884815,0.35020138122211486,259.7439632799779,0.0,598.8603697356018,1.1977207394712037
2024-01-09 02:30:00,16.50008350802308,520.0066806418466,0.3338672820182918,272.02188054584303,0.0,650.0083508023082,1.3000167016046165
2024-01-09 02:45:00,16.98367090500197,558.6936724001575,0.3084128512933586,285.2780714003196,0.0,698.3670905001969,1.396734181000394
2024-01-09 03:00:00,17.43729077345542,594.9832618764336,0.31910499125683334,299.4556523958664,0.0,743.729077345542,1.4874581546910841
2024-01-09 03:15:00,17.858996591771405,628.7197273417123,0.2991278055182821,314.49378632112325,0.0,785.8996591771404,1.5717993183542809
2024-01-09 03:30:00,18.246978784253848,659.7583027403076,0.2994522990414354,330.32794325858947,0.0,824.6978784253846,1.6493957568507691
2024-01-09 03:45:00,18.599572486166267,687.9657988933012,0.3188846946919633,346.89017748800336,0.0,859.9572486166264,1.719914497233253
2024-01-09 04:00:00,18.915264687808794,713.2211750247036,0.30048348120180035,364.10941904723956,0.0,891.5264687808794,1.783052937561759
2024-01-09 04:15:00,19.19270072697202,735.4160581577619,0.2913550304974696,381.91177869958676,0.0,919.2700726972023,1.8385401453944046
2024-01-09 04:30:00,19.430690101908272,754.4552081526617,0.26616496440660026,400.2208649987758,0.0,943.0690101908273,1.8861380203816545
2024-01-09 04:45:00,19.628211579876314,770.256926390105,0.2674778313341703,418.95811209120194,0.0,962.8211579876313,1.9256423159752627
2024-01-09 05:00:00,19.78441757933831,782.753406347065,0.2534033816756911,438.0431168487155,0.0,978.4417579338312,1.9568835158676625
2024-01-09 05:15:00,19.898637807004626,791.8910245603698,0.25059585747137586,457.39398388531396,0.0,989.8637807004624,1.9797275614009247
2024-01-09 05:30:00,19.97038213411956,797.6305707295649,0.2502630374079775,476.9276769772407,0.0,997.0382134119561,1.9940764268239122
2024-01-09 05:45:00,19.999342699645773,799.9474159716618,0.22634798940721504,496.5603753785152,0.0,999.9342699645772,1.9998685399291545
2024-01-09 06:00:00,19.985395231322244,798.8316185057797,0.2163339990765987,516.2078335029157,8.103916751457852,998.5395231322246,1.9970790462644492
2024-01-09 06:15:00,19.928599578927212,794.2879663141771,0.20135906698908324,535.7857424289855,17.892871214492715,992.8599578927214,1.9857199157854426
2024-01-09 06:30:00,19.829199457457605,786.3359565966084,0.19290694760100244,555.2100916768261,27.60504583841305,982.9199457457605,1.965839891491521
2024-01-09 06:45:00,19.687621401327217,775.0097121061773,0.19735311502501857,574.3975297042323,37.19876485211611,968.7621401327217,1.9375242802654433
2024-01-09 07:00:00,19.504472934071075,760.3578347256858,0.16680684783237137,593.2657215752886,46.6328607876443,950.4472934071073,1.9008945868142146
2024-01-09 07:15:00,19.280539961410042,742.4431969128034,0.18483185680749573,611.7337022666127,55.866851133306334,928.0539961410043,1.8561079922820085
2024-01-09 07:30:00,19.016783398862234,721.3426719089787,0.1629393819991954,629.7222240951875,64.86111204759374,901.6783398862234,1.8033566797724467
2024-01-09 07:45:00,18.71433504837242,697.1468038697938,0.1432347525647978,647.1540967769402,73.57704838847009,871.4335048372421,1.7428670096744843
2024-01-09 08:00:00,18.37449274165319,669.9594193322552,0.14143323757852969,663.9545186568461,81.97725932842305,837.4492741653189,1.6748985483306378
2024-01-09 08:15:00,17.998714771078177,639.8971816862539,0.15510269918928443,680.0513976892212,90.02569884461057,799.8714771078174,1.599742954215635
2024-01-09 08:30:00,17.5886136320249,607.089090561992,0.12660193744264434,695.3756607908496,97.68783039542478,758.8613632024899,1.5177227264049797
2024-01-09 08:45:00,17.14594910351933,571.6759282815465,0.14273198830222567,709.8615502394852,104.93077511974259,714.5949103519331,1.4291898207038662
2024-01-09 09:00:00,16.672620696873736,533.8096557498989,0.09954988333389196,723.446905845856,111.72345292292803,667.2620696873736,1.3345241393747471
2024-01-09 09:15:00,16.170659504721343,493.65276037770747,0.10937120914519985,736.0734316883472,118.03671584417363,617.0659504721343,1.2341319009442686
2024-01-09 09:30:00,15.642219485424384,451.3775588339507,0.09297308429840588,747.6869462657802,123.8434731328901,564.2219485424383,1.1284438970848767
2024-01-09 09:45:00,15.089568220254497,407.16545762035975,0.07202781878195892,758.2376149948682,129.11880749743412,508.9568220254497,1.0179136440508993
2024-01-09 10:00:00,14.515077183008094,361.20617464064753,0.10880491640116069,767.6801640546636,133.8400820273318,451.50771830080936,0.9030154366016188
2024-01-09 10:15:00,13.921211563809464,313.69692510475716,0.09782458163054861,775.9740746603966,137.98703733019826,392.1211563809464,0.7842423127618928
2024-01-09 10:30:00,13.310519690769382,264.84157526155053,0.08048436988040333,783.0837569330414,141.5418784665207,331.0519690769382,0.6621039381538764
2024-01-09 10:45:00,12.685622094891459,214.84976759131672,0.09871876666221674,788.978702618528,144.489351309264,268.5622094891459,0.5371244189782918
2024-01-09 11:00:00,12.049200265149715,163.93602121197722,0.09636265627744872,793.6336160012665,146.81680800063327,204.9200265149715,0.40984005302994303
2024-01-09 11:15:00,11.40398514199029,112.31881135922319,0.08944561526355674,797.0285224502243,148.51426122511214,140.398514199029,0.280797028398058
2024-01-09 11:30:00,10.75274539863266,60.21963189061288,0.07185769002374987,799.1488541317743,149.57442706588716,75.2745398632661,0.1505490797265322
2024-01-09 11:45:00,10.098275560456308,7.862044836504708,0.055086405858933464,799.9855125215138,149.9927562607569,9.827556045630885,0.01965511209126177
2024-01-09 12:00:00,9.443384013453555,0.0,0.060194194778705974,799.5349074468097,149.76745372340486,0.0,0.11132319730928911
2024-01-09 12:15:00,8.790880953205322,0.0,0.10065027334949579,797.7989724925366,148.89948624626828,0.0,0.2418238093589354
2024-01-09 12:30:00,8.143566326091879,0.0,0.0759744320275913,794.7851567038986,147.3925783519493,0.0,0.37128673478162444
2024-01-09 12:45:00,7.5042178144834,0.0,0.08285872592197217,790.5063926219392,145.2531963109696,0.0,0.4991564371033198
2024-01-09 13:00:00,6.875578917468042,0.0,0.08229282770079398,784.981040788904,142.490520394452,0.0,0.6248842165063916
2024-01-09 13:15:00,6.260347178262653,0.0,0.0661211124099261,778.2328109615845,139.11640548079225,0.0,0.7479305643474694
2024-01-09 13:30:00,5.661162608824438,0.0,0.11480503176605794,770.2906603707263,135.14533018536315,0.0,0.8677674782351125
2024-01-09 13:45:00,5.0805963613340905,0.0,0.10506053578313079,761.1886694630774,130.5943347315387,0.0,0.9838807277331819
2024-01-09 14:00:00,4.521139695162111,0.0,0.1044330346330302,750.9658956592801,125.48294782964005,0.0,1.0957720609675778
2024-01-09 14:15:00,3.985193286661998,0.0,0.0953059507328437,739.6662057551416,119.8331028775708,0.0,1.2029613426676005
2024-01-09 14:30:00,3.475056927662906,0.0,0.0941568407818,727.3380876854653,113.66904384273268,0.0,1.3049886144674188
2024-01-09 14:45:00,2.9929196568664187,0.0,0.13645206295977827,714.0344424581801,107.0172212290901,0.0,1.4014160686267163
2024-01-09 15:00:00,2.5408503664944506,0.0,0.12207499629750426,699.8123571515956,99.90617857579781,0.0,1.49182992670111
2024-01-09 15:15:00,2.120788924495961,0.0,0.15759145330231117,684.732859948871,92.36642997443553,0.0,1.5758422151008078
2024-01-09 15:30:00,1.7345378504078468,0.0,0.11714909733576381,668.8606582608681,84.43032913043405,0.0,1.6530924299184306
2024-01-09 15:45:00,1.3837545805896418,0.0,0.14216048101074139,652.2638610611237,76.13193053056186,0.0,1.7232490838820715
2024-01-09 16:00:00,1.0699443560223436,0.0,0.14051865585976392,635.0136866244184,67.50684331220918,0.0,1.7860111287955314
2024-01-09 16:15:00,0.7944537631909778,0.0,0.1804558668537165,617.1841569230852,58.59207846154258,0.0,1.8411092473618045
2024-01-09 16:30:00,0.558464955766798,0.0,0.17966180897593992,598.8517799923949,49.42588999619743,0.0,1.8883070088466403
2024-01-09 16:45:00,0.3629905818849153,0.0,0.2008514396427621,580.0952216280418,40.04761081402092,0.0,1.927401883623017
2024-01-09 17:00:00,0.20886943878462816,0.0,0.20822130276324863,560.9949678244936,30.49748391224681,0.0,1.9582261122430742
2024-01-09 17:15:00,0.09676287345881107,0.0,0.21635773719964155,541.632979402712,20.816489701355984,0.0,1.9806474253082378
2024-01-09 17:30:00,0.027151944757454416,0.0,0.23267666587166774,522.0923403092677,11.046170154633815,0.0,1.9945696110485092
2024-01-09 17:45:00,0.0003353591230457198,0.0,0.2268379478052442,502.4569010960271,1.228450548013535,0.0,1.9999329281753908
2024-01-09 18:00:00,0.016428188815705624,0.0,0.258569890655038,482.81091911027033,0.0,0.0,1.996714362236859
2024-01-09 18:15:00,0.07536137812827626,0.0,0.2558346401656917,463.23869693921506,0.0,0.0,1.9849277243743448
2024-01-09 18:30:00,0.1768820397102786,0.0,0.27341704051825366,443.8242206604121,0.0,0.0,1.9646235920579445
2024-01-09 18:45:00,0.32055453972910186,0.0,0.2389914769679482,424.6507994503133,0.0,0.0,1.9358890920541796
2024-01-09 19:00:00,0.5057623672120855,0.0,0.248793578223149,405.800708097469,0.0,0.0,1.898847526557583
2024-01-09 19:15:00,0.7317107795476634,0.0,0.2832041043256099,387.35483395439377,0.0,0.0,1.8536578440904672
2024-01-09 19:30:00,0.9974302127938888,0.0,0.27503993020106876,369.39232984301725,0.0,0.0,1.8005139574412221
2024-01-09 19:45:00,1.3017804421601173,0.0,0.30515815262977247,351.99027440316485,0.0,0.0,1.7396439115679765
2024-01-09 20:00:00,1.6434554748090129,0.0,0.2940080992585507,335.2233413415288,0.0,0.0,1.6713089050381973
2024-01-09 20:15:00,2.020989153983388,0.0,0.2992849706538145,319.16347900041274,0.0,0.0,1.5958021692033224
2024-01-09 20:30:00,2.4327614504101183,0.0,0.3450226042815039,303.87960162124756,0.0,0.0,1.5134477099179764
2024-01-09 20:45:00,2.877005413984164,0.0,0.3299323331710897,289.43729362769386,0.0,0.0,1.4245989172031672
2024-01-09 21:00:00,3.3518147559024367,0.0,0.31936969509182345,275.89852819727645,0.0,0.0,1.3296370488195126
2024-01-09 21:15:00,3.8551520287119247,0.0,0.3238180969650163,263.3214013291845,0.0,0.0,1.228969594257615
2024-01-09 21:30:00,4.384857369170785,0.0,0.3364216225894815,251.75988254937567,0.0,0.0,1.123028526165843
2024-01-09 21:45:00,4.938657766406054,0.0,0.36049492000758765,241.26358332272923,0.0,0.0,1.0122684467187892
2024-01-09 22:00:00,5.514176815597437,0.0,0.35537702919513525,231.87754416601234,0.0,0.0,0.8971646368805127
2024-01-09 22:15:00,6.108944915333682,0.0,0.35320511169937824,223.64204137517038,0.0,0.0,0.7782110169332636
2024-01-09 22:30:00,6.720409864882864,0.0,0.36973727761161485,216.59241419630627,0.0,0.0,0.6559180270234273
2024-01-09 22:45:00,7.345947815904017,0.0,0.382729678424865,210.75891318195175,0.0,0.0,0.5308104368191965
2024-01-09 23:00:00,7.982874531604493,0.0,0.36839395255264584,206.16657038336308,0.0,0.0,0.40342509367910134
2024-01-09 23:15:00,8.628456905029367,0.0,0.3503346502276936,202.83509193585041,0.0,0.0,0.2743086189941268
2024-01-09 23:30:00,9.279924687056893,0.0,0.3862066034499888,200.77877349806738,0.0,0.0,0.14401506258862162
2024-01-09 23:45:00,9.934482373774175,0.0,0.3896643094823966,200.00643890811864,0.0,0.0,0.013103525245165023
2024-01-10 00:00:00,10.5893212022233,47.145696177863925,0.36592781489112813,200.52140231971651,0.0,58.93212022232991,0.11786424044465982
2024-01-10 00:15:00,11.241631203043157,99.33049624345257,0.3654006956000277,202.3214539808643,0.0,124.16312030431571,0.24832624060863143
2024-01-10 00:30:00,11.888613258288057,151.08906066304456,0.3500715729740027,205.39886971609093,0.0,188.86132582880572,0.37772265165761143
2024-01-10 00:45:00,12.527491112681979,202.19928901455836,0.34621327259771995,209.7404440715477,0.0,252.74911126819794,0.5054982225363959
2024-01-10 01:00:00,13.155523286767096,252.44186294136773,0.3768909101865898,215.32754698073853,0.0,315.5523286767097,0.6311046573534194
2024-01-10 01:15:00,13.770014840826626,301.60118726613,0.34666624078784797,222.13620370772946,0.0,377.0014840826625,0.754002968165325
2024-01-10 01:30:00,14.36832893910099,349.46631512807926,0.36405090011440633,230.1371977247852,0.0,436.83289391009913,0.8736657878201982
2024-01-10 01:45:00,14.947898164675639,395.831853174051,0.33858975694059873,239.29619608298833,0.0,494.78981646756375,0.9895796329351275
2024-01-10 02:00:00,15.506235536486288,440.49884291890305,0.3256225158652813,249.5738967378557,0.0,550.6235536486288,1.1012471072972576
2024-01-10 02:15:00,16.04094518116718,483.2756144933744,0.3330691742164765,260.9261971977693,0.0,604.094518116718,1.208189036233436
2024-01-10 02:30:00,16.549732613948372,523.9786091158697,0.35922485171788476,273.30438377153587,0.0,654.9732613948371,1.3099465227896743
2024-01-10 02:45:00,17.030414584485932,562.4331667588746,0.3481439619303027,286.6553406029977,0.0,703.0414584485932,1.4060829168971865
2024-01-10 03:00:00,17.480928445375696,598.4742756300557,0.33367184099479813,300.9217775957097,0.0,748.0928445375696,1.4961856890751393
2024-01-10 03:15:00,17.899341003149505,631.9472802519604,0.29622832452927805,316.04247624963784,0.0,789.9341003149505,1.579868200629901
2024-01-10 03:30:00,18.283856813773546,662.7085451018837,0.30084557789396926,331.9525523549733,0.0,828.3856813773547,1.6567713627547094
2024-01-10 03:45:00,18.632825887052107,690.6260709641684,0.30601395708170004,348.58373441582023,0.0,863.2825887052106,1.7265651774104211
2024-01-10 04:00:00,18.944750766876467,715.5800613501173,0.2817935742120374,365.86465660901774,0.0,894.4750766876466,1.7889501533752932
2024-01-10 04:15:00,19.218292956936978,737.4634365549584,0.27705336288815524,383.7211650209825,0.0,921.829295693698,1.843658591387396
2024-01-10 04:30:00,19.452278664325213,756.1822931460171,0.26149696547894613,402.07663584849513,0.0,945.2278664325213,1.8904557328650426
2024-01-10 04:45:00,19.645703836379422,771.6563069103537,0.25239198990666994,420.8523041979751,0.0,964.5703836379421,1.9291407672758842
2024-01-10 05:00:00,19.797738469160425,783.8190775328341,0.2688587757518421,439.96760207237594,0.0,979.7738469160425,1.959547693832085
2024-01-10 05:15:00,19.907730169069403,792.6184135255521,0.23162206776477687,459.34050409534257,0.0,990.7730169069401,1.9815460338138804
2024-01-10 05:30:00,19.975206952324548,798.016556185964,0.2445047132784764,478.8878794891091,0.0,997.5206952324551,1.99504139046491
2024-01-10 05:45:00,19.99987927028383,799.9903416227065,0.21320082464161078,498.52584879576875,0.0,999.9879270283832,1.9999758540567663
2024-01-10 06:00:00,19.981641251922923,798.5313001538339,0.20465874388455568,518.1701438111946,9.085071905597301,998.1641251922923,1.9963282503845847
2024-01-10 06:15:00,19.920571158136838,793.6456926509469,0.23105998861716875,537.7364691871028,18.86823459355137,992.0571158136836,1.9841142316273672
2024-01-10 06:30:00,19.816931045915723,785.3544836732577,0.18606972669526292,557.1408641495941,28.570432074797043,981.6931045915723,1.9633862091831444
2024-01-10 06:45:00,19.671165643835945,773.6932515068756,0.19680986633741926,576.3000627820086,38.15003139100428,967.1165643835946,1.934233128767189
2024-01-10 07:00:00,19.48390044369176,758.7120354953407,0.16611779999183446,595.1318513260876,47.5659256630438,948.3900443691758,1.8967800887383517
2024-01-10 07:15:00,19.2559390164566,740.4751213165283,0.16114068848614863,613.555420968233,56.77771048411649,925.5939016456604,1.8511878032913207
2024-01-10 07:30:00,18.988259564091305,719.0607651273043,0.16647446984129635,631.4917145970381,65.74585729851907,898.8259564091304,1.7976519128182609
2024-01-10 07:45:00,18.68201072199603,694.5608577596822,0.14393921151019573,648.8637660440958,74.43188302204787,868.2010721996028,1.7364021443992055
2024-01-10 08:00:00,18.338506630117543,667.0805304094034,0.15602908012537142,665.5970303524101,82.79851517620507,833.8506630117542,1.6677013260235085
2024-01-10 08:15:00,17.959221293862463,636.737703508997,0.11117446343607844,681.6197036551748,90.80985182758742,795.9221293862463,1.5918442587724926
2024-01-10 08:30:00,17.545782259014103,603.6625807211284,0.14090005064656896,696.8630312922999,98.4315156461499,754.5782259014105,1.509156451802821
2024-01-10 08:45:00,17.09996362779448,567.9970902235583,0.12211283481553281,711.261602842532,105.63080142126603,709.9963627794478,1.4199927255588958
2024-01-10 09:00:00,16.623678446040074,529.894275683206,0.1268045556280819,724.7536328051619,112.37681640258094,662.3678446040076,1.324735689208015
2024-01-10 09:15:00,16.118970494158738,489.517639532699,0.10780414203993743,737.2812257268854,118.64061286344268,611.8970494158738,1.2237940988317475
2024-01-10 09:30:00,15.588005517093315,447.0404413674651,0.12202835877562666,748.7906246361407,124.39531231807034,558.8005517093314,1.1176011034186628
2024-01-10 09:45:00,15.033061930925069,402.64495447400554,0.1152390982729573,759.2324417188662,129.6162208594331,503.30619309250693,1.0066123861850138
2024-01-10 10:00:00,14.456521045995615,356.52168367964924,0.08110806019503183,768.5618702458303,134.28093512291514,445.65210459956154,0.8913042091991231
2024-01-10 10:15:00,13.860856848500784,308.8685478800628,0.06263024953205637,776.7388768421351,138.3694384210676,386.0856848500785,0.772171369700157
2024-01-10 10:30:00,13.248625384404555,259.8900307523644,0.08822352942137227,783.7283732738451,141.86418663692257,324.86253844045547,0.649725076880911
2024-01-10 10:45:00,12.622453791227166,209.79630329817329,0.058281190112031714,789.5003670146039,144.75018350730195,262.2453791227166,0.5244907582454332
2024-01-10 11:00:00,11.985029024773965,158.80232198191715,0.08356476085309811,794.030089946122,147.015044973061,198.50290247739645,0.3970058049547929
2024-01-10 11:15:00,11.339086329178208,107.12690633425659,0.07747454141309723,797.2981046402872,148.64905232014362,133.90863291782074,0.26781726583564147
2024-01-10 11:30:00,10.687397499734859,54.99179997878871,0.0975899786534848,799.290387766835,149.64519388341753,68.73974997348589,0.13747949994697178
2024-01-10 11:45:00,10.032758988890162,2.620719111213013,0.09626491218754625,799.9983902686516,149.99919513432582,3.275898889016266,0.006551797778032532
2024-01-10 12:00:00,9.37797990642527,0.0,0.09457332656427692,799.4190740465115,149.70953702325573,0.0,0.12440401871494587
2024-01-10 12:15:00,8.725869965326167,0.0,0.08797683484496475,797.5549249958196,148.77746249790985,0.0,0.25482600693476654
2024-01-10 12:30:00,8.07922742506519,0.0,0.07895596313886824,794.4139423394217,147.20697116971084,0.0,0.384154514986962
2024-01-10 12:45:00,7.440827084030555,0.0,0.05805287305101632,790.009604302257,145.0048021511285,0.0,0.5118345831938891
2024-01-10 13:00:00,6.813408372629399,0.0,0.10218369473997077,784.36081027514,142.18040513756998,0.0,0.6373183254741202
2024-01-10 13:15:00,6.199663598157853,0.0,0.0624675521921535,777.4917997158659,138.74589985793298,0.0,0.7600672803684294
2024-01-10 13:30:00,5.6022263918804684,0.0,0.06746065156215164,769.4320481356194,134.7160240678097,0.0,0.8795547216239062
2024-01-10 13:45:00,5.023660407893196,0.0,0.10144338182321087,760.2161406170394,130.10807030851973,0.0,0.9952679184213608
2024-01-10 14:00:00,4.46644832226501,0.0,0.11740854283062915,749.8836234066827,124.94181170334134,0.0,1.106710335546998
2024-01-10 14:15:00,3.932981179662523,0.0,0.12467086184386739,738.4788342186855,119.23941710934278,0.0,1.2134037640674955
2024-01-10 14:30:00,3.4255481331730975,0.0,0.08910150277013082,726.0507119778631,113.02535598893154,0.0,1.3148903733653805
2024-01-10 14:45:00,2.946326621353375,0.0,0.13630339586851875,712.6525868185813,106.32629340929063,0.0,1.410734675729325
2024-01-10 15:00:00,2.4973730246543804,0.0,0.12512264987279276,698.3419512406157,99.17097562030786,0.0,1.500525395069124
2024-01-10 15:15:00,2.0806138413173247,0.0,0.10931658180939746,683.1802134038999,91.5901067019499,0.0,1.583877231736535
2024-01-10 15:30:00,1.697837420605051,0.0,0.1218041919138595,667.2324336208887,83.61621681044434,0.0,1.6604325158789899
2024-01-10 15:45:00,1.3506862888425513,0.0,0.12490712961605469,650.5670451771734,75.2835225885867,0.0,1.7298627422314898
2024-01-10 16:00:00,1.0406501011961762,0.0,0.1684490822967521,633.2555606784335,66.62778033921676,0.0,1.7918699797607647
2024-01-10 16:15:00,0.7690592494360455,0.0,0.14934805219862735,615.3722651837072,57.68613259185359,0.0,1.846188150112791
2024-01-10 16:30:00,0.5370791531112822,0.0,0.18787332284303299,596.9938974418861,48.49694872094306,0.0,1.8925841693777437
2024-01-10 16:45:00,0.3457052586351921,0.0,0.20123128273454804,578.1993205991607,39.09966029958037,0.0,1.9308589482729617
2024-01-10 17:00:00,0.1957587677395658,0.0,0.21996221580691078,559.0691837905333,29.534591895266647,0.0,1.9608482464520867
2024-01-10 17:15:00,0.08788311362801515,0.0,0.21488241171972078,539.6855760675018,19.84278803375089,0.0,1.9824233772743969
2024-01-10 17:30:00,0.022541199949030144,0.0,0.23768642507384746,520.1316741468974,10.065837073448666,0.0,1.995491760010194
2024-01-10 17:45:00,1.3414436899950033e-05,0.0,0.24181318987703507,500.4913854925194,0.24569274625968185,0.0,1.99999731711262
2024-01-10 18:00:00,0.020396425743992808,0.0,0.253773377895888,480.8489882610057,0.0,0.0,1.9959207148512015
2024-01-10 18:15:00,0.08360276862729954,0.0,0.22296632157975257,461.28876965709566,0.0,0.0,1.9832794462745402
2024-01-10 18:30:00,0.18936121926927463,0.0,0.2749676885036098,441.8946642499996,0.0,0.0,1.9621277561461452
2024-01-10 18:45:00,0.3372179591224054,0.0,0.2401742694778734,422.7498938030246,0.0,0.0,1.932556408175519
2024-01-10 19:00:00,0.5265385222833707,0.0,0.24842724520496345,403.9366101618445,0.0,0.0,1.8946922955433259
2024-01-10 19:15:00,0.7565105180404466,0.0,0.2798716446004542,385.5355427339444,0.0,0.0,1.8486978963919107
2024-01-10 19:30:00,1.026147116911451,0.0,0.2723646390688405,367.62565207180296,0.0,0.0,1.7947705766177098
2024-01-10 19:45:00,1.334291285213336,0.0,0.2999963867303464,350.2837910464474,0.0,0.0,1.7331417429573328
2024-01-10 20:00:00,1.6796207499927096,0.0,0.3133922183144751,333.5843750651906,0.0,0.0,1.664075850001458
2024-01-10 20:15:00,2.0606536730118554,0.0,0.29570671725181774,317.59906274877227,0.0,0.0,1.587869265397629
2024-01-10 20:30:00,2.47575500944334,0.0,0.3378110277114793,302.3964484381049,0.0,0.0,1.504848998111332
2024-01-10 20:45:00,2.9231435239870383,0.0,0.3149258029202591,288.0417678500726,0.0,0.0,1.4153712952025923
2024-01-10 21:00:00,3.4008994343029872,0.0,0.33206559505602773,274.59661814552237,0.0,0.0,1.3198201131394025
2024-01-10 21:15:00,3.9069726489614274,0.0,0.35990122141739067,262.1186936105598,0.0,0.0,1.2186054702077145
2024-01-10 21:30:00,4.439191564560291,0.0,0.3623228048921275,250.6615380854607,0.0,0.0,1.1121616870879418
2024-01-10 21:45:00,4.9952723842609315,0.0,0.36590492508457606,240.27431520345687,0.0,0.0,1.0009455231478137
2024-01-10 22:00:00,5.572828917755485,0.0,0.35995982208623145,231.00159742540478,0.0,0.0,0.8854342164489029
2024-01-10 22:15:00,6.169382820613354,0.0,0.3832678958763734,222.88317477553005,0.0,0.0,0.7661234358773293
2024-01-10 22:30:00,6.782374229068897,0.0,0.38084282177124934,215.95388409905001,0.0,0.0,0.6435251541862206
2024-01-10 22:45:00,7.409172744615569,0.0,0.3744032569970741,210.2434595742804,0.0,0.0,0.5181654510768863
2024-01-10 23:00:00,8.047088721270569,0.0,0.36748986127864,205.77640512074765,0.0,0.0,0.39058225574588623
2024-01-10 23:15:00,8.693384807075834,0.0,0.36718155494089727,202.57188925076747,0.0,0.0,0.2613230385848331
2024-01-10 23:30:00,9.345287690308751,0.0,0.38978839958573464,200.6436628157257,0.0,0.0,0.13094246193824977
2024-01-10 23:45:00,9.999999999999975,0.0,0.3636953305822545,200.0,0.0,0.0,4.898587196589413e-15
